humidity,gas_index,temperature,light,fan_rpm,status
62.8,1.1,25.6,9.7,1498.0,0
64.2,17.4,30.7,5.6,2012.0,1
49.4,7.3,27.6,14.1,1015.0,0
48.3,1.5,20.8,23.4,1017.0,2
72.6,9.1,21.8,11.0,796.0,1
56.3,1.6,24.4,23.2,1137.0,0
47.8,7.2,25.1,8.7,950.0,0
40.3,3.4,28.5,14.4,2176.0,1
63.9,3.7,26.6,7.7,586.0,0
51.4,2.4,25.7,16.7,1336.0,0
59.1,15.9,29.2,9.2,1020.0,1
62.3,33.8,24.0,5.2,368.0,2
44.9,5.5,28.8,30.9,1765.0,1
52.8,3.6,24.6,14.3,1095.0,0
54.1,7.5,30.1,8.6,1656.0,1
73.5,3.9,27.1,28.1,1752.0,1
56.0,14.2,28.5,14.4,0.0,1
59.3,12.8,25.3,17.3,1100.0,0
66.0,2.4,24.5,29.1,846.0,0
66.6,16.0,26.3,29.2,1414.0,1
50.3,21.9,25.0,29.5,899.0,1
52.2,4.8,26.0,17.5,518.0,0
53.1,11.3,23.6,20.6,1079.0,1
54.1,2.0,26.8,33.9,1452.0,0
55.7,6.5,25.9,6.5,291.0,1
58.6,2.7,25.4,9.3,2482.0,0
64.5,5.5,28.3,16.0,1821.0,1
81.3,22.7,27.8,7.7,795.0,2
56.2,0.2,24.3,25.3,755.0,0
55.8,1.9,21.3,24.4,998.0,1
45.6,26.6,30.6,32.7,790.0,2
40.2,7.4,28.4,29.5,1089.0,1
58.1,8.6,26.6,15.2,446.0,1
58.6,9.2,27.6,31.6,1641.0,0
58.5,1.9,26.7,5.2,910.0,0
60.7,2.8,31.6,24.6,893.0,2
68.9,24.8,28.4,24.5,763.0,2
77.8,5.5,28.5,7.8,840.0,1
54.1,12.4,23.6,31.8,805.0,1
72.4,4.8,26.0,22.3,1421.0,1
42.1,19.7,23.4,33.2,1563.0,1
63.6,17.7,25.3,5.5,1491.0,1
44.8,2.6,25.8,30.5,1487.0,0
40.1,23.8,26.6,33.1,493.0,2
55.7,16.7,26.5,31.3,808.0,1
67.6,5.1,29.2,15.8,679.0,1
61.2,7.0,27.5,28.9,1508.0,0
62.8,1.6,28.9,31.7,2500.0,1
49.2,9.1,25.3,19.0,864.0,0
35.6,0.3,28.1,5.9,1291.0,1
55.8,2.4,29.3,28.1,1014.0,1
57.6,10.7,23.8,6.6,711.0,1
30.7,1.4,27.9,28.9,2322.0,2
53.6,24.5,23.6,5.8,1343.0,2
40.6,1.9,28.6,9.7,1502.0,1
59.9,3.0,31.3,24.8,1083.0,2
36.8,6.1,29.1,15.7,2311.0,1
64.3,1.0,27.3,19.2,1008.0,0
52.0,19.1,22.9,17.0,0.0,1
56.6,15.7,24.7,16.2,626.0,1
43.2,5.6,26.0,7.1,1832.0,0
50.4,5.8,26.2,33.2,1481.0,0
80.6,2.4,22.3,33.2,2043.0,1
47.5,7.7,26.8,7.1,274.0,1
59.3,22.0,28.5,23.9,955.0,1
62.6,2.2,28.4,13.5,904.0,1
54.7,9.2,27.8,16.2,1624.0,0
52.6,4.3,27.6,30.8,1309.0,0
70.7,13.6,28.4,14.6,1663.0,1
53.4,6.8,27.0,33.5,1261.0,0
42.9,16.6,32.3,25.2,841.0,2
62.5,10.6,27.9,7.7,643.0,0
66.7,1.0,24.0,15.5,1288.0,1
48.2,0.9,27.2,23.5,1176.0,0
49.3,31.4,24.5,7.5,1372.0,2
38.1,21.5,21.7,29.4,1366.0,1
58.7,26.6,25.4,17.7,891.0,2
43.0,3.2,25.9,5.3,1988.0,0
61.2,3.3,23.5,33.9,1411.0,1
50.2,16.4,28.1,11.7,2016.0,1
56.2,5.4,26.0,34.1,1362.0,0
66.5,11.4,30.4,18.6,863.0,1
81.3,1.2,26.6,13.3,1686.0,1
48.7,1.0,19.6,22.5,846.0,2
66.4,1.2,31.6,25.5,1421.0,2
77.0,20.9,22.0,33.0,962.0,1
34.4,10.0,24.6,34.1,1840.0,2
69.9,1.7,25.7,17.4,1927.0,1
49.6,1.1,26.1,18.5,1253.0,0
61.2,7.1,26.4,11.9,1561.0,0
59.0,29.6,29.8,20.6,483.0,2
55.8,9.4,29.5,21.6,876.0,1
62.7,2.1,28.9,26.1,1126.0,1
33.9,3.0,29.2,16.8,1934.0,2
73.0,8.7,28.2,16.9,1115.0,1
54.3,30.4,20.9,18.8,1287.0,2
39.3,2.8,25.7,7.3,216.0,1
43.7,2.7,27.1,10.5,1585.0,0
43.2,0.3,28.9,10.8,1219.0,1
45.5,0.6,24.4,10.3,1502.0,0
48.4,9.8,22.9,20.1,1196.0,1
57.6,39.0,23.9,31.2,651.0,2
62.4,2.0,25.3,10.5,1194.0,0
27.4,2.8,25.2,23.5,1629.0,2
61.9,3.7,25.3,20.4,2072.0,0
43.5,2.0,25.6,21.0,1406.0,0
47.2,25.4,21.7,8.6,872.0,2
65.6,9.7,31.1,28.7,709.0,2
73.3,1.1,23.4,17.9,1289.0,1
38.4,5.6,23.4,24.4,1519.0,1
47.2,6.1,27.7,10.6,551.0,0
45.0,40.1,26.1,17.3,1006.0,2
48.1,9.8,23.3,10.1,1131.0,1
64.0,2.0,26.3,22.1,1628.0,0
45.8,3.0,27.7,20.2,919.0,0
44.1,17.4,26.8,13.7,348.0,1
47.2,1.2,22.4,15.1,1217.0,1
48.1,9.0,29.0,12.6,1274.0,1
25.3,17.5,30.3,15.5,1515.0,2
47.8,2.3,27.1,33.2,852.0,0
69.0,12.3,25.5,9.2,1293.0,1
49.8,12.2,24.5,9.9,1377.0,0
65.5,12.2,32.2,16.8,1395.0,2
42.9,3.3,19.9,18.9,1087.0,2
58.9,6.2,31.0,16.5,1259.0,2
64.3,24.6,26.7,8.5,1140.0,2
59.1,14.9,29.4,23.6,511.0,1
58.0,3.6,26.5,9.6,1042.0,0
55.9,12.6,23.4,27.9,1665.0,1
48.9,18.5,29.1,8.3,1011.0,1
49.7,11.5,23.1,11.9,1115.0,1
71.3,5.4,28.6,25.8,1439.0,1
33.7,34.1,22.3,18.9,863.0,2
41.5,4.7,26.8,20.2,1998.0,0
60.8,1.3,28.2,26.2,1305.0,1
71.1,9.8,31.6,17.7,1362.0,2
55.7,6.7,25.6,22.7,755.0,0
49.9,0.0,25.5,29.1,1797.0,0
64.9,5.7,21.0,15.4,744.0,1
75.0,4.7,25.0,11.7,1287.0,1
22.6,4.0,25.2,32.4,1127.0,2
68.5,8.9,31.5,5.4,1223.0,2
85.9,12.4,22.7,7.0,1116.0,1
53.3,1.7,26.6,11.2,1280.0,0
46.4,4.9,24.4,28.3,1234.0,0
68.1,6.3,18.0,17.0,1303.0,2
38.1,4.9,24.9,24.3,1079.0,0
70.3,2.9,28.8,5.8,861.0,1
48.7,1.7,22.6,24.6,1611.0,1
50.5,13.0,25.3,26.7,1495.0,0
42.0,21.2,29.5,13.8,1070.0,1
40.0,14.3,27.0,17.6,1558.0,1
46.5,3.2,29.1,22.7,989.0,1
76.1,10.5,22.2,21.6,546.0,1
48.5,4.9,25.7,31.1,1356.0,0
56.8,0.2,26.3,17.8,1450.0,0
38.8,12.8,20.9,9.2,1404.0,2
59.2,2.0,26.1,10.2,1622.0,0
59.9,13.1,23.1,24.5,1348.0,1
66.8,21.9,26.8,23.0,399.0,1
47.5,26.8,22.2,10.0,330.0,2
45.9,3.9,26.6,12.4,1263.0,0
43.3,8.2,21.9,22.0,788.0,1
57.2,1.4,27.5,27.0,1777.0,0
85.7,15.3,26.4,15.0,962.0,1
76.2,4.7,25.9,25.7,1202.0,1
62.6,5.6,24.3,13.2,1604.0,0
52.0,0.8,23.8,32.5,1736.0,1
57.1,10.9,27.9,31.2,1213.0,0
68.0,32.5,27.7,25.8,582.0,2
60.2,6.9,21.0,10.4,1215.0,1
67.6,26.2,22.8,32.7,1354.0,2
55.3,14.4,28.0,14.6,1230.0,1
49.5,1.0,26.3,11.9,1265.0,0
70.1,2.8,24.6,7.0,1361.0,1
57.4,12.2,30.3,14.6,803.0,1
56.0,11.6,28.7,33.2,1384.0,1
71.9,5.5,24.4,19.4,1783.0,1
74.0,1.1,30.4,12.2,1027.0,1
44.0,2.7,22.0,13.9,989.0,1
73.6,24.3,26.7,11.5,1233.0,2
52.4,8.4,29.0,33.3,751.0,1
57.0,10.4,27.1,23.2,689.0,0
48.6,1.4,24.1,11.6,1496.0,0
72.0,1.8,29.6,25.9,931.0,1
62.6,8.0,24.3,11.7,965.0,0
47.6,15.4,31.4,31.7,2024.0,2
59.0,7.6,26.9,24.7,1056.0,0
38.4,5.9,23.6,26.7,1162.0,1
57.7,7.7,24.4,30.5,885.0,0
49.1,3.3,24.4,25.3,2500.0,0
50.7,6.1,27.8,28.9,1772.0,0
67.8,8.4,27.5,23.6,1660.0,0
56.8,7.4,25.5,15.1,1835.0,0
55.3,2.4,24.8,5.2,1434.0,0
55.6,1.6,26.6,24.0,1889.0,0
51.3,5.0,32.5,27.8,1573.0,2
58.3,19.8,25.7,24.0,1360.0,1
67.9,8.5,26.6,7.0,1027.0,0
36.7,27.9,29.6,6.4,737.0,2
73.8,6.1,27.1,25.5,971.0,1
28.6,13.0,21.7,9.9,1217.0,2
57.9,4.3,28.1,24.6,739.0,1
53.8,10.5,28.0,17.6,968.0,0
54.5,5.2,23.9,31.8,487.0,1
72.3,4.7,22.2,30.9,1372.0,1
61.8,6.9,27.4,27.8,1421.0,0
63.5,4.5,26.6,28.9,1474.0,0
54.5,9.6,31.4,6.9,912.0,2
47.2,11.4,28.5,14.3,535.0,1
36.0,19.2,18.7,25.8,1024.0,2
54.4,26.5,23.1,12.3,1630.0,2
73.0,0.1,22.5,21.8,1248.0,1
30.5,2.6,26.6,7.6,1689.0,2
76.6,3.0,25.2,29.0,749.0,1
66.1,17.5,30.2,5.9,1570.0,1
63.4,12.6,24.1,26.4,1280.0,0
48.6,15.6,29.1,7.4,1447.0,1
79.9,6.9,26.6,20.8,1909.0,1
49.2,2.7,24.0,31.2,905.0,0
54.7,8.4,24.3,21.7,1511.0,0
56.4,4.9,26.1,11.0,2321.0,0
59.8,4.9,21.0,27.3,1121.0,2
37.4,0.3,22.3,34.6,1574.0,1
75.2,15.2,29.1,19.6,1362.0,1
65.6,8.8,25.5,13.3,1021.0,0
47.5,12.1,30.1,26.5,1988.0,1
46.9,1.4,24.3,34.1,1448.0,0
61.5,5.8,29.5,18.4,1237.0,1
34.1,4.7,29.4,9.9,1065.0,2
49.4,10.0,29.5,34.1,603.0,1
39.6,12.4,26.2,15.1,1423.0,0
73.0,3.7,24.7,10.0,472.0,1
79.9,9.8,25.0,30.3,1675.0,1
51.9,0.3,26.7,13.1,1765.0,0
55.6,1.1,28.2,6.2,1152.0,1
55.9,1.0,25.8,6.2,1616.0,0
59.2,14.5,28.7,18.6,251.0,1
68.3,4.9,25.6,11.1,2294.0,1
78.0,2.7,24.1,31.0,730.0,1
56.8,5.7,27.5,19.9,1685.0,0
67.6,18.7,26.6,5.9,1432.0,1
62.7,5.8,29.6,16.8,1803.0,1
45.9,0.7,26.9,35.0,678.0,0
58.9,11.0,27.0,22.0,1218.0,0
66.6,7.5,25.3,14.8,1461.0,0
51.4,0.8,28.1,29.5,1549.0,1
55.2,2.4,25.5,14.7,1938.0,0
43.1,2.3,23.5,12.1,2047.0,1
67.1,12.5,30.9,23.6,173.0,1
25.0,2.4,25.0,5.8,1741.0,2
35.3,3.2,21.8,22.4,2395.0,1
62.1,0.1,27.7,33.7,1942.0,0
58.4,15.6,28.3,12.3,1677.0,1
34.7,4.2,25.2,13.5,873.0,2
71.7,7.8,26.5,14.3,1201.0,1
43.2,15.1,28.8,10.4,755.0,1
39.0,1.0,26.3,26.3,1138.0,0
54.8,16.0,27.3,29.2,454.0,1
49.8,6.0,26.4,33.5,1526.0,0
46.6,4.2,26.1,23.3,1274.0,0
46.7,3.5,22.3,28.4,919.0,1
46.9,5.5,29.7,23.7,1103.0,1
58.7,14.3,22.4,27.1,1389.0,1
55.5,6.8,25.6,23.2,1157.0,0
38.6,5.8,24.3,22.8,1176.0,0
75.1,50.0,30.9,25.8,848.0,2
74.5,0.9,27.7,13.2,973.0,1
47.2,7.6,23.0,7.1,959.0,1
36.3,16.5,26.7,31.4,638.0,1
69.7,21.7,27.1,34.8,253.0,1
60.0,1.0,31.0,19.0,645.0,2
61.5,5.0,26.2,11.0,1529.0,0
44.2,5.4,25.7,27.7,790.0,0
41.9,14.6,27.8,34.8,1796.0,1
56.7,8.9,29.6,20.6,1092.0,1
56.6,9.2,25.1,28.5,1346.0,0
39.0,23.5,23.6,7.6,1174.0,2
41.8,14.5,27.5,23.0,332.0,1
65.1,38.1,26.0,34.8,174.0,2
66.0,12.7,25.7,31.0,1291.0,0
66.9,4.7,24.0,7.4,1105.0,1
55.3,11.4,23.3,24.2,1518.0,1
64.8,11.6,25.9,23.2,1245.0,0
42.2,0.6,22.1,16.0,1255.0,1
61.4,5.2,26.2,34.0,1097.0,0
43.7,1.9,20.1,24.2,1282.0,2
69.6,0.5,30.6,9.6,1178.0,1
56.8,2.4,30.5,34.5,1143.0,1
51.4,0.6,24.2,25.8,1081.0,0
60.2,7.4,26.0,14.2,1330.0,0
66.2,11.8,18.3,8.9,1845.0,2
41.0,23.3,25.3,29.8,567.0,2
23.9,6.0,24.3,5.6,349.0,2
37.3,2.8,27.2,5.4,977.0,0
62.0,5.9,26.0,8.3,1342.0,0
54.7,2.1,25.5,9.5,1848.0,0
75.5,6.4,25.5,16.3,783.0,1
47.0,2.9,25.4,25.6,1986.0,0
49.1,13.1,28.0,6.2,1770.0,1
63.9,4.1,24.2,24.1,2329.0,0
46.0,9.6,26.1,9.5,1400.0,0
50.6,0.1,26.4,7.1,2257.0,0
43.3,11.1,22.0,15.5,1342.0,1
69.2,0.3,27.6,13.0,727.0,1
45.9,3.0,29.0,23.7,1609.0,1
70.9,6.9,25.2,24.3,1089.0,1
66.1,6.0,24.1,34.4,1528.0,0
61.5,2.0,27.5,8.8,2014.0,0
31.4,5.3,22.9,18.2,1786.0,2
58.7,14.9,25.2,13.6,1139.0,1
58.4,3.7,25.5,27.7,1658.0,0
63.0,5.3,28.2,10.3,1495.0,1
47.2,1.3,27.2,29.5,1837.0,0
58.7,3.8,26.1,22.7,1869.0,0
33.9,9.8,27.7,25.7,2101.0,2
53.3,1.5,28.0,5.3,1895.0,1
44.8,3.6,25.4,29.0,638.0,0
40.6,7.3,27.2,15.7,2085.0,0
55.2,0.2,25.6,27.8,1472.0,0
53.5,1.9,27.9,14.8,858.0,0
50.5,3.1,28.2,34.9,1460.0,1
57.7,2.5,24.8,16.7,2113.0,0
70.2,0.6,21.4,28.8,1716.0,1
48.2,8.5,33.7,22.4,974.0,2
69.5,12.2,32.2,25.3,1342.0,2
45.2,2.5,24.3,6.8,1639.0,0
66.5,5.8,28.1,28.7,1248.0,1
46.4,3.7,25.4,7.7,679.0,0
62.6,50.0,30.5,35.0,317.0,2
69.7,7.1,31.6,8.6,738.0,2
68.1,5.8,24.9,22.2,1541.0,1
56.7,28.1,22.6,14.0,1006.0,2
35.9,36.9,24.6,31.2,366.0,2
41.0,0.6,24.4,9.0,1507.0,0
76.3,26.2,25.9,18.1,0.0,2
43.0,11.3,27.4,27.5,949.0,0
52.6,2.0,25.7,12.9,1401.0,0
66.0,13.2,27.1,18.5,1137.0,0
46.0,0.8,25.9,6.0,848.0,0
63.8,21.8,28.7,5.7,38.0,1
61.2,0.5,26.2,33.1,1109.0,0
64.5,16.7,24.4,10.9,469.0,1
54.6,6.9,27.4,23.3,623.0,0
57.4,1.4,23.6,20.7,883.0,1
63.3,6.7,27.3,7.0,1824.0,0
42.1,34.8,26.3,10.0,836.0,2
65.8,10.6,27.3,18.9,0.0,1
55.2,3.9,32.2,29.2,1560.0,2
45.4,4.5,24.1,9.9,886.0,0
58.9,15.6,30.9,31.4,1311.0,1
36.2,13.2,25.1,34.5,1124.0,0
52.8,6.3,25.8,8.2,1692.0,0
68.8,13.4,24.7,28.3,2500.0,1
66.0,7.7,21.7,22.3,1307.0,1
70.4,8.3,24.7,32.5,916.0,1
47.3,15.9,23.5,30.7,1492.0,1
50.2,12.7,25.0,10.5,1765.0,0
79.8,27.7,27.3,7.5,772.0,2
71.9,7.6,26.1,34.0,716.0,1
52.8,0.2,27.3,9.9,719.0,0
86.1,12.7,29.6,26.6,1743.0,1
59.1,5.8,24.9,29.6,1347.0,0
68.7,15.6,23.0,19.1,1102.0,1
70.6,3.8,24.2,15.1,189.0,1
61.6,2.2,28.5,8.0,1239.0,1
74.4,9.2,23.2,24.5,1054.0,1
49.8,35.5,29.0,19.1,1089.0,2
40.9,0.9,27.0,25.6,798.0,0
51.9,9.8,26.8,11.8,1844.0,0
56.5,1.4,22.0,14.2,1686.0,1
57.2,6.5,27.5,31.1,2219.0,0
59.9,5.2,29.3,25.1,1567.0,1
43.3,17.7,25.6,18.8,1129.0,1
48.6,50.0,28.5,27.2,164.0,2
49.8,20.1,28.1,13.8,1205.0,1
43.8,2.0,27.8,29.9,1619.0,0
77.1,1.5,27.1,7.9,1793.0,1
64.6,2.9,25.1,13.9,1240.0,0
75.5,4.1,28.9,31.8,442.0,1
55.8,14.9,25.5,6.9,1198.0,1
57.9,13.1,23.2,7.8,1831.0,1
57.3,3.2,27.5,20.5,1738.0,0
33.0,5.3,24.0,28.2,1751.0,2
74.3,10.3,28.9,22.8,1181.0,1
35.8,2.5,26.2,8.1,1907.0,0
56.5,3.0,25.5,27.3,2335.0,0
57.3,2.9,24.1,12.6,1526.0,0
49.8,4.3,25.9,34.1,944.0,0
54.0,3.6,21.8,23.3,904.0,1
51.3,6.6,21.6,29.1,1291.0,1
56.4,5.8,20.4,33.0,874.0,2
51.2,15.3,23.7,20.2,1357.0,1
54.3,1.7,31.7,34.8,852.0,2
33.4,14.0,21.5,32.2,896.0,2
65.7,50.0,21.3,29.7,458.0,2
74.3,4.8,26.4,8.4,1008.0,1
46.4,3.2,19.5,8.6,1698.0,2
52.3,9.3,26.2,33.3,1184.0,0
71.9,0.1,22.7,22.8,925.0,1
66.4,0.8,26.7,26.7,1604.0,0
56.3,3.9,22.6,5.4,1394.0,1
48.4,6.9,20.4,8.7,1186.0,2
44.6,14.4,29.8,24.6,1296.0,1
40.7,16.8,31.3,14.2,927.0,2
52.0,11.4,30.2,29.7,1710.0,1
64.5,7.8,28.4,16.1,1183.0,1
68.5,3.7,29.1,16.2,376.0,1
51.3,0.4,25.4,9.6,697.0,0
71.7,0.5,29.9,15.2,1640.0,1
66.6,4.9,23.6,15.9,408.0,1
58.4,0.7,25.9,25.6,2058.0,0
61.6,0.4,26.0,16.5,1013.0,0
50.6,0.2,25.7,9.8,1253.0,0
61.7,27.9,30.8,8.5,1121.0,2
51.0,15.9,28.1,23.1,1102.0,1
36.1,1.4,27.3,21.2,1196.0,0
81.8,26.1,31.2,27.9,687.0,2
45.5,8.4,24.4,6.7,349.0,1
64.0,1.6,20.1,22.4,940.0,2
24.6,9.3,23.2,34.8,2287.0,2
78.5,2.0,29.3,23.6,1107.0,1
86.7,32.7,25.7,11.8,1017.0,2
60.6,40.8,26.8,21.0,499.0,2
58.2,14.9,24.8,13.3,1404.0,1
54.6,18.5,27.1,19.5,1078.0,1
44.1,9.8,29.8,27.9,363.0,1
92.7,21.7,19.6,22.3,923.0,2
61.3,25.6,26.9,22.2,1223.0,2
53.2,3.7,25.4,30.6,1573.0,0
62.9,4.2,17.2,5.6,1547.0,2
66.4,1.1,29.4,25.8,1347.0,1
47.5,41.3,21.9,11.3,764.0,2
61.2,0.1,28.9,13.8,1681.0,1
47.3,9.1,27.5,27.6,1613.0,0
63.5,6.5,29.6,30.4,1466.0,1
53.0,0.6,23.4,17.2,1237.0,1
51.3,33.6,23.6,29.2,878.0,2
55.0,24.6,26.6,28.8,303.0,2
45.8,3.9,21.2,12.0,841.0,1
51.8,6.1,25.4,11.8,1665.0,0
58.3,20.9,26.2,15.7,248.0,1
76.6,23.0,26.6,7.2,0.0,2
43.3,8.7,28.4,29.7,1869.0,1
59.7,3.9,34.3,13.1,1780.0,2
50.1,0.6,23.9,23.9,996.0,1
55.0,3.9,29.4,6.4,839.0,1
56.9,0.0,25.0,30.2,1245.0,0
47.1,1.9,23.4,15.8,1663.0,1
65.5,20.3,24.6,28.7,1098.0,1
59.7,6.9,25.6,7.7,1675.0,0
53.4,10.2,18.7,24.0,1198.0,2
56.1,0.6,29.7,13.9,1733.0,1
69.4,3.3,27.8,6.4,1349.0,1
37.7,3.7,27.8,11.3,1250.0,0
53.2,10.8,24.5,28.0,102.0,1
62.5,15.0,26.9,19.2,1413.0,1
42.1,5.1,28.0,23.2,681.0,1
44.6,3.5,23.3,24.3,1438.0,1
62.7,1.9,23.3,31.7,1813.0,1
55.5,18.5,25.5,13.0,978.0,1
43.1,6.9,25.3,19.8,749.0,0
54.8,3.0,28.4,33.9,2456.0,1
68.4,13.3,22.5,28.2,1119.0,1
63.1,2.1,26.1,8.6,1469.0,0
73.6,3.0,26.3,15.4,1546.0,1
57.1,4.6,26.2,28.4,1332.0,0
45.1,1.9,21.2,7.0,1372.0,1
52.9,26.4,21.1,6.7,1198.0,2
57.8,0.4,26.1,33.9,2081.0,0
50.5,24.5,24.2,23.7,620.0,2
58.0,9.3,22.7,29.3,1091.0,1
45.3,1.7,23.0,32.5,2040.0,1
54.1,1.0,29.0,26.2,621.0,1
35.7,13.7,32.3,20.0,832.0,2
50.7,4.6,25.4,29.2,1342.0,0
37.9,37.1,30.6,6.5,144.0,2
62.1,2.0,24.7,33.8,1117.0,0
79.3,19.5,27.4,7.2,451.0,1
55.2,3.1,27.3,27.7,568.0,0
63.6,0.8,25.4,25.0,2152.0,0
59.3,0.2,30.5,20.0,603.0,1
65.6,1.6,27.8,26.9,625.0,0
54.2,10.6,24.7,19.4,1024.0,0
63.9,0.4,24.1,34.8,1071.0,0
70.9,12.1,24.1,16.8,1159.0,1
46.8,8.9,29.0,21.9,317.0,1
63.8,15.2,22.4,10.7,1645.0,1
50.1,6.9,23.1,33.5,1257.0,1
36.2,8.9,31.9,20.5,1593.0,2
52.7,8.1,22.0,28.4,801.0,1
54.9,1.2,21.6,22.7,1711.0,1
23.7,10.7,24.7,29.3,1693.0,2
42.1,7.9,29.7,28.1,1349.0,1
48.9,29.0,27.0,8.8,361.0,2
55.4,2.1,24.0,34.2,1209.0,1
63.2,26.7,22.7,27.3,706.0,2
46.9,18.5,20.8,14.8,676.0,2
64.4,41.2,27.4,29.2,1018.0,2
72.1,9.6,24.2,22.7,1124.0,1
45.0,6.8,23.6,28.4,1293.0,1
37.0,8.3,28.0,13.9,1511.0,0
78.9,25.5,26.8,16.1,1058.0,2
65.7,2.5,27.6,26.4,2500.0,0
63.0,12.1,27.5,13.2,1365.0,0
41.8,26.3,24.3,15.1,1461.0,2
60.5,4.7,28.3,33.4,1470.0,1
50.4,6.4,22.7,28.6,2087.0,1
36.8,15.4,25.8,26.1,1103.0,1
55.6,6.6,27.5,6.6,1071.0,0
60.9,3.2,27.3,21.6,1599.0,0
44.6,20.8,24.6,13.7,987.0,1
63.2,10.0,27.9,22.2,1780.0,0
56.7,6.0,24.9,21.5,567.0,0
36.7,7.1,21.9,27.0,735.0,1
34.5,2.2,24.4,25.6,1806.0,2
56.9,8.5,24.4,25.1,1172.0,0
39.1,0.7,24.9,27.5,1501.0,0
59.1,9.5,23.1,7.0,768.0,1
43.9,9.9,25.3,27.1,1226.0,0
37.0,13.2,23.2,11.2,327.0,1
43.0,37.4,23.2,24.7,925.0,2
48.4,11.0,26.5,23.0,889.0,0
65.0,30.1,22.1,5.5,1114.0,2
64.8,1.9,22.6,14.4,1656.0,1
58.3,0.6,29.1,33.4,2019.0,1
59.7,7.5,27.0,26.0,1526.0,0
54.5,5.0,25.3,22.5,587.0,0
68.5,7.3,25.8,10.7,1536.0,1
52.9,12.7,25.9,7.8,1083.0,0
49.8,0.1,28.5,26.7,1184.0,1
71.6,5.5,31.2,24.1,447.0,2
58.5,0.1,26.8,27.2,999.0,0
46.7,2.5,23.6,13.1,1133.0,1
63.2,0.7,23.9,25.2,1216.0,1
60.7,3.9,27.5,33.0,1994.0,0
65.4,0.5,22.3,20.6,1491.0,1
52.5,4.6,28.0,22.5,1694.0,1
58.6,7.1,21.9,28.6,857.0,1
63.3,3.5,22.0,26.2,1611.0,1
48.4,0.1,23.7,18.3,2246.0,1
32.0,4.0,26.1,6.7,1680.0,2
39.9,1.7,30.3,9.8,1003.0,1
59.1,7.0,28.4,29.4,1657.0,1
42.0,7.1,24.2,20.5,1084.0,0
39.1,18.6,21.9,29.9,837.0,1
53.5,4.6,25.2,15.6,1524.0,0
44.8,4.9,25.3,21.6,1414.0,0
66.1,9.6,25.1,30.8,1434.0,0
41.4,7.5,32.2,9.8,1491.0,2
50.0,0.0,23.2,10.0,1528.0,1
66.0,1.6,28.9,20.4,1102.0,1
52.4,10.5,22.2,20.6,895.0,1
48.2,29.3,21.9,11.6,1096.0,2
36.0,6.8,32.3,21.2,1761.0,2
61.4,10.6,23.4,20.0,310.0,1
42.8,0.9,28.8,23.2,1414.0,1
50.1,1.8,23.3,25.8,1293.0,1
55.5,0.1,25.3,17.6,1679.0,0
41.7,22.2,33.9,23.9,526.0,2
59.5,4.8,31.3,30.3,1390.0,2
47.5,1.4,29.3,18.5,1445.0,1
69.8,2.7,25.8,32.1,850.0,1
28.0,0.7,28.5,34.0,1021.0,2
69.4,50.0,26.6,18.0,947.0,2
62.4,4.3,20.4,11.6,1004.0,2
47.7,11.4,25.4,26.7,938.0,0
41.3,0.1,28.0,19.5,147.0,1
46.2,5.7,28.0,28.0,1549.0,1
64.5,5.7,28.1,29.1,1291.0,1
71.8,1.5,23.4,10.1,1455.0,1
60.6,8.9,26.9,32.2,1599.0,0
57.3,0.8,29.2,24.0,2100.0,1
52.4,1.3,31.4,13.1,1721.0,2
50.6,10.0,23.6,32.2,705.0,1
73.2,19.7,23.3,29.7,547.0,1
41.9,11.0,28.6,33.2,921.0,1
44.3,7.0,22.5,10.7,1695.0,1
65.2,10.2,21.9,29.4,1482.0,1
62.0,18.9,23.9,7.7,634.0,1
59.2,14.7,20.1,6.2,746.0,2
51.4,7.9,28.0,31.6,468.0,1
60.6,0.7,26.9,7.0,1418.0,0
62.3,50.0,28.3,30.7,482.0,2
54.5,11.3,25.3,28.5,742.0,0
39.3,0.1,29.2,12.0,1183.0,1
59.6,6.3,30.0,21.9,1561.0,1
67.5,26.0,26.7,22.4,1795.0,2
45.2,8.5,30.7,11.9,1074.0,1
29.8,26.9,27.1,11.3,2016.0,2
47.9,7.2,28.7,18.6,1563.0,1
72.8,1.4,22.8,33.3,1312.0,1
67.1,0.8,26.0,13.3,2231.0,0
75.2,6.4,29.7,10.4,1921.0,1
51.0,6.7,24.4,5.6,2244.0,0
65.2,11.4,30.7,30.1,1421.0,1
24.6,6.7,27.7,9.6,1272.0,2
52.5,8.2,27.2,22.5,1102.0,0
54.1,9.2,25.5,7.5,1017.0,0
62.5,21.2,22.6,30.9,1024.0,1
65.7,0.2,23.6,34.9,1565.0,1
64.8,6.7,26.8,34.2,934.0,0
52.5,2.4,25.4,7.1,992.0,0
36.4,1.2,25.5,13.1,877.0,0
54.3,14.3,25.3,13.4,1122.0,1
42.5,0.9,22.4,12.0,1490.0,1
49.5,19.1,22.1,11.3,865.0,1
43.9,1.3,24.8,30.9,1341.0,0
61.9,1.2,23.5,29.1,1234.0,1
87.3,19.6,26.6,9.3,357.0,1
54.0,14.4,20.7,14.2,1202.0,2
47.4,15.5,25.6,18.8,833.0,1
60.8,3.6,28.4,14.4,2166.0,1
65.1,4.7,25.2,10.9,1434.0,0
70.0,16.1,31.1,15.8,1224.0,2
43.9,11.8,20.9,18.6,1219.0,2
77.8,9.2,25.1,19.7,1128.0,1
36.8,5.3,26.9,16.2,2063.0,0
47.9,1.5,22.7,11.6,1358.0,1
65.0,42.1,24.4,32.8,831.0,2
69.6,1.3,26.7,16.0,698.0,1
57.3,1.9,29.5,28.9,993.0,1
59.9,4.4,28.0,12.5,699.0,1
69.7,1.5,27.6,27.5,1096.0,1
54.6,0.8,24.2,32.6,206.0,1
47.0,30.1,23.2,12.1,795.0,2
47.7,11.2,19.6,19.6,131.0,2
71.7,1.3,24.4,29.8,1479.0,1
64.2,5.3,19.6,20.3,1321.0,2
75.7,1.3,19.7,30.2,1358.0,2
48.2,2.7,24.7,23.2,1227.0,0
41.4,3.5,24.8,29.0,1415.0,0
46.2,8.5,27.1,25.3,982.0,0
63.0,0.1,25.5,7.0,1629.0,0
46.4,0.2,29.9,15.4,1299.0,1
58.0,1.9,26.3,33.0,1623.0,0
65.4,10.6,29.0,33.4,2039.0,1
66.5,32.3,23.3,13.4,1022.0,2
47.8,1.8,30.4,18.3,1688.0,1
49.4,1.8,29.0,33.1,1135.0,1
58.9,21.9,25.4,9.5,1570.0,1
19.1,9.4,26.3,12.4,676.0,2
60.6,9.2,28.3,32.1,1853.0,1
76.0,10.7,23.2,17.1,2011.0,1
45.1,2.3,22.7,10.5,1818.0,1
51.9,14.0,29.7,8.6,946.0,1
32.1,11.4,26.8,22.9,340.0,2
56.3,10.9,28.7,15.3,1216.0,1
58.2,15.0,26.6,24.7,1522.0,1
43.5,9.3,21.0,5.3,1886.0,1
41.4,33.2,26.3,8.6,1189.0,2
62.2,4.4,30.5,6.0,2456.0,1
58.1,36.0,26.2,13.9,774.0,2
44.7,0.9,20.3,6.5,629.0,2
61.7,8.3,31.7,12.6,1043.0,2
49.3,11.1,29.2,29.6,582.0,1
48.0,1.5,21.8,11.3,606.0,1
21.0,1.4,21.4,30.2,1769.0,2
50.1,2.0,24.6,18.8,1850.0,0
60.4,0.2,26.6,20.9,1827.0,0
60.4,16.5,24.0,34.1,6.0,1
57.0,1.6,25.0,17.5,759.0,0
48.0,5.1,26.5,15.6,1555.0,0
51.0,6.9,29.5,29.4,1362.0,1
51.5,20.0,23.9,17.4,564.0,1
57.5,2.3,24.3,16.9,858.0,0
53.9,15.0,25.0,10.0,1409.0,1
58.9,13.3,21.5,20.1,985.0,1
39.8,5.6,28.1,27.6,1363.0,1
76.8,8.3,23.8,26.9,2101.0,1
69.4,3.5,25.3,17.9,1367.0,1
58.7,5.0,25.4,30.3,1320.0,0
33.2,6.3,26.4,6.2,274.0,2
60.0,2.6,25.7,26.9,1630.0,0
53.4,1.7,27.8,28.5,1771.0,0
67.8,0.8,30.9,25.6,1540.0,1
60.4,2.9,27.7,17.5,603.0,0
40.5,45.6,25.1,27.7,315.0,2
67.6,2.3,23.7,9.9,1153.0,1
50.7,2.6,27.5,32.8,2078.0,0
55.9,31.0,30.0,5.3,295.0,2
54.5,4.9,25.7,22.7,1044.0,0
66.4,18.5,27.3,13.1,1271.0,1
29.5,7.5,28.5,6.5,739.0,2
46.5,18.2,27.4,29.5,1466.0,1
44.2,22.9,25.7,15.1,894.0,2
42.5,3.5,24.9,20.9,0.0,1
58.8,3.3,30.0,27.8,434.0,1
41.1,0.6,23.9,25.4,1020.0,1
50.0,4.3,25.7,25.9,374.0,1
43.0,4.7,28.3,17.3,591.0,1
61.2,19.9,28.9,25.2,874.0,1
45.6,4.5,25.0,25.1,698.0,0
77.0,1.8,28.7,31.0,1915.0,1
36.6,3.5,24.1,14.9,2391.0,0
60.2,23.4,24.9,33.0,310.0,2
43.6,2.1,29.8,28.0,1361.0,1
60.4,12.4,28.7,14.7,912.0,1
63.8,1.5,30.6,17.9,2084.0,1
63.7,1.2,23.8,25.8,2141.0,1
58.4,0.2,28.1,30.5,1935.0,1
70.0,35.0,23.5,19.4,756.0,2
42.1,1.8,19.9,21.4,1041.0,2
39.9,0.2,29.0,34.0,2206.0,1
55.1,0.7,28.8,7.1,1342.0,1
67.7,2.1,21.0,32.5,2500.0,2
57.7,15.7,23.8,25.9,1471.0,1
67.7,50.0,27.9,25.4,321.0,2
69.2,0.2,23.9,22.8,809.0,1
69.1,4.1,23.3,25.0,1968.0,1
57.8,6.3,24.9,8.1,811.0,0
63.7,0.0,28.6,8.5,1573.0,1
69.0,10.5,30.1,33.7,792.0,1
55.4,3.6,23.4,21.5,1317.0,1
51.0,2.0,30.5,14.4,469.0,1
25.1,47.4,30.3,31.2,1144.0,2
40.5,5.9,27.0,17.1,1888.0,0
68.6,14.0,22.5,9.0,712.0,1
68.2,15.2,22.9,27.6,1358.0,1
55.0,1.2,31.3,23.6,1781.0,2
50.7,14.4,23.0,8.8,2293.0,1
43.2,5.3,25.8,22.6,1458.0,0
36.4,12.7,23.3,24.1,1348.0,1
47.9,2.1,26.0,25.7,1379.0,0
74.1,6.0,21.4,15.9,1707.0,1
53.2,5.3,21.9,26.1,1537.0,1
42.7,3.1,25.3,25.3,1603.0,0
74.1,14.6,25.1,17.4,1865.0,1
60.1,0.6,25.0,16.3,990.0,0
29.5,8.3,26.2,9.9,1289.0,2
33.5,8.7,20.9,24.8,673.0,2
57.1,49.3,24.4,29.4,572.0,2
54.1,6.0,26.4,23.1,1450.0,0
42.7,7.6,21.0,8.8,652.0,2
81.0,5.7,23.8,31.2,1503.0,1
48.2,0.4,29.3,21.2,1845.0,1
36.1,1.0,26.4,9.3,1681.0,0
38.4,33.1,31.9,7.4,849.0,2
82.3,10.2,30.5,29.9,1503.0,2
53.8,19.9,26.6,8.7,1048.0,1
63.2,4.5,18.4,25.2,1468.0,2
50.2,7.9,24.0,18.2,1313.0,1
65.1,2.5,25.6,16.5,975.0,0
54.1,12.9,24.2,29.6,1354.0,0
58.0,20.0,29.2,29.8,362.0,1
71.2,16.3,27.4,17.4,1942.0,1
61.9,0.9,28.7,22.1,2386.0,1
47.6,12.1,26.4,27.9,612.0,0
53.7,1.3,22.6,9.9,1598.0,1
39.9,6.0,24.6,6.5,848.0,0
68.1,14.1,32.2,9.4,0.0,2
77.8,7.7,31.1,31.3,1062.0,2
50.1,13.8,22.0,33.4,1338.0,1
52.4,1.0,24.6,10.1,1316.0,0
46.4,9.0,22.8,34.7,1276.0,1
29.7,0.1,28.9,7.3,608.0,2
51.4,0.1,30.2,17.5,1827.0,1
48.8,50.0,23.0,8.0,0.0,2
43.9,0.5,28.0,12.1,2015.0,0
48.6,15.8,27.5,25.3,451.0,1
52.8,9.2,25.9,15.5,1658.0,0
55.6,4.8,26.1,11.7,1072.0,0
61.0,9.3,25.8,15.0,1411.0,0
34.0,16.6,31.1,30.0,983.0,2
70.4,8.6,27.3,17.1,852.0,1
74.5,3.5,23.1,9.0,142.0,1
52.6,4.6,22.5,17.6,959.0,1
77.3,2.8,30.5,9.8,2284.0,2
63.1,1.9,30.8,5.8,2298.0,1
72.4,14.1,27.0,12.8,844.0,1
63.2,0.7,26.9,19.6,1938.0,0
36.2,3.6,24.4,23.0,1983.0,0
62.7,12.8,25.9,10.2,330.0,1
45.9,4.0,26.7,21.5,1312.0,0
57.7,5.3,26.2,31.7,1729.0,0
70.7,13.7,25.1,27.5,1787.0,1
45.0,5.9,26.9,12.4,615.0,0
71.0,10.3,32.4,17.8,931.0,2
46.7,13.0,22.1,17.0,1286.0,1
62.2,0.3,29.2,33.0,791.0,1
70.1,24.1,21.6,33.0,2402.0,2
67.1,0.3,23.1,31.4,1823.0,1
45.1,13.8,25.3,9.1,1418.0,0
55.0,15.9,32.1,12.2,890.0,2
38.8,12.1,29.2,34.3,860.0,1
59.7,13.9,25.5,28.5,1042.0,0
69.3,3.1,25.1,22.3,757.0,1
55.6,6.1,20.1,17.8,1697.0,2
36.5,18.4,28.3,11.0,833.0,1
63.9,24.3,25.3,27.5,934.0,2
53.5,0.6,27.1,15.2,1080.0,0
54.6,2.6,23.0,12.5,1479.0,1
64.4,10.5,26.6,30.7,1379.0,0
45.1,11.1,27.3,33.4,1034.0,0
56.9,3.0,19.7,8.6,1254.0,2
58.7,12.9,27.1,9.1,2356.0,0
63.8,2.0,22.2,33.4,1846.0,1
65.5,1.9,29.1,25.3,1545.0,1
55.9,15.5,26.2,19.3,1218.0,1
50.3,6.8,22.6,30.1,1175.0,1
84.8,11.4,23.4,18.8,1552.0,1
65.1,13.2,27.6,8.2,1382.0,0
65.5,0.6,29.2,26.8,1859.0,1
52.3,29.8,28.8,6.4,1092.0,2
44.0,2.0,30.4,33.3,1783.0,1
71.2,0.1,24.4,9.2,832.0,1
37.8,5.0,26.1,15.3,1462.0,0
53.1,12.0,29.0,20.2,592.0,1
66.9,4.7,25.7,17.5,1159.0,0
62.0,5.0,24.1,29.6,2102.0,0
65.3,6.0,19.1,20.4,650.0,2
53.5,0.7,28.4,15.4,836.0,1
46.4,0.7,22.0,8.6,1065.0,1
57.0,0.8,27.0,17.9,1511.0,0
72.1,2.3,26.5,26.6,161.0,1
49.6,11.5,29.8,15.2,513.0,1
58.3,33.3,32.1,19.5,1302.0,2
64.9,39.1,23.6,21.2,1239.0,2
63.0,23.1,29.9,15.1,762.0,2
45.9,2.1,23.7,7.0,974.0,1
33.0,47.1,27.4,31.3,364.0,2
54.0,48.2,19.8,8.2,636.0,2
42.5,13.0,25.0,9.9,1175.0,0
44.4,1.1,26.9,8.7,664.0,0
62.0,14.4,29.9,10.1,1341.0,1
51.1,26.2,26.0,28.1,1044.0,2
43.1,4.3,26.6,16.3,1168.0,0
56.9,2.5,22.3,25.7,742.0,1
62.9,1.3,20.1,24.4,1267.0,2
56.2,3.2,23.4,16.3,1655.0,1
50.2,1.4,25.6,33.4,1059.0,0
58.2,7.3,24.8,34.4,658.0,0
40.9,30.4,29.5,9.4,915.0,2
60.8,2.7,29.5,7.1,1494.0,1
43.4,9.5,21.7,22.9,1768.0,1
51.3,2.6,23.1,10.9,1051.0,1
74.3,10.0,21.9,15.9,1739.0,1
37.8,1.2,25.6,29.0,1664.0,0
50.6,1.5,22.7,23.3,1898.0,1
52.7,3.0,23.8,9.4,1174.0,1
50.5,1.4,25.4,32.8,1246.0,0
74.8,9.1,27.0,31.5,886.0,1
41.8,7.5,26.5,27.8,555.0,0
57.9,5.8,28.9,6.5,512.0,1
58.6,8.4,25.4,17.7,484.0,1
61.4,3.2,25.8,19.7,1338.0,0
63.3,4.3,28.5,15.3,1322.0,1
67.0,18.4,24.8,28.8,1541.0,1
60.2,0.3,28.1,16.9,1947.0,1
43.7,9.6,31.0,18.5,1440.0,2
62.0,1.2,21.8,21.4,1913.0,1
44.9,2.8,29.0,19.5,882.0,1
66.4,10.2,27.6,20.8,1206.0,0
35.7,1.9,25.0,8.7,1220.0,0
40.8,5.3,27.4,26.8,1730.0,0
64.1,6.4,28.7,34.3,1336.0,1
50.8,4.9,22.0,29.5,1875.0,1
26.3,4.8,24.2,30.6,864.0,2
51.6,8.1,27.3,10.0,1519.0,0
61.8,3.9,32.6,10.9,610.0,2
68.4,4.7,25.3,25.0,1204.0,1
64.2,0.4,26.1,12.8,1343.0,0
58.7,9.7,27.1,21.9,946.0,0
41.8,50.0,24.8,23.5,305.0,2
61.1,7.7,26.6,10.8,1428.0,0
74.7,3.8,30.1,19.7,1974.0,1
61.6,0.6,19.8,10.6,1371.0,2
45.7,3.3,31.8,18.1,976.0,2
30.2,0.7,28.3,27.1,262.0,2
51.2,0.1,19.8,32.6,1264.0,2
44.6,3.5,27.1,34.2,2072.0,0
62.1,4.5,21.9,19.5,1234.0,1
55.3,0.6,27.9,28.1,1006.0,0
57.4,1.0,23.0,6.1,547.0,1
49.2,0.3,24.3,17.7,1210.0,0
37.9,2.5,32.5,22.1,1598.0,2
45.6,37.2,25.0,28.0,911.0,2
64.6,8.9,30.8,13.6,1120.0,1
45.3,38.3,17.5,14.5,674.0,2
46.7,5.5,25.9,32.4,1728.0,0
66.2,14.5,26.9,21.8,442.0,1
59.7,0.8,25.7,23.1,1042.0,0
42.8,9.8,26.6,22.5,1480.0,0
52.2,17.0,28.9,24.5,1353.0,1
43.1,18.4,27.0,32.3,775.0,1
67.6,15.1,22.4,10.5,934.0,1
49.6,12.6,25.6,14.8,481.0,1
51.3,11.2,24.8,11.1,1307.0,0
70.7,0.4,20.3,31.6,2089.0,2
56.0,15.6,28.6,16.6,1138.0,1
53.6,17.2,30.3,15.0,701.0,1
47.9,0.5,27.8,27.2,1361.0,0
71.2,9.5,23.7,34.3,500.0,1
71.3,1.2,25.1,31.1,1693.0,1
73.7,7.4,23.7,18.3,1823.0,1
32.3,8.8,25.3,10.0,485.0,2
66.5,9.6,25.6,9.6,946.0,0
76.6,3.9,23.4,26.0,1354.0,1
67.8,4.1,26.0,6.2,1128.0,0
59.1,12.8,25.8,20.1,1886.0,0
59.6,4.1,30.9,18.7,1559.0,1
53.9,0.6,27.2,25.9,1406.0,0
56.0,17.2,29.4,17.5,1220.0,1
49.3,0.6,27.6,21.7,877.0,0
51.8,2.9,27.4,30.7,1256.0,0
52.0,30.3,25.1,13.9,332.0,2
49.2,8.4,25.5,33.2,479.0,1
58.7,28.9,26.0,10.4,767.0,2
58.3,0.9,25.0,13.5,2157.0,0
59.3,9.4,24.6,19.0,995.0,0
59.7,7.4,25.8,18.0,1042.0,0
49.0,16.2,18.8,31.6,1382.0,2
18.9,17.7,21.3,13.4,1799.0,2
41.9,2.1,26.7,13.5,1536.0,0
60.9,2.9,24.1,12.8,1305.0,0
48.5,50.0,25.2,34.0,0.0,2
55.5,1.8,20.4,5.4,1649.0,2
49.2,35.2,31.6,27.0,1529.0,2
26.3,26.9,20.6,10.1,1412.0,2
69.1,1.5,26.0,23.1,1672.0,1
58.3,2.1,27.3,23.3,2184.0,0
61.1,3.4,24.2,16.5,1254.0,0
72.4,2.1,25.0,22.3,1968.0,1
63.4,5.8,24.2,11.7,1211.0,0
60.9,14.9,32.6,22.1,1332.0,2
41.9,7.2,26.6,31.0,1221.0,0
53.9,24.3,30.3,16.8,832.0,2
51.5,7.3,28.3,34.0,806.0,1
41.5,0.4,20.0,27.1,1395.0,2
48.7,2.2,25.6,15.6,1715.0,0
47.8,10.6,25.7,34.2,239.0,1
36.9,3.6,32.3,34.5,767.0,2
45.7,0.4,28.9,25.3,1830.0,1
62.3,13.6,30.5,11.3,1352.0,1
69.5,2.6,25.4,21.3,508.0,1
45.5,10.6,23.0,11.4,486.0,1
39.3,40.5,28.1,34.3,763.0,2
63.8,7.6,24.1,7.0,451.0,1
60.9,3.5,20.8,30.3,1272.0,2
68.5,8.4,22.6,6.8,1442.0,1
69.6,2.9,25.7,28.0,1240.0,1
65.8,18.2,24.2,18.4,712.0,1
64.1,8.8,22.5,9.7,1591.0,1
61.0,3.0,21.0,19.2,1350.0,1
78.4,0.3,26.6,20.6,1721.0,1
36.0,1.1,25.9,14.3,1763.0,0
52.0,50.0,26.1,9.0,232.0,2
63.6,29.9,27.2,8.2,414.0,2
58.7,5.6,28.0,30.0,1546.0,1
80.2,0.4,24.2,20.9,838.0,1
34.1,1.6,26.7,21.4,914.0,2
62.8,1.1,29.0,9.9,977.0,1
58.5,35.2,32.1,31.0,64.0,2
57.4,0.6,24.0,8.4,862.0,1
46.8,10.0,24.8,33.3,946.0,0
64.8,25.0,27.5,8.4,534.0,2
44.2,0.1,21.9,32.9,1670.0,1
66.3,47.7,29.2,30.1,768.0,2
44.4,27.1,29.2,24.5,1494.0,2
65.2,3.2,25.6,6.2,1424.0,0
47.0,4.2,28.6,17.8,1520.0,1
62.3,6.1,26.6,14.3,1219.0,0
71.4,11.7,19.3,24.9,1075.0,2
41.4,15.1,23.3,8.8,707.0,1
33.6,8.5,24.6,7.3,1301.0,2
63.4,36.5,24.3,17.6,135.0,2
38.7,22.4,27.5,8.1,1080.0,2
63.2,13.6,27.7,6.5,1362.0,0
44.5,17.5,23.7,27.7,282.0,1
49.0,0.5,24.5,10.5,1300.0,0
70.2,2.4,26.9,14.8,1825.0,1
62.9,9.5,21.3,5.8,1394.0,1
65.1,2.4,31.5,11.2,1844.0,2
60.0,5.4,28.6,33.9,1831.0,1
70.5,12.7,29.9,26.1,1412.0,1
64.1,2.5,24.6,24.2,1522.0,0
44.9,10.4,26.9,12.1,653.0,0
48.1,15.9,27.3,20.0,1527.0,1
47.9,6.2,23.1,25.5,1448.0,1
67.9,5.1,23.6,18.4,1021.0,1
36.0,4.0,21.9,32.5,771.0,1
58.2,23.7,28.1,10.1,1456.0,2
40.8,2.3,25.8,10.6,1579.0,0
44.0,0.9,25.5,28.9,1779.0,0
49.1,5.4,23.3,24.7,1424.0,1
68.7,1.7,29.5,23.9,1787.0,1
57.0,39.1,24.3,30.0,1223.0,2
44.5,22.7,27.5,25.2,1723.0,2
57.6,3.0,24.1,32.3,1621.0,0
78.3,3.4,22.9,18.1,1098.0,1
53.8,17.0,27.8,13.0,1435.0,1
65.1,10.4,30.2,12.7,1221.0,1
42.9,2.2,25.1,29.7,1210.0,0
75.6,0.8,22.8,22.9,1430.0,1
65.2,15.0,24.3,34.0,1646.0,1
55.2,50.0,30.4,9.1,635.0,2
64.7,1.0,25.1,16.3,952.0,0
76.8,44.7,22.5,10.0,958.0,2
57.5,7.1,28.5,32.9,967.0,1
69.3,17.4,25.4,26.3,758.0,1
47.6,7.5,22.8,15.8,1020.0,1
56.9,4.2,26.0,29.5,1348.0,0
52.4,6.8,29.9,23.1,1461.0,1
52.0,0.1,22.7,7.8,1719.0,1
63.2,6.5,27.5,14.6,1077.0,0
48.9,0.1,30.3,9.3,831.0,1
68.8,4.3,25.1,5.2,1278.0,1
75.7,5.3,24.6,27.0,0.0,1
47.0,12.4,29.8,23.8,1428.0,1
48.5,12.5,21.4,31.0,884.0,1
61.3,50.0,17.3,15.8,910.0,2
21.0,38.9,19.9,22.0,640.0,2
62.6,1.9,30.2,19.8,1137.0,1
52.2,2.0,21.1,32.4,2058.0,1
63.4,3.7,27.9,8.9,1273.0,0
45.4,6.5,26.7,18.4,2327.0,0
63.6,5.6,24.6,26.3,967.0,0
55.4,9.4,23.4,34.5,1171.0,1
60.8,8.0,21.1,12.4,1576.0,1
68.3,30.9,28.1,23.4,722.0,2
72.7,2.1,24.3,25.5,1134.0,1
43.6,3.0,23.6,17.3,900.0,1
66.4,1.4,26.7,9.4,1209.0,0
70.3,6.4,27.5,6.3,1513.0,1
63.0,39.0,21.7,17.0,754.0,2
49.2,14.8,30.2,19.5,1539.0,1
59.9,32.2,27.8,13.7,946.0,2
69.2,0.1,33.2,24.4,1428.0,2
67.1,4.8,26.3,5.4,1611.0,0
17.0,7.6,25.8,7.2,1509.0,2
40.7,0.9,26.1,24.4,2046.0,0
66.5,26.8,26.9,9.7,1225.0,2
38.6,19.9,26.1,29.1,855.0,1
60.0,8.7,26.0,18.6,1601.0,0
44.6,14.5,22.7,17.5,1319.0,1
50.1,1.1,25.3,31.2,1299.0,0
37.0,2.7,26.9,28.7,983.0,0
63.0,10.9,22.2,26.4,1890.0,1
40.8,18.9,26.7,26.0,753.0,1
43.3,24.5,26.0,29.4,1124.0,2
27.2,4.3,26.1,30.4,1573.0,2
16.9,10.9,22.7,30.4,1641.0,2
88.1,31.6,23.1,12.2,405.0,2
53.0,2.5,19.7,8.2,1097.0,2
53.2,0.3,26.8,14.2,1193.0,0
31.6,7.1,27.5,21.6,618.0,2
38.3,4.1,25.8,12.3,1504.0,0
62.8,0.2,23.8,26.3,896.0,1
64.1,6.9,24.7,11.1,1964.0,0
52.0,25.7,26.9,15.6,293.0,2
53.1,0.5,25.2,19.8,1564.0,0
57.9,6.8,25.8,32.7,1158.0,0
65.4,0.7,22.8,6.6,1712.0,1
62.4,5.4,27.8,20.3,657.0,0
71.2,0.8,23.7,21.2,1016.0,1
53.3,17.5,28.1,24.1,923.0,1
48.3,13.4,24.4,20.4,161.0,1
56.8,5.2,27.6,22.4,1490.0,0
56.6,2.1,28.8,9.6,1685.0,1
38.8,5.7,23.9,12.6,1179.0,1
56.8,13.5,25.9,6.6,1345.0,0
71.3,1.9,35.2,21.8,989.0,2
38.9,37.1,23.0,8.5,946.0,2
66.6,1.1,24.0,9.1,1466.0,1
44.8,10.6,30.1,12.3,1747.0,1
74.3,7.1,23.7,32.6,1488.0,1
48.2,1.6,22.3,19.9,839.0,1
41.6,13.7,20.9,28.2,1188.0,2
42.7,11.7,22.9,29.0,1054.0,1
41.2,9.3,24.5,8.2,1063.0,0
64.9,1.9,30.0,21.6,991.0,1
50.5,7.9,29.2,24.3,1329.0,1
62.0,7.7,26.9,10.0,2082.0,0
57.9,1.0,24.7,18.9,1957.0,0
73.4,1.3,19.4,30.1,1798.0,2
69.8,0.6,26.0,34.4,1811.0,1
62.0,4.6,21.8,7.0,1741.0,1
67.5,4.0,31.2,12.7,1147.0,2
57.9,11.8,27.3,27.9,1057.0,0
38.3,3.0,27.0,31.0,1877.0,0
51.2,3.1,27.5,33.6,1224.0,0
52.2,5.1,24.0,26.7,735.0,0
73.3,5.3,30.4,16.5,1103.0,1
38.5,13.7,21.6,20.8,1209.0,1
40.6,18.8,19.3,13.3,1445.0,2
74.6,0.2,27.7,24.4,1694.0,1
29.8,1.6,33.2,7.4,1346.0,2
61.8,0.3,25.7,19.0,1592.0,0
64.7,1.3,35.3,10.0,1606.0,2
51.0,12.5,20.6,12.4,826.0,2
46.2,22.1,27.5,13.2,1774.0,2
63.8,6.2,30.8,5.2,1179.0,1
29.7,8.7,24.5,33.4,1288.0,2
46.2,2.8,25.8,12.2,2271.0,0
42.6,7.4,22.3,20.1,2389.0,1
70.1,23.6,22.3,33.1,1030.0,2
63.6,1.8,27.6,5.8,1616.0,0
46.8,5.5,32.6,21.7,2447.0,2
53.0,7.9,20.9,27.5,1500.0,2
54.7,23.1,19.8,18.2,844.0,2
59.1,13.6,27.1,6.8,1615.0,0
41.5,25.4,22.4,20.4,1114.0,2
51.3,4.7,24.7,11.0,1181.0,0
52.5,4.0,28.2,27.9,1773.0,1
40.9,11.7,26.9,33.4,1240.0,0
36.3,24.9,27.8,26.6,1140.0,2
59.0,1.0,29.1,21.6,1271.0,1
42.2,0.1,26.3,13.1,1989.0,0
54.8,4.6,33.0,6.9,1728.0,2
46.5,1.4,20.5,32.2,1503.0,2
53.6,20.9,31.1,13.0,554.0,2
55.8,13.5,23.7,33.0,1077.0,1
58.0,14.7,27.5,26.4,1764.0,1
55.6,1.1,22.9,20.8,1289.0,1
54.5,4.8,33.6,33.5,1010.0,2
47.9,6.5,31.0,23.1,548.0,2
51.9,27.1,24.7,11.7,560.0,2
54.8,13.6,25.2,7.5,1215.0,0
60.2,11.5,26.3,6.6,1325.0,0
60.4,1.6,27.2,20.3,1672.0,0
46.7,1.4,28.2,28.8,1490.0,1
50.1,25.2,29.1,21.6,920.0,2
64.0,7.9,25.4,18.8,1188.0,0
48.6,2.2,27.6,34.0,1413.0,0
56.6,7.2,26.0,9.3,815.0,0
30.1,0.0,26.8,22.6,2500.0,2
49.0,18.8,28.9,27.6,1647.0,1
41.5,7.3,23.7,10.5,1175.0,1
61.6,5.2,23.0,16.6,1043.0,1
55.2,9.9,25.6,7.4,2151.0,0
52.6,6.2,24.7,16.1,1359.0,0
57.6,3.7,24.9,25.1,1434.0,0
61.7,3.9,25.9,18.6,932.0,0
51.0,3.3,29.1,27.5,954.0,1
56.8,8.4,24.5,21.0,1085.0,0
48.9,0.8,29.5,20.7,1635.0,1
52.9,11.1,22.8,31.1,1304.0,1
48.9,3.2,26.9,11.0,1450.0,0
52.3,3.6,26.0,19.6,2142.0,0
60.0,15.0,24.7,29.2,786.0,1
42.3,3.5,27.5,25.0,2154.0,0
69.4,7.9,21.8,32.2,1122.0,1
64.0,18.8,23.5,19.8,1199.0,1
36.3,14.4,24.2,32.0,1577.0,1
43.4,3.3,27.3,12.2,1660.0,0
41.4,3.6,23.5,9.0,981.0,1
70.0,28.3,32.1,31.8,436.0,2
45.2,1.6,29.6,9.6,860.0,1
39.0,4.2,24.4,21.7,1796.0,0
63.4,2.3,22.4,30.9,1612.0,1
45.7,4.8,22.2,28.7,515.0,1
62.2,10.5,29.1,21.9,1289.0,1
47.7,21.3,30.1,22.1,642.0,1
44.0,10.0,21.5,18.8,1705.0,1
63.4,2.0,28.3,8.0,1290.0,1
61.6,3.9,28.6,30.7,1389.0,1
45.9,0.7,23.4,28.2,1185.0,1
69.8,1.2,25.2,22.9,761.0,1
36.9,4.6,25.2,33.0,922.0,0
40.6,0.0,26.7,33.3,1140.0,0
57.4,0.4,26.6,25.4,1792.0,0
34.0,0.7,27.4,14.1,1245.0,2
45.7,2.4,29.6,9.9,1378.0,1
64.2,20.4,25.0,8.4,1001.0,1
34.6,8.4,27.3,27.1,723.0,2
28.6,3.9,25.2,20.1,969.0,2
57.0,2.3,27.1,29.8,1557.0,0
44.1,1.8,21.1,19.0,1831.0,1
55.7,1.0,26.3,6.7,1227.0,0
37.0,20.5,25.4,18.0,786.0,1
40.1,0.5,30.8,28.2,1006.0,1
54.2,39.2,22.7,12.1,687.0,2
85.9,23.0,28.2,34.3,1466.0,2
48.3,4.8,27.8,10.9,125.0,1
65.1,2.1,31.1,32.1,796.0,2
36.8,27.3,30.1,9.8,1262.0,2
46.6,45.9,19.5,11.8,585.0,2
56.8,3.0,26.3,5.6,1331.0,0
57.9,44.0,28.4,7.2,544.0,2
58.7,1.2,20.3,16.8,1617.0,2
44.8,2.7,26.3,23.6,1517.0,0
68.4,1.7,25.4,10.8,1253.0,1
46.5,7.2,28.6,14.7,868.0,1
40.9,4.5,24.3,9.5,1572.0,0
52.9,13.2,25.7,19.8,1713.0,0
33.7,1.4,23.7,11.9,1578.0,2
63.3,5.1,25.0,30.5,1304.0,0
54.3,2.6,27.0,11.0,944.0,0
64.1,6.4,24.4,23.5,825.0,0
38.1,0.4,27.0,23.5,1139.0,0
66.7,0.5,22.7,14.6,2102.0,1
52.6,3.3,22.9,33.4,1950.0,1
31.4,11.2,23.8,29.4,1795.0,2
56.5,11.6,25.0,22.0,1239.0,0
53.0,0.1,24.5,18.4,1063.0,0
68.2,5.5,24.6,21.2,2068.0,1
26.4,8.0,26.1,33.6,1291.0,2
50.4,2.8,23.9,30.3,1623.0,1
60.2,5.0,32.2,6.8,1061.0,2
74.2,28.7,19.4,27.5,612.0,2
49.2,4.8,21.9,17.9,1333.0,1
53.3,5.2,25.3,32.9,1671.0,0
69.3,1.3,26.8,6.2,1569.0,1
62.5,9.5,27.5,15.5,491.0,1
64.0,2.4,24.0,13.4,877.0,0
55.2,0.9,29.4,12.2,943.0,1
70.8,8.3,23.8,33.8,1896.0,1
85.0,30.7,25.5,6.2,1355.0,2
40.2,12.2,24.9,22.6,722.0,0
52.6,3.4,29.7,12.9,1726.0,1
49.1,0.7,27.4,24.4,2268.0,0
62.7,0.1,25.5,26.9,1914.0,0
55.9,5.4,21.6,32.9,1218.0,1
54.7,1.6,22.9,29.1,1774.0,1
68.1,7.3,28.1,8.9,1266.0,1
48.6,1.3,26.0,9.6,1596.0,0
47.0,2.7,20.1,20.1,760.0,2
67.3,10.0,31.7,21.7,1347.0,2
47.3,0.1,23.8,24.4,1834.0,1
73.5,1.8,29.6,14.3,0.0,1
68.5,0.5,27.1,30.1,873.0,1
51.7,4.5,27.2,5.3,379.0,1
52.7,2.1,27.4,5.8,1307.0,0
66.6,20.9,25.4,26.6,1198.0,1
65.8,1.1,24.9,29.1,615.0,0
76.2,1.0,28.0,32.2,1269.0,1
48.9,1.8,26.3,7.1,1769.0,0
53.2,12.4,27.2,13.5,0.0,1
75.6,12.6,27.4,31.0,780.0,1
59.4,1.2,23.6,33.4,1201.0,1
56.8,2.8,28.6,27.6,880.0,1
42.9,0.8,32.3,28.1,1399.0,2
21.0,5.3,24.3,14.4,1643.0,2
73.8,6.2,24.2,23.9,1930.0,1
53.4,2.4,26.2,12.9,1162.0,0
54.5,7.6,29.0,16.4,1814.0,1
55.1,4.3,23.2,12.0,1223.0,1
63.6,50.0,28.1,11.8,511.0,2
85.0,13.3,30.0,21.8,385.0,2
55.2,6.1,22.0,29.4,1273.0,1
43.6,0.8,24.5,20.6,1430.0,0
37.1,14.7,24.3,16.5,1079.0,1
55.8,15.4,25.5,9.4,616.0,1
61.3,48.7,31.1,33.1,377.0,2
53.7,5.6,23.8,5.3,1050.0,1
47.8,4.1,26.2,15.2,1556.0,0
45.7,13.6,26.9,29.6,1737.0,0
42.6,0.2,26.3,13.5,2199.0,0
59.7,14.6,27.2,30.6,1678.0,1
51.9,7.7,27.4,14.6,1037.0,0
45.8,0.0,31.2,25.1,1033.0,2
40.4,4.6,24.7,19.5,948.0,0
53.3,15.8,25.8,17.9,1318.0,1
51.6,7.3,24.3,27.8,1272.0,0
59.1,7.5,26.3,11.2,936.0,0
59.4,24.5,20.7,33.5,754.0,2
54.8,36.2,26.6,9.8,1058.0,2
40.2,13.4,25.9,15.9,762.0,0
61.8,21.3,22.9,6.2,1152.0,1
65.2,0.3,24.4,28.7,1084.0,0
43.2,35.9,27.5,7.0,1265.0,2
51.2,50.0,26.3,18.3,548.0,2
77.7,1.6,21.1,7.0,1353.0,1
45.0,7.3,28.1,10.7,1168.0,1
55.4,1.8,24.9,15.6,1476.0,0
80.2,3.2,27.4,33.3,1599.0,1
34.0,5.3,31.8,18.6,1197.0,2
56.7,0.3,26.9,14.9,1297.0,0
61.1,11.7,25.2,34.5,2500.0,0
52.1,6.5,26.9,26.1,925.0,0
27.3,4.7,26.4,19.8,1839.0,2
72.3,8.7,29.3,8.0,1069.0,1
45.2,3.8,28.1,17.9,32.0,1
58.2,2.9,26.1,25.6,1338.0,0
53.7,8.1,21.0,29.3,952.0,2
53.6,17.8,25.3,9.9,1267.0,1
57.2,7.4,28.5,22.2,698.0,1
47.9,33.9,22.3,25.1,1040.0,2
37.1,12.2,22.4,12.6,1429.0,1
43.1,4.0,34.8,14.1,188.0,2
62.3,3.9,24.6,16.7,1372.0,0
48.8,4.9,19.3,8.0,761.0,2
51.0,1.3,29.7,10.8,1872.0,1
46.6,2.7,24.0,13.4,353.0,1
59.3,13.2,26.6,15.2,932.0,0
59.6,1.6,21.1,24.5,795.0,1
63.1,50.0,30.2,31.1,48.0,2
75.1,5.9,21.6,11.8,500.0,1
52.3,9.7,24.9,16.2,117.0,1
67.1,2.5,27.4,23.4,1608.0,0
54.2,0.1,29.3,25.0,1269.0,1
67.7,3.0,25.5,15.3,0.0,1
75.1,28.0,17.3,17.6,1162.0,2
59.9,6.3,29.8,8.3,799.0,1
62.8,10.9,20.4,21.3,1649.0,2
56.0,5.7,27.9,17.4,700.0,0
69.2,1.7,26.5,13.6,1586.0,1
27.2,9.0,26.3,21.8,1452.0,2
69.9,1.6,21.3,24.2,1864.0,1
36.5,5.1,26.0,30.2,2366.0,0
35.0,0.7,29.5,10.8,949.0,2
55.3,1.0,26.4,10.0,503.0,0
61.4,5.9,28.4,33.4,892.0,1
79.6,3.6,24.7,23.9,1679.0,1
71.4,8.6,21.9,27.1,1267.0,1
47.9,17.1,27.0,20.0,1313.0,1
60.4,1.2,19.5,5.3,1593.0,2
62.5,13.1,31.0,32.5,931.0,1
78.9,17.5,30.9,17.5,751.0,2
55.5,12.7,23.6,10.8,1446.0,1
43.0,15.4,26.9,22.4,1519.0,1
40.4,6.5,29.5,10.6,1509.0,1
43.7,7.3,24.1,32.1,693.0,0
36.0,14.0,25.0,14.6,976.0,0
57.4,9.6,27.3,9.7,1221.0,0
57.3,3.2,32.5,31.7,1797.0,2
84.9,29.9,27.2,14.8,1375.0,2
56.4,8.8,25.0,14.8,1112.0,0
35.4,23.4,24.2,9.9,267.0,2
55.8,8.6,21.7,14.6,1038.0,1
66.4,6.2,28.5,19.3,1660.0,1
50.0,3.7,26.3,28.3,1859.0,0
71.5,7.3,23.4,31.1,577.0,1
73.0,4.3,27.0,31.5,1760.0,1
55.6,2.6,27.8,23.4,2500.0,0
51.7,2.3,26.5,27.4,1611.0,0
61.9,6.7,24.5,33.1,1684.0,0
45.8,6.5,31.1,15.3,496.0,2
73.6,31.6,30.0,21.1,582.0,2
51.0,4.2,25.7,12.1,1410.0,0
63.9,10.0,25.9,5.2,1382.0,0
44.5,6.0,25.5,33.0,1297.0,0
57.8,3.4,26.3,32.4,678.0,0
57.8,2.0,24.2,23.1,891.0,0
83.1,16.9,29.2,10.1,802.0,1
39.8,14.2,29.1,9.7,820.0,1
64.9,18.6,22.9,12.9,1147.0,1
56.8,1.1,25.7,23.4,832.0,0
69.1,2.4,23.7,13.5,2015.0,1
48.4,6.2,26.9,20.1,1999.0,0
68.1,8.6,22.6,31.9,849.0,1
54.4,0.1,24.5,31.4,964.0,0
62.1,7.0,28.0,5.7,1242.0,1
58.1,9.3,21.6,17.9,1140.0,1
63.7,0.2,23.4,12.7,863.0,1
44.0,4.9,25.5,11.9,1474.0,0
40.0,9.8,28.6,17.4,1322.0,1
53.2,8.2,29.4,33.3,484.0,1
50.4,25.9,26.4,11.2,808.0,2
40.5,20.0,25.5,23.2,590.0,1
34.2,3.6,25.1,7.0,1732.0,2
69.0,3.1,27.3,30.0,2226.0,1
46.9,3.1,22.8,19.9,1791.0,1
49.3,1.3,21.7,9.1,1729.0,1
82.5,5.0,22.7,24.6,974.0,1
56.6,2.8,24.8,6.6,2184.0,0
49.3,2.9,26.4,14.5,1742.0,0
40.6,9.7,26.0,29.0,598.0,0
54.0,11.7,25.9,12.7,1850.0,0
59.7,7.4,21.7,13.1,2190.0,1
52.8,3.8,24.9,31.4,1396.0,0
55.6,5.6,24.1,5.1,6.0,1
52.4,14.3,27.1,24.4,872.0,1
61.0,18.8,24.2,29.7,780.0,1
48.2,17.6,29.0,20.3,403.0,1
28.5,9.6,24.8,15.9,1071.0,2
72.0,4.4,25.0,33.0,748.0,1
56.7,4.6,24.2,31.8,1637.0,0
50.7,3.6,27.5,8.9,1734.0,0
56.0,0.2,24.8,13.2,1621.0,0
40.5,8.3,25.4,32.7,1705.0,0
67.2,1.9,28.8,11.0,1278.0,1
72.4,8.3,28.1,28.5,730.0,1
60.2,2.4,27.5,24.6,1092.0,0
50.8,7.7,22.6,11.3,785.0,1
68.5,26.7,28.9,7.9,957.0,2
45.3,0.8,28.9,25.8,276.0,1
69.5,1.5,25.4,24.1,1678.0,1
82.9,12.5,28.1,18.7,1801.0,1
54.9,5.4,29.7,29.0,986.0,1
48.8,16.3,21.8,20.7,1004.0,1
38.7,0.7,30.0,12.4,1560.0,1
63.3,30.3,26.3,15.4,1193.0,2
53.6,0.3,23.2,26.2,1028.0,1
55.4,4.3,25.5,29.0,1178.0,0
46.3,6.2,22.5,19.4,1288.0,1
30.1,14.8,28.2,18.5,573.0,2
37.0,10.2,20.1,27.0,1132.0,2
71.7,6.7,28.0,16.1,994.0,1
49.9,0.5,23.5,11.4,2144.0,1
52.9,20.6,29.8,22.6,1809.0,1
55.9,1.2,28.7,7.5,1799.0,1
48.8,4.1,21.7,29.0,2279.0,1
37.9,12.4,25.9,27.3,1187.0,0
35.9,5.5,26.0,26.9,279.0,1
39.6,10.8,26.4,13.7,918.0,0
50.6,6.6,23.6,28.4,1415.0,1
58.7,0.4,25.8,25.4,1502.0,0
33.4,8.3,25.7,8.6,1470.0,2
72.7,0.2,22.1,33.5,1416.0,1
41.4,11.6,25.3,21.0,1496.0,0
61.1,5.8,24.3,26.4,839.0,0
47.5,2.3,24.6,16.3,1926.0,0
51.1,4.3,26.4,18.1,0.0,1
32.2,2.3,27.6,24.1,1503.0,2
44.2,0.8,28.4,6.2,1186.0,1
28.0,5.8,24.6,31.2,867.0,2
47.6,2.7,22.7,16.3,1418.0,1
46.6,7.9,29.0,10.7,659.0,1
62.2,2.2,25.5,24.9,1312.0,0
61.4,9.9,24.6,5.5,825.0,0
26.4,4.1,26.4,21.9,918.0,2
52.1,12.9,23.3,7.9,1769.0,1
30.7,1.0,28.1,15.8,1397.0,2
52.3,5.6,33.5,28.9,1602.0,2
44.1,28.8,26.3,26.1,547.0,2
67.0,7.2,27.1,5.7,737.0,0
40.5,4.9,29.7,11.5,1841.0,1
70.2,1.1,25.2,7.6,1783.0,1
72.1,8.0,22.3,23.3,1496.0,1
56.7,15.6,25.1,20.6,869.0,1
59.1,0.3,17.9,16.9,898.0,2
68.4,0.2,28.4,18.2,1066.0,1
45.4,8.5,26.1,34.1,1392.0,0
73.5,11.5,27.4,5.9,1539.0,1
64.8,1.3,23.9,26.3,1878.0,1
58.4,3.2,22.9,19.3,992.0,1
50.6,7.1,26.2,16.9,0.0,1
54.8,8.2,27.7,8.9,1446.0,0
38.2,9.5,25.2,7.0,1828.0,0
63.2,4.7,29.3,29.1,1196.0,1
72.7,3.4,25.4,33.2,1951.0,1
57.6,3.2,25.4,10.4,1988.0,0
49.4,0.3,32.4,29.9,1894.0,2
47.7,5.7,29.5,13.5,1329.0,1
57.9,8.1,25.1,12.0,746.0,0
72.2,0.6,26.3,23.6,2047.0,1
40.9,12.2,25.4,16.9,1120.0,0
48.9,11.0,30.0,22.3,330.0,1
55.7,20.2,22.1,24.9,946.0,1
45.3,0.8,20.9,23.2,1220.0,2
66.6,4.4,28.0,22.7,1344.0,1
68.1,1.4,26.0,18.6,1634.0,1
57.3,16.2,18.9,18.5,2433.0,2
59.5,1.8,19.9,27.8,923.0,2
60.5,0.1,21.3,11.8,1978.0,1
45.9,8.4,23.7,11.0,1053.0,1
54.5,5.1,24.8,24.2,1053.0,0
43.3,14.2,24.0,10.4,823.0,1
57.4,7.2,29.3,8.5,2149.0,1
48.5,1.7,27.0,33.3,875.0,0
73.4,1.9,22.2,33.7,2158.0,1
65.4,0.1,24.1,13.8,1667.0,0
43.9,3.8,23.8,18.3,0.0,1
57.9,21.7,28.1,24.6,1443.0,1
64.3,7.9,28.8,7.7,917.0,1
51.2,30.2,24.4,19.1,924.0,2
56.7,2.7,26.0,10.1,1384.0,0
60.7,18.1,23.9,5.0,372.0,1
60.6,11.7,25.3,10.6,899.0,0
41.4,14.7,29.4,33.7,1749.0,1
53.2,6.6,29.6,18.6,838.0,1
50.0,13.5,22.5,18.3,1125.0,1
72.1,0.1,29.2,32.3,1266.0,1
31.4,11.1,26.9,9.1,1967.0,2
54.0,7.6,29.1,22.6,1480.0,1
59.0,3.0,29.3,29.1,1534.0,1
52.3,1.9,23.6,32.4,4.0,1
75.2,12.4,31.4,7.0,728.0,2
61.1,28.2,27.8,10.1,808.0,2
90.2,13.9,27.0,32.6,1656.0,1
50.3,6.7,20.9,16.8,736.0,2
43.5,0.8,23.2,15.3,749.0,1
45.8,1.7,28.7,31.6,1509.0,1
59.2,22.2,18.8,20.4,279.0,2
52.7,5.2,28.5,27.2,1496.0,1
80.6,25.0,27.2,17.6,188.0,2
55.4,3.8,25.9,18.5,1391.0,0
65.5,34.5,28.5,17.5,702.0,2
55.1,6.6,29.6,5.6,1412.0,1
66.7,1.6,24.7,25.2,1592.0,0
49.6,24.2,25.7,13.7,684.0,2
73.5,4.8,30.2,29.8,1150.0,1
44.1,2.9,23.2,21.1,2036.0,1
44.1,6.5,25.6,10.9,818.0,0
37.8,3.7,27.3,16.1,1598.0,0
31.4,12.8,26.5,6.1,538.0,2
77.0,3.8,32.0,26.2,509.0,2
37.1,2.4,24.2,6.8,1625.0,0
46.0,1.2,27.3,21.0,1244.0,0
66.1,0.6,22.5,14.5,1443.0,1
48.2,21.5,24.1,17.8,365.0,1
56.1,3.4,27.3,19.1,2471.0,0
45.9,4.7,22.6,12.9,1488.0,1
56.8,2.7,31.1,29.2,1261.0,2
77.2,16.9,23.5,31.7,1104.0,1
54.9,6.3,26.8,14.4,2217.0,0
39.1,7.3,24.4,31.0,1765.0,0
38.8,23.7,24.6,10.3,575.0,2
35.5,50.0,25.1,16.6,801.0,2
57.2,6.1,25.4,23.0,886.0,0
53.8,8.3,24.1,20.5,843.0,0
46.5,30.7,27.3,33.7,628.0,2
41.5,6.9,23.8,11.3,981.0,1
60.1,0.8,26.2,28.8,1723.0,0
50.7,3.0,22.5,12.6,1017.0,1
46.8,39.0,30.0,9.3,195.0,2
39.6,3.5,29.2,22.0,1832.0,1
58.1,0.3,25.9,31.9,2125.0,0
46.4,5.5,27.3,18.1,935.0,0
54.2,2.4,22.6,27.9,1261.0,1
54.9,25.8,26.7,25.6,713.0,2
49.8,2.2,24.6,30.4,1973.0,0
66.5,7.4,29.9,22.6,599.0,1
50.6,8.0,28.7,24.5,331.0,1
47.0,3.3,21.6,15.3,1601.0,1
87.0,0.4,31.4,32.6,1297.0,2
57.8,16.1,29.4,12.3,1299.0,1
48.1,4.7,27.6,32.6,1348.0,0
54.4,0.6,22.8,11.4,1211.0,1
71.2,4.3,29.5,30.8,2206.0,1
31.6,3.4,30.7,24.5,1262.0,2
40.0,5.3,24.0,22.6,1112.0,1
54.3,12.0,25.9,29.3,972.0,0
47.4,10.3,29.2,13.2,1723.0,1
59.8,1.4,26.0,5.3,1101.0,0
63.6,8.6,20.7,28.4,1643.0,2
71.2,8.7,30.8,24.1,1133.0,1
65.5,1.7,26.1,31.2,1396.0,0
44.8,10.9,25.9,20.4,1616.0,0
48.3,7.7,21.1,23.5,2274.0,1
41.5,1.4,26.9,22.8,1266.0,0
61.0,18.2,24.4,23.3,568.0,1
43.8,6.5,21.3,18.9,759.0,1
60.5,10.6,24.8,13.2,1633.0,0
53.9,7.8,26.0,15.2,489.0,1
67.6,4.2,27.2,12.9,1734.0,0
54.7,7.7,25.2,21.7,1412.0,0
46.5,4.5,27.8,8.5,2018.0,0
52.5,6.2,24.8,17.9,1309.0,0
38.5,5.6,23.2,27.6,1853.0,1
79.7,6.5,28.4,5.3,1840.0,1
59.1,1.5,25.5,12.6,1529.0,0
29.7,3.9,25.1,13.9,1872.0,2
49.3,3.3,28.6,23.9,1277.0,1
34.4,4.1,28.0,19.9,2089.0,2
52.4,20.7,21.8,8.1,811.0,1
51.4,17.3,26.3,13.2,1186.0,1
26.6,2.4,25.6,21.9,283.0,2
43.6,12.6,29.9,15.9,1427.0,1
44.9,1.8,24.9,9.4,2127.0,0
54.5,5.3,24.6,16.9,1594.0,0
57.3,3.0,27.9,6.2,1262.0,0
56.2,1.4,27.8,30.8,1905.0,0
48.7,6.8,24.2,20.1,924.0,0
34.8,0.7,26.1,5.9,1927.0,2
62.1,9.6,27.4,16.1,1405.0,0
63.9,4.6,28.1,26.7,0.0,1
69.0,1.4,19.8,14.9,1057.0,2
54.3,11.0,26.8,11.8,862.0,0
77.8,23.4,25.7,20.4,879.0,2
52.0,4.0,24.5,33.1,1193.0,0
69.2,1.8,27.1,9.1,1937.0,1
50.7,16.5,26.9,11.7,768.0,1
30.2,5.1,28.1,14.8,1272.0,2
55.4,8.6,26.5,33.1,2311.0,0
64.0,27.0,29.0,16.8,1209.0,2
37.2,21.5,31.3,26.3,1399.0,2
34.1,4.8,23.5,28.3,1657.0,2
68.9,7.2,22.2,19.4,1328.0,1
55.2,8.8,24.8,27.0,605.0,0
34.1,5.1,22.7,17.3,1532.0,2
54.9,1.2,35.4,10.1,1148.0,2
62.9,7.5,26.5,24.8,690.0,0
47.5,12.5,28.2,33.8,1373.0,1
58.3,1.8,25.2,13.1,1893.0,0
44.8,10.0,24.7,12.0,1594.0,0
55.2,5.6,25.6,17.9,928.0,0
67.7,0.0,23.8,26.9,1418.0,1
76.8,3.4,28.2,33.4,1733.0,1
78.8,9.1,33.4,28.8,958.0,2
47.1,3.2,25.6,5.7,1256.0,0
57.2,1.8,26.2,21.0,1687.0,0
52.3,16.0,28.7,16.5,833.0,1
54.0,6.3,25.8,27.0,723.0,0
54.5,7.3,31.9,15.0,1635.0,2
65.4,3.3,29.1,19.7,1788.0,1
43.3,8.1,24.1,6.3,1242.0,0
46.4,2.2,22.8,12.3,838.0,1
59.1,3.9,24.6,18.6,1811.0,0
42.4,1.9,30.3,9.4,1761.0,1
31.6,6.3,26.7,24.9,764.0,2
59.3,1.1,29.7,5.7,786.0,1
53.6,1.8,27.9,26.6,345.0,1
69.1,1.7,28.1,17.1,1487.0,1
63.7,5.7,34.8,21.1,1454.0,2
54.6,5.1,26.9,30.4,1371.0,0
59.9,26.3,24.2,12.6,381.0,2
45.1,4.5,22.9,26.2,1024.0,1
56.5,7.6,23.3,29.2,606.0,1
58.7,2.9,28.6,23.5,1906.0,1
63.0,14.6,23.7,15.1,1134.0,1
75.7,1.3,28.3,16.6,1769.0,1
55.7,6.1,26.6,14.3,1015.0,0
60.6,43.4,31.9,6.7,1485.0,2
59.8,12.5,27.7,24.5,1555.0,0
52.0,14.2,23.6,7.3,1094.0,1
58.8,8.2,25.1,30.6,1407.0,0
39.3,3.7,26.2,13.5,1891.0,0
56.7,8.1,30.2,28.7,1077.0,1
53.7,5.6,27.7,25.9,935.0,0
63.4,3.1,24.9,5.4,1158.0,0
67.6,6.2,29.5,32.4,312.0,1
33.8,50.0,32.9,33.5,1299.0,2
54.8,0.1,23.3,19.7,1641.0,1
67.4,3.2,22.6,21.8,1126.0,1
57.4,6.5,22.5,11.0,1087.0,1
43.9,2.3,27.4,27.6,472.0,1
36.8,8.4,25.8,20.8,864.0,0
64.5,3.3,26.3,22.5,1565.0,0
69.8,1.3,24.5,29.7,1638.0,1
67.3,3.1,22.8,13.9,1123.0,1
47.6,0.6,28.3,19.3,795.0,1
41.2,17.1,22.5,18.5,576.0,1
49.9,18.8,24.9,16.4,1088.0,1
70.3,0.1,22.3,25.5,1561.0,1
28.1,9.7,31.2,19.0,1202.0,2
58.5,12.5,25.3,32.5,1348.0,0
50.9,16.8,25.1,23.4,971.0,1
64.7,2.2,26.8,5.2,936.0,0
47.8,1.8,23.7,15.5,1118.0,1
80.5,4.5,24.5,19.9,1251.0,1
64.0,2.9,26.4,16.3,2113.0,0
45.7,1.3,26.6,13.6,1300.0,0
57.6,1.0,33.2,23.7,2122.0,2
52.0,4.9,31.3,20.9,1018.0,2
57.1,3.5,21.2,7.2,1743.0,1
50.2,3.9,29.0,17.6,1476.0,1
56.1,2.3,27.8,10.6,1880.0,0
29.6,1.1,24.7,15.0,1030.0,2
64.5,11.3,25.9,24.4,1555.0,0
43.2,4.6,26.0,25.9,1925.0,0
36.7,15.6,31.8,23.6,1421.0,2
54.8,1.6,29.9,17.1,673.0,1
66.7,5.0,22.6,6.5,484.0,1
34.3,0.9,27.1,9.3,1686.0,2
69.1,1.3,22.3,20.3,1071.0,1
72.8,4.9,24.1,12.9,958.0,1
48.3,29.6,25.9,5.6,174.0,2
63.0,12.7,29.6,29.4,536.0,1
42.5,0.7,23.5,32.1,1581.0,1
57.0,1.3,27.2,26.7,1659.0,0
72.4,4.6,25.7,16.6,872.0,1
58.1,5.3,29.0,6.4,920.0,1
58.7,1.5,23.5,13.6,1493.0,1
54.4,7.9,24.9,19.5,884.0,0
73.1,8.9,24.8,28.5,846.0,1
59.7,2.5,22.1,13.6,710.0,1
87.7,2.6,23.8,33.3,848.0,1
60.9,1.8,29.3,21.8,1672.0,1
66.6,6.7,23.4,18.7,1786.0,1
50.7,5.4,22.7,16.9,1602.0,1
49.7,34.3,26.3,14.4,216.0,2
79.5,2.8,20.4,13.6,1254.0,2
54.2,10.4,24.8,16.8,1802.0,0
29.4,9.1,30.6,11.9,1491.0,2
46.9,8.3,26.4,26.5,1936.0,0
49.2,3.8,22.9,5.1,1581.0,1
59.0,1.6,20.0,12.7,1625.0,2
11.8,2.9,25.4,11.5,1105.0,2
52.4,8.8,23.6,26.4,1516.0,1
61.5,0.7,24.5,10.6,2021.0,0
72.9,6.4,24.2,27.4,1455.0,1
38.1,0.3,29.1,5.3,1170.0,1
65.7,2.5,28.6,28.8,1472.0,1
51.4,21.1,23.7,19.8,693.0,1
59.0,1.8,23.4,32.8,887.0,1
59.0,24.5,25.3,24.0,583.0,2
51.4,7.0,29.5,28.8,893.0,1
55.2,15.1,26.5,17.0,632.0,1
59.5,24.1,21.2,21.3,607.0,2
55.0,5.5,24.8,12.6,1333.0,0
57.5,10.7,27.6,17.4,2500.0,0
62.2,7.2,24.1,8.9,1558.0,0
63.8,3.9,26.9,34.6,1960.0,0
46.3,6.1,28.4,33.7,1946.0,1
38.1,18.0,33.0,24.1,772.0,2
62.3,26.1,22.9,19.8,601.0,2
63.3,9.0,20.8,17.3,2500.0,2
60.3,9.1,25.1,26.9,1833.0,0
52.3,2.6,22.9,30.4,1770.0,1
86.3,46.3,26.3,24.4,780.0,2
54.3,6.3,24.1,7.4,1303.0,0
49.6,4.1,23.2,30.5,1814.0,1
56.7,4.1,25.0,12.9,580.0,0
57.3,9.3,23.6,6.7,333.0,1
74.7,18.8,31.2,16.0,1464.0,2
50.2,32.6,26.5,31.7,289.0,2
49.6,13.2,23.3,29.4,961.0,1
58.4,8.3,24.5,26.5,1367.0,0
57.3,4.1,25.3,32.5,1221.0,0
51.8,13.8,27.9,7.9,675.0,0
51.7,3.6,25.8,5.9,1602.0,0
50.3,8.9,28.0,23.1,1069.0,0
47.2,14.1,26.2,19.2,804.0,1
61.5,0.5,27.1,33.2,1087.0,0
40.5,7.7,23.4,20.3,750.0,1
56.8,3.6,32.2,16.6,807.0,2
65.3,2.6,22.9,25.0,1021.0,1
77.8,4.8,30.6,19.5,1655.0,2
47.9,0.6,24.9,27.5,2500.0,0
52.1,12.5,22.0,19.6,1414.0,1
69.0,18.2,27.4,14.4,1321.0,1
67.7,6.9,26.5,14.7,422.0,1
71.0,39.0,24.4,8.7,282.0,2
49.2,3.4,22.0,16.2,1190.0,1
68.4,7.1,22.5,6.0,1444.0,1
64.4,10.8,28.3,31.6,1214.0,1
50.9,2.4,27.6,5.2,1144.0,0
49.5,0.2,25.2,10.3,1251.0,0
70.7,46.3,27.4,5.2,905.0,2
70.5,1.9,22.2,31.8,1836.0,1
58.8,12.1,26.4,27.9,797.0,0
71.3,10.4,25.5,32.1,508.0,1
72.9,7.6,33.3,20.8,141.0,2
60.3,9.6,21.7,9.4,1108.0,1
66.7,9.1,28.4,33.1,1810.0,1
66.7,2.6,21.8,34.5,1254.0,1
71.2,6.2,21.8,24.7,1115.0,1
50.4,2.3,26.3,26.5,2300.0,0
48.3,21.8,28.2,16.2,860.0,1
68.6,12.5,24.8,22.7,1020.0,1
56.0,4.5,24.5,34.4,923.0,0
63.7,5.1,23.0,12.8,1410.0,1
54.1,2.4,24.5,7.8,786.0,0
44.9,6.4,26.7,7.8,2195.0,0
69.5,8.1,27.7,23.0,1412.0,1
81.5,0.1,23.9,6.2,1238.0,1
74.8,4.5,23.5,6.0,1413.0,1
63.6,6.6,25.5,23.7,2289.0,0
51.2,2.1,30.5,31.7,1301.0,1
54.3,3.1,25.7,28.9,1765.0,0
80.5,5.6,23.8,19.2,884.0,1
43.6,3.5,20.6,19.9,1739.0,2
35.5,1.0,26.2,10.5,679.0,0
73.0,10.1,24.8,23.8,1291.0,1
36.4,6.3,32.0,24.2,1087.0,2
52.8,6.5,25.4,23.9,548.0,0
47.4,1.1,28.4,20.6,1727.0,1
40.9,2.6,22.8,9.8,897.0,1
55.9,4.1,27.4,34.3,981.0,0
43.1,13.9,26.5,32.2,1106.0,0
44.4,25.8,29.0,25.4,498.0,2
50.7,12.1,26.1,26.2,1295.0,0
30.1,6.8,23.6,30.8,941.0,2
71.0,3.0,27.1,28.2,1327.0,1
37.5,3.9,28.3,19.3,986.0,1
48.7,0.1,27.3,34.5,1368.0,0
53.8,0.2,28.5,33.1,725.0,1
86.6,0.9,26.1,31.2,1005.0,1
60.2,0.2,29.5,29.7,1827.0,1
46.9,4.5,18.8,14.3,1333.0,2
54.5,26.4,20.1,23.7,671.0,2
31.8,2.8,23.1,17.3,1659.0,2
42.8,0.1,25.5,20.7,806.0,0
40.8,27.0,29.4,19.5,1419.0,2
65.5,2.5,28.7,32.2,1083.0,1
62.0,4.3,25.2,34.3,777.0,0
36.6,1.5,31.5,26.2,1391.0,2
59.2,0.2,21.1,33.7,1189.0,1
37.6,22.0,23.8,19.7,935.0,2
75.0,11.6,27.9,7.7,1017.0,1
48.9,13.2,24.4,15.5,1484.0,0
42.6,24.4,26.5,9.3,490.0,2
64.5,5.7,28.6,20.6,1179.0,1
63.7,13.9,31.2,8.2,1239.0,2
48.5,11.5,25.7,8.0,873.0,0
68.5,5.0,24.6,23.0,1882.0,1
16.1,4.2,25.2,34.9,1629.0,2
39.1,10.7,26.2,29.4,1399.0,0
62.2,1.4,28.8,31.8,1591.0,1
67.0,7.5,26.3,24.4,1045.0,0
10.0,1.4,26.2,10.2,2353.0,2
49.6,0.9,24.8,34.2,1868.0,0
42.1,9.9,21.3,28.8,1556.0,1
43.3,12.3,23.6,33.1,1422.0,1
72.8,6.0,26.7,10.6,997.0,1
66.6,36.7,21.0,28.4,226.0,2
49.8,2.6,24.6,32.2,1711.0,0
32.8,1.8,26.0,18.7,2343.0,2
66.0,6.4,28.4,16.8,1778.0,1
54.9,40.3,26.6,26.9,756.0,2
46.5,6.4,30.0,5.6,1163.0,1
63.1,42.1,36.1,34.2,575.0,2
32.4,7.1,22.8,29.0,1045.0,2
57.7,1.9,29.4,29.2,737.0,1
52.7,4.4,31.2,19.6,991.0,2
42.2,2.3,28.5,28.1,1207.0,1
48.6,3.6,29.2,23.4,512.0,1
64.4,0.3,33.4,13.9,1056.0,2
51.2,8.8,29.4,18.6,818.0,1
66.3,4.2,23.0,8.6,1937.0,1
53.9,8.4,20.3,23.6,933.0,2
67.3,4.8,28.6,21.0,2355.0,1
72.4,0.6,29.1,22.5,1156.0,1
64.6,0.6,28.5,33.6,1010.0,1
47.3,12.1,31.7,21.9,538.0,2
44.8,13.0,26.7,27.1,1117.0,0
45.1,4.4,28.5,18.1,1156.0,1
74.7,7.1,31.4,27.5,1004.0,2
55.7,4.9,25.3,30.5,1170.0,0
63.5,15.7,26.5,23.9,1188.0,1
56.8,50.0,21.9,17.3,765.0,2
39.0,3.3,33.8,20.9,1164.0,2
62.0,2.8,26.9,17.3,1062.0,0
64.2,5.0,27.3,21.4,1892.0,0
48.2,19.8,23.3,24.8,1222.0,1
49.8,21.5,22.0,24.5,954.0,1
74.5,2.8,27.1,9.2,1534.0,1
25.7,15.2,26.7,32.9,1368.0,2
38.6,20.1,25.4,23.4,1158.0,1
58.7,9.5,26.3,30.1,786.0,0
74.6,3.5,21.6,11.6,1312.0,1
53.6,9.8,27.2,18.3,1435.0,0
66.1,34.9,28.7,19.3,831.0,2
69.0,20.4,26.7,16.5,1334.0,1
79.6,0.3,18.9,19.1,1926.0,2
67.1,3.0,25.6,22.7,397.0,1
54.2,2.1,26.9,11.1,961.0,0
66.3,2.6,26.9,10.6,1296.0,0
65.0,2.3,25.9,18.2,1557.0,0
54.1,3.5,23.7,29.0,797.0,1
56.9,5.9,26.5,34.0,1106.0,0
71.8,4.3,23.6,10.5,1347.0,1
63.0,0.9,23.4,24.9,1344.0,1
60.4,6.1,20.7,33.2,2355.0,2
41.8,27.1,24.1,20.3,807.0,2
74.1,3.8,23.4,16.2,1616.0,1
66.9,6.4,22.7,27.7,1479.0,1
48.2,6.3,22.4,28.3,1059.0,1
60.7,8.1,24.2,11.9,921.0,0
38.8,21.0,32.6,31.3,961.0,2
78.0,9.7,25.9,21.7,1089.0,1
43.2,23.6,27.3,10.5,588.0,2
53.6,1.4,23.1,26.2,1883.0,1
69.5,4.5,27.6,22.6,972.0,1
77.7,0.9,24.6,18.0,2500.0,1
44.9,2.0,29.1,28.8,1118.0,1
57.9,0.7,27.8,26.7,1252.0,0
70.5,2.8,23.2,28.6,1490.0,1
49.1,3.8,26.6,17.3,1133.0,0
57.5,24.5,25.0,15.5,742.0,2
60.8,17.5,21.7,24.3,809.0,1
75.4,6.2,27.9,31.7,1942.0,1
46.8,1.3,21.9,33.6,1090.0,1
78.1,20.8,26.2,5.8,1245.0,1
49.8,2.3,29.5,15.9,1291.0,1
55.1,20.2,27.6,22.2,1094.0,1
53.9,3.2,32.4,31.1,1074.0,2
57.5,0.3,28.8,33.1,1832.0,1
69.8,16.3,26.1,13.4,73.0,1
59.9,6.2,23.8,29.4,1514.0,1
55.2,29.6,27.2,7.6,1178.0,2
60.2,12.9,19.2,7.0,757.0,2
51.8,15.7,27.9,18.5,440.0,1
52.5,6.0,23.9,16.6,1528.0,1
53.8,0.4,26.4,29.6,2218.0,0
67.6,1.4,24.7,23.4,1151.0,0
86.0,10.1,23.7,28.7,1058.0,1
76.0,3.7,21.7,19.2,1460.0,1
57.6,0.8,27.7,30.8,1020.0,0
43.3,2.8,26.0,23.3,1167.0,0
45.5,3.4,30.8,30.0,1597.0,1
57.5,2.9,29.1,30.9,1596.0,1
39.1,1.4,23.9,32.1,1573.0,1
68.8,3.5,30.5,14.3,1106.0,1
61.1,0.4,22.6,11.7,1887.0,1
45.8,20.4,30.9,21.7,942.0,1
28.6,1.3,20.1,31.7,1376.0,2
41.5,1.9,26.7,24.7,1140.0,0
64.4,3.9,25.6,27.2,1531.0,0
56.5,12.7,26.2,18.7,663.0,0
51.1,1.5,31.0,14.0,1648.0,1
64.6,5.7,27.2,24.8,1680.0,0
50.9,9.9,29.6,32.8,1216.0,1
35.7,0.9,27.3,21.0,1701.0,0
65.5,8.8,28.5,25.3,406.0,1
56.8,2.1,32.1,33.8,1414.0,2
61.4,0.3,26.6,26.1,1505.0,0
65.9,7.0,25.9,18.8,1190.0,0
74.1,24.2,22.5,29.0,1198.0,2
62.7,15.6,21.7,32.7,956.0,1
57.5,5.9,28.0,16.1,2122.0,0
49.6,1.3,25.7,17.2,1455.0,0
62.7,7.0,27.7,10.0,1804.0,0
57.3,12.7,25.1,30.8,1323.0,0
92.9,20.5,24.9,13.0,1181.0,1
53.4,4.4,24.6,14.0,1703.0,0
57.5,8.0,24.1,34.9,465.0,1
37.2,4.4,30.4,26.6,1130.0,1
79.6,12.0,28.7,33.6,1316.0,1
51.7,4.2,25.7,19.1,903.0,0
62.4,2.7,27.6,28.0,1691.0,0
58.5,7.2,24.5,28.7,1062.0,0
40.7,3.3,22.1,5.9,1736.0,1
57.2,4.9,29.0,32.8,1539.0,1
45.5,9.5,30.7,16.1,1062.0,1
68.7,12.1,25.0,18.4,1578.0,1
69.2,2.0,28.9,21.9,883.0,1
51.4,50.0,27.9,25.6,668.0,2
29.6,12.1,23.9,30.9,1590.0,2
51.7,5.2,26.2,16.0,1038.0,0
70.1,4.0,28.7,12.6,993.0,1
62.6,4.1,27.5,14.9,1844.0,0
60.8,14.5,25.9,33.3,817.0,1
63.2,23.1,26.3,23.0,1634.0,2
60.8,7.9,26.2,28.9,1116.0,0
47.2,7.4,26.8,13.5,1384.0,0
61.2,4.3,27.0,8.8,709.0,0
66.3,45.1,24.5,19.6,627.0,2
72.0,25.3,22.0,32.0,977.0,2
63.6,3.1,23.9,5.7,1546.0,1
50.9,1.9,23.8,30.1,1468.0,1
45.9,4.4,31.6,17.9,1311.0,2
57.5,4.7,24.0,17.4,1175.0,0
56.6,4.4,26.9,13.0,1316.0,0
58.3,4.8,29.8,10.6,1486.0,1
56.0,4.0,29.2,18.9,826.0,1
51.7,10.0,25.0,10.6,1482.0,0
50.5,30.0,19.5,15.8,638.0,2
59.1,2.2,27.3,5.7,2119.0,0
61.4,3.0,25.1,13.2,1186.0,0
61.4,3.3,32.1,25.2,688.0,2
57.6,0.7,25.7,9.5,1402.0,0
49.9,12.2,26.5,13.4,762.0,0
63.2,3.2,27.7,12.9,867.0,0
53.2,10.8,26.8,18.2,1138.0,0
64.9,8.9,20.9,21.6,1467.0,2
41.6,3.1,25.6,18.0,706.0,0
56.5,0.3,23.0,5.7,1571.0,1
55.3,28.4,26.5,18.9,1067.0,2
81.9,38.8,23.0,15.7,757.0,2
53.3,0.6,31.5,18.3,1958.0,2
57.2,9.2,25.4,31.6,1424.0,0
43.7,3.8,22.4,30.8,1369.0,1
50.7,21.0,22.5,16.5,977.0,1
58.1,0.0,25.6,16.8,1480.0,0
36.5,1.3,28.0,29.0,1136.0,1
50.3,3.1,30.5,27.8,1517.0,1
44.0,20.0,28.5,17.6,1990.0,1
51.3,3.8,25.3,32.5,1563.0,0
75.0,1.1,25.3,11.8,1935.0,1
74.2,3.3,24.7,13.5,2012.0,1
56.2,1.1,25.9,5.3,1696.0,0
46.8,6.4,30.8,27.9,1834.0,1
31.7,3.7,27.5,9.4,1651.0,2
58.7,7.6,28.9,10.8,1149.0,1
56.8,3.0,18.4,8.6,1824.0,2
52.7,15.1,23.8,27.7,400.0,1
65.6,4.8,22.9,33.3,1583.0,1
58.5,6.3,29.2,5.2,1032.0,1
40.8,6.9,27.5,34.4,910.0,0
64.3,12.2,30.0,31.7,1267.0,1
33.1,4.7,27.2,11.7,1246.0,2
52.7,10.5,25.8,5.5,1889.0,0
41.5,3.0,27.3,5.7,1698.0,0
52.8,8.2,23.9,23.8,378.0,1
55.5,9.7,25.7,9.0,1193.0,0
44.2,8.8,24.9,23.3,1478.0,0
48.8,3.2,28.8,23.1,1537.0,1
51.0,2.2,30.6,15.3,2277.0,1
74.3,5.2,25.7,33.2,673.0,1
79.4,2.6,24.8,6.6,1938.0,1
50.8,1.9,28.1,25.3,2246.0,1
39.8,4.9,26.5,6.3,1858.0,0
67.3,15.6,25.0,27.2,635.0,1
64.1,0.2,25.0,25.6,755.0,0
60.0,12.4,30.6,8.3,1474.0,1
67.7,3.2,27.6,32.2,2174.0,0
63.8,1.2,30.8,30.0,1088.0,1
28.7,24.0,30.1,20.3,1208.0,2
55.8,23.9,27.8,10.4,539.0,2
69.6,11.2,29.0,30.8,1535.0,1
48.6,2.5,21.4,31.1,2257.0,1
55.0,14.9,28.4,8.0,944.0,1
34.5,2.9,24.7,7.6,1161.0,2
62.9,16.8,27.3,25.4,992.0,1
49.4,9.2,25.1,31.8,1366.0,0
48.5,5.8,29.6,28.5,1949.0,1
54.2,2.9,28.8,15.1,1199.0,1
41.8,7.7,27.0,11.5,1386.0,0
50.5,12.9,29.3,33.5,1272.0,1
42.7,2.6,24.4,6.0,1879.0,0
59.0,34.3,25.4,11.2,1021.0,2
34.5,0.4,25.8,7.0,1164.0,2
74.3,3.7,25.7,15.3,1446.0,1
42.9,6.3,27.0,23.4,1559.0,0
49.5,34.4,18.5,34.6,485.0,2
49.1,2.5,24.6,15.6,2082.0,0
32.9,1.7,29.2,7.2,1109.0,2
37.6,47.9,28.7,30.8,1374.0,2
61.4,5.6,29.6,28.5,788.0,1
44.2,12.7,26.8,12.0,1853.0,0
36.6,2.4,28.8,21.0,1043.0,1
33.8,6.2,24.1,33.4,1004.0,2
53.4,8.4,26.2,14.9,1260.0,0
44.9,17.3,21.0,18.9,1518.0,2
41.7,6.6,26.0,8.2,644.0,0
71.0,0.9,23.0,30.7,1442.0,1
75.1,10.3,23.6,11.2,412.0,1
45.0,14.7,24.6,8.6,1360.0,1
52.0,7.5,34.3,22.1,702.0,2
43.8,4.1,23.7,14.2,1556.0,1
49.8,6.5,31.4,23.7,1587.0,2
47.2,50.0,29.1,14.2,749.0,2
59.8,0.9,24.7,5.2,317.0,1
68.7,2.4,25.1,27.1,1019.0,1
24.7,14.0,26.6,29.3,1303.0,2
46.9,2.3,28.7,22.0,1260.0,1
43.1,0.4,31.9,12.7,1418.0,2
56.6,13.0,23.9,30.7,870.0,1
33.8,18.1,27.6,26.4,718.0,2
57.6,6.2,27.1,17.9,1665.0,0
54.0,3.7,29.2,11.8,1766.0,1
49.4,45.0,23.0,16.2,1108.0,2
50.1,10.3,24.7,12.2,701.0,0
45.4,20.3,27.1,32.7,527.0,1
51.3,1.9,30.2,29.5,1787.0,1
71.7,16.7,25.4,28.2,1505.0,1
55.9,13.2,23.2,22.7,1144.0,1
59.0,0.5,25.5,34.5,1266.0,0
51.0,8.7,27.8,31.4,1625.0,0
29.1,19.0,26.5,28.8,746.0,2
58.7,0.1,24.8,7.4,1491.0,0
54.6,5.0,30.2,15.0,1962.0,1
71.0,14.7,25.0,24.0,1320.0,1
47.9,7.1,25.9,12.3,497.0,1
69.7,0.4,19.8,25.2,1416.0,2
39.9,18.1,22.8,7.0,1249.0,1
59.4,49.3,23.8,7.0,747.0,2
67.3,7.6,31.2,28.4,852.0,2
54.6,5.6,25.3,32.8,1654.0,0
48.6,24.8,24.6,8.0,1568.0,2
50.3,0.1,28.1,5.1,1570.0,1
62.5,3.5,25.4,7.3,456.0,1
49.9,2.5,22.4,28.8,2153.0,1
61.7,14.2,23.3,32.7,1233.0,1
44.3,12.2,22.3,21.5,1048.0,1
58.5,23.6,25.3,25.4,1304.0,2
55.3,13.5,28.6,34.0,1390.0,1
31.3,1.4,24.2,31.3,761.0,2
45.0,1.7,28.6,7.8,2263.0,1
56.4,12.3,21.7,18.4,2021.0,1
52.0,0.0,20.7,9.3,1196.0,2
72.2,2.5,26.2,13.3,764.0,1
63.9,7.6,24.9,33.2,380.0,1
64.3,28.1,26.7,20.9,937.0,2
52.6,43.8,29.1,18.5,884.0,2
61.4,15.1,26.8,7.2,1202.0,1
32.7,50.0,30.3,30.6,625.0,2
59.9,4.1,25.7,18.4,908.0,0
55.4,3.9,19.6,27.7,2038.0,2
62.0,1.8,29.1,21.7,1310.0,1
70.5,5.8,21.5,30.3,1032.0,1
57.5,1.7,26.8,29.3,1010.0,0
40.5,11.5,23.2,24.5,1227.0,1
51.8,6.5,31.0,8.7,1283.0,1
66.9,2.9,31.5,32.9,1911.0,2
26.3,30.2,28.5,9.5,1048.0,2
52.0,10.7,28.9,10.7,740.0,1
52.6,3.8,29.6,23.8,2174.0,1
81.1,2.7,28.9,13.2,1048.0,1
57.1,16.4,27.3,27.3,656.0,1
47.8,13.6,21.4,34.4,1174.0,1
45.4,1.2,24.6,17.8,1660.0,0
48.1,9.7,27.0,13.0,1759.0,0
63.1,3.1,25.6,15.5,1954.0,0
55.9,15.8,27.1,14.8,1623.0,1
37.3,1.2,32.0,13.2,1035.0,2
45.4,5.8,25.0,27.9,1617.0,0
43.2,7.0,26.3,19.2,1485.0,0
48.3,4.4,24.9,17.9,1508.0,0
35.7,0.6,23.5,5.4,1453.0,1
50.9,6.1,22.8,16.3,1627.0,1
68.8,28.0,26.8,30.8,484.0,2
64.6,42.3,19.8,16.0,463.0,2
56.2,0.6,29.4,19.5,1876.0,1
51.1,5.2,27.7,21.5,1024.0,0
65.3,4.2,24.9,20.3,1345.0,0
61.0,4.4,21.7,33.2,2012.0,1
49.6,11.4,20.4,13.8,1000.0,2
47.2,9.9,29.1,8.9,1453.0,1
40.3,5.3,28.7,23.5,1341.0,1
79.5,12.6,23.4,19.7,910.0,1
54.2,6.0,23.9,28.5,1101.0,1
52.1,5.8,24.2,21.5,547.0,0
52.4,25.0,26.2,19.2,1382.0,2
57.6,43.8,26.9,15.0,1104.0,2
57.3,5.0,28.0,28.9,1812.0,1
32.9,8.6,27.8,21.0,2009.0,2
50.9,3.8,26.8,28.3,1224.0,0
50.4,0.9,25.7,23.3,1364.0,0
42.7,6.8,27.2,27.2,1344.0,0
74.1,50.0,22.9,19.6,449.0,2
66.9,3.3,21.8,27.9,1051.0,1
36.7,7.4,20.4,34.7,862.0,2
85.4,3.2,25.1,7.9,1492.0,1
62.4,8.6,26.4,15.3,1136.0,0
62.0,11.3,27.3,10.2,1127.0,0
66.9,3.0,30.7,15.5,1253.0,1
39.6,48.3,28.0,5.2,727.0,2
54.2,8.2,27.4,9.2,1084.0,0
51.1,1.4,24.2,32.4,1547.0,0
55.3,22.9,26.3,31.5,1369.0,2
55.0,1.9,25.1,28.8,875.0,0
68.9,19.3,22.2,15.2,562.0,1
60.0,1.1,25.6,6.9,1929.0,0
59.9,4.0,28.8,12.6,1002.0,1
61.9,12.0,26.6,9.4,520.0,0
68.8,0.3,24.0,24.0,1575.0,1
49.5,25.8,27.0,13.4,712.0,2
48.4,1.9,25.6,16.1,1773.0,0
56.8,17.1,27.0,20.8,1349.0,1
33.7,6.1,28.1,20.0,1099.0,2
51.4,5.6,25.4,33.8,538.0,0
57.0,10.0,27.2,24.9,2044.0,0
41.7,2.6,29.2,21.1,1021.0,1
75.1,2.2,26.6,17.3,1412.0,1
57.2,2.7,27.0,28.4,1661.0,0
59.5,8.1,25.8,9.5,772.0,0
82.7,6.0,27.5,13.0,1717.0,1
66.7,41.7,26.5,12.6,742.0,2
48.2,19.1,25.4,30.0,214.0,1
57.5,0.1,25.6,8.6,899.0,0
41.9,11.6,26.0,31.3,1307.0,0
49.5,3.5,23.6,11.8,1804.0,1
61.3,30.1,24.2,34.7,406.0,2
45.2,1.6,22.9,11.5,923.0,1
67.3,1.7,29.2,13.8,2333.0,1
71.0,2.6,22.7,11.4,1834.0,1
58.2,0.6,25.3,11.6,1035.0,0
63.2,0.5,23.5,16.8,1375.0,1
48.2,0.9,24.1,15.1,1593.0,0
79.6,11.9,27.7,28.0,1546.0,1
56.4,20.7,22.8,25.0,1515.0,1
51.3,36.9,27.1,14.6,1235.0,2
51.2,33.6,22.3,19.0,1279.0,2
38.7,9.5,31.7,6.6,1945.0,2
55.6,0.0,31.1,5.4,695.0,2
60.4,9.4,22.4,10.8,1129.0,1
58.1,10.8,25.0,24.9,1180.0,0
52.4,8.0,24.9,7.4,690.0,0
74.4,19.2,25.2,24.3,1028.0,1
54.5,6.3,22.6,13.7,1723.0,1
67.7,5.6,33.0,31.4,1568.0,2
64.6,11.9,23.8,25.3,1957.0,1
52.8,0.7,24.4,22.4,1908.0,0
67.6,6.0,20.8,6.0,1298.0,2
63.3,3.7,25.3,11.5,833.0,0
46.3,8.3,28.0,33.4,1524.0,0
39.8,0.2,28.6,7.3,1406.0,1
76.6,16.3,24.3,21.6,294.0,1
26.9,5.2,20.7,29.6,1154.0,2
57.7,23.4,28.6,31.0,943.0,2
58.0,1.8,23.1,7.5,805.0,1
42.6,12.3,27.2,27.1,1599.0,0
63.3,18.8,23.6,22.3,715.0,1
54.9,6.8,24.5,6.9,1133.0,0
65.1,17.3,28.1,17.4,794.0,1
44.2,31.1,31.0,27.9,1552.0,2
49.7,33.5,20.7,25.8,744.0,2
50.3,6.1,22.4,13.6,998.0,1
72.2,12.2,23.7,13.0,760.0,1
70.6,3.2,29.6,18.4,1346.0,1
46.9,0.7,27.9,7.2,1498.0,0
56.3,12.8,24.2,15.1,1097.0,0
44.8,7.9,23.7,26.9,1750.0,1
49.4,15.3,22.1,20.6,1659.0,1
46.4,18.6,27.4,22.7,713.0,1
55.8,4.4,30.1,26.7,2147.0,1
34.5,9.3,25.2,27.6,1373.0,2
48.5,3.3,27.5,18.7,1208.0,0
62.4,1.1,25.1,8.7,1098.0,0
52.4,0.3,26.4,26.4,2243.0,0
60.4,21.1,26.4,29.3,836.0,1
62.6,2.9,20.7,11.5,1355.0,2
52.3,12.7,27.3,12.0,698.0,0
57.9,17.5,26.4,25.0,409.0,1
51.7,24.4,25.8,7.7,568.0,2
41.6,1.0,24.7,5.8,1467.0,0
66.0,2.3,27.4,11.4,1744.0,0
42.5,8.7,27.1,17.6,1095.0,0
62.2,3.2,30.7,14.0,1387.0,1
73.1,3.5,28.3,10.4,1338.0,1
53.6,45.5,23.1,25.4,21.0,2
48.0,7.8,24.8,21.3,2050.0,0
44.7,50.0,24.0,28.7,199.0,2
53.7,6.7,27.7,29.7,977.0,0
46.9,0.6,31.6,25.9,902.0,2
60.2,3.0,27.3,12.1,1295.0,0
63.4,0.2,24.5,13.9,2500.0,0
22.3,16.0,27.4,9.4,446.0,2
44.7,1.3,22.9,15.6,1412.0,1
33.0,9.6,22.4,14.0,1113.0,2
47.6,7.3,28.3,30.6,1161.0,1
53.2,3.9,22.5,18.5,837.0,1
49.5,5.9,23.4,31.3,1267.0,1
47.5,17.9,22.7,29.0,546.0,1
58.4,10.2,25.5,20.6,503.0,0
56.4,1.6,30.6,15.2,1199.0,1
62.7,0.4,28.7,16.1,2135.0,1
61.6,7.7,25.8,23.7,1428.0,0
63.8,12.4,26.7,21.6,540.0,0
42.0,9.8,22.2,33.6,1559.0,1
45.0,15.2,32.4,19.8,1367.0,2
61.8,16.9,25.0,6.2,1117.0,1
70.5,15.9,29.1,28.6,1386.0,1
55.7,0.9,27.5,34.9,1404.0,0
73.2,5.7,29.6,6.7,1250.0,1
59.8,50.0,25.1,17.8,496.0,2
65.8,32.3,23.1,24.0,293.0,2
52.6,8.3,29.9,21.0,0.0,1
47.0,1.8,28.8,10.1,1887.0,1
40.6,10.9,28.9,5.6,1293.0,1
37.1,1.1,22.7,31.5,803.0,1
52.8,2.6,29.5,23.5,1323.0,1
49.3,1.3,24.1,6.8,2093.0,0
48.8,1.8,30.9,23.7,1508.0,1
48.3,7.5,26.0,34.5,1650.0,0
45.8,4.1,27.6,10.5,1747.0,0
49.8,4.6,25.2,32.3,1593.0,0
53.1,16.4,27.8,25.8,1234.0,1
53.2,11.3,25.6,5.3,1037.0,0
50.3,6.7,24.9,22.0,1503.0,0
56.4,8.9,27.7,30.4,870.0,0
54.3,13.9,27.0,22.5,1446.0,0
53.9,1.7,26.9,6.2,1311.0,0
46.0,3.6,24.2,14.1,1255.0,0
56.2,7.2,25.5,21.1,810.0,0
60.3,9.2,29.3,17.8,1114.0,1
57.9,3.3,23.1,34.4,2194.0,1
63.6,14.1,25.5,35.0,613.0,1
48.2,2.6,24.4,28.9,1300.0,0
35.0,5.0,29.7,23.3,1655.0,2
67.4,5.7,27.8,10.4,1376.0,0
61.0,9.5,26.4,29.5,1112.0,0
77.7,0.0,24.4,11.8,863.0,1
54.2,4.4,26.6,25.8,1175.0,0
49.6,3.6,22.6,11.1,986.0,1
46.9,20.2,27.9,26.4,249.0,1
56.7,3.5,25.4,7.7,1641.0,0
85.9,15.6,28.1,14.9,488.0,1
56.0,0.2,26.4,8.1,1069.0,0
40.1,2.6,26.7,26.1,885.0,0
38.6,50.0,27.6,24.6,742.0,2
52.3,6.1,23.7,8.4,2132.0,1
66.5,0.4,27.7,12.9,1322.0,0
53.2,0.9,25.5,32.4,1646.0,0
43.9,0.2,28.8,14.6,2425.0,1
50.1,9.1,22.3,21.8,1300.0,1
68.1,26.5,29.7,11.6,4.0,2
73.0,5.9,24.6,13.9,1070.0,1
69.4,22.5,25.8,12.1,1218.0,2
67.5,6.7,24.7,7.2,1257.0,0
55.0,1.1,26.6,15.4,1827.0,0
52.7,13.0,26.0,21.7,1339.0,0
67.7,11.5,26.0,9.4,1677.0,0
61.1,18.0,23.1,10.7,1449.0,1
68.3,3.6,24.5,30.2,1230.0,1
54.4,36.4,26.9,28.5,625.0,2
74.4,6.3,25.0,8.3,492.0,1
48.0,0.3,25.7,29.8,920.0,0
64.3,21.9,26.6,34.3,1493.0,1
52.3,16.7,25.0,9.4,725.0,1
43.1,3.9,29.6,22.4,1708.0,1
75.1,3.5,24.7,15.2,1005.0,1
51.8,2.3,23.5,6.1,907.0,1
68.9,14.1,23.5,25.0,896.0,1
49.0,6.1,26.3,10.2,1512.0,0
68.8,15.2,23.0,21.2,773.0,1
38.9,17.4,25.3,21.7,1803.0,1
66.5,1.7,25.3,13.7,1556.0,0
41.9,17.4,26.3,34.1,746.0,1
51.9,2.6,23.9,20.5,908.0,1
73.5,14.0,26.4,21.2,1874.0,1
64.2,3.2,26.1,14.2,1917.0,0
43.5,4.4,22.6,10.9,1496.0,1
66.6,3.3,26.5,25.4,1250.0,0
50.1,7.0,32.4,19.8,470.0,2
54.0,2.8,26.7,10.5,1323.0,0
73.5,2.0,26.1,30.7,1815.0,1
40.4,0.5,21.1,30.0,987.0,1
33.2,1.2,22.5,21.2,1799.0,2
21.3,1.4,26.2,32.0,2184.0,2
50.4,3.4,28.7,12.7,1427.0,1
37.5,6.0,22.1,14.5,1606.0,1
53.8,2.0,25.2,30.6,1387.0,0
53.2,4.3,26.1,18.7,1932.0,0
49.2,1.9,28.0,18.4,1895.0,0
59.9,0.9,22.4,23.8,2065.0,1
59.7,1.7,24.6,6.6,1157.0,0
88.6,0.1,22.7,6.4,1116.0,1
44.9,21.3,19.3,24.5,1006.0,2
50.6,3.9,27.2,8.6,616.0,0
59.0,2.1,28.5,33.0,1209.0,1
65.6,10.6,27.5,31.1,1500.0,0
44.7,14.8,24.0,8.2,1844.0,1
32.8,49.0,26.5,16.7,657.0,2
52.6,7.6,24.0,16.3,1817.0,1
58.5,12.1,26.5,11.8,1811.0,0
49.9,4.8,20.3,28.5,1891.0,2
51.6,0.8,29.6,5.6,1474.0,1
66.2,9.8,23.9,20.9,1900.0,1
36.7,4.2,25.0,9.7,2155.0,0
49.5,13.6,22.4,7.8,853.0,1
52.5,0.1,29.2,25.8,1236.0,1
78.6,6.7,26.7,12.1,856.0,1
57.8,4.2,25.3,13.0,1418.0,0
72.2,13.0,30.4,11.8,825.0,1
57.9,11.1,30.2,15.0,807.0,1
65.2,5.0,26.0,6.4,1589.0,0
54.3,1.8,28.3,12.7,1707.0,1
68.2,6.5,24.5,29.9,511.0,1
56.1,3.9,23.5,32.5,1339.0,1
35.3,32.2,23.4,16.2,461.0,2
65.5,18.5,24.5,19.1,1120.0,1
71.5,0.7,22.8,30.8,1592.0,1
30.0,1.0,27.6,29.3,2324.0,2
62.1,7.0,29.8,7.7,1039.0,1
48.3,9.1,25.5,23.0,897.0,0
52.1,35.6,20.2,33.6,534.0,2
64.0,30.3,26.1,21.1,491.0,2
55.3,1.2,20.1,9.6,1153.0,2
46.5,0.2,27.9,13.9,1286.0,0
27.5,2.7,21.6,21.7,1032.0,2
48.5,9.7,24.4,19.2,696.0,0
50.1,11.0,23.0,21.7,2004.0,1
50.3,26.3,23.5,19.7,523.0,2
32.3,8.0,23.2,30.4,1159.0,2
41.5,0.4,19.3,19.9,1170.0,2
59.9,16.0,25.6,24.8,1177.0,1
74.2,14.6,25.0,23.4,798.0,1
64.5,19.0,30.7,24.3,0.0,1
71.2,5.1,28.6,20.6,2253.0,1
59.7,10.0,25.1,15.8,464.0,1
64.7,9.0,23.8,23.3,1287.0,1
34.1,11.1,25.8,31.9,1779.0,2
49.0,8.0,25.2,34.2,1022.0,0
32.2,11.3,25.2,33.2,1677.0,2
69.7,2.0,26.1,28.7,1009.0,1
66.2,0.3,26.1,19.7,1395.0,0
61.1,1.0,24.1,23.9,920.0,0
49.5,10.4,26.6,33.4,1200.0,0
75.5,1.1,26.0,19.2,1080.0,1
41.6,2.6,27.1,28.6,463.0,1
47.9,13.9,24.3,21.7,1111.0,0
74.7,2.6,25.2,11.6,969.0,1
47.9,3.4,24.4,15.2,1132.0,0
50.4,12.7,27.8,24.7,835.0,0
47.4,9.9,25.2,34.8,1146.0,0
52.5,3.3,28.1,12.5,818.0,1
39.2,16.2,27.0,14.8,1057.0,1
54.9,32.4,22.0,6.7,1175.0,2
72.7,8.3,25.8,7.6,1086.0,1
70.6,18.2,27.8,28.0,894.0,1
31.6,8.6,30.3,28.7,1391.0,2
44.8,1.5,23.3,26.3,581.0,1
68.0,3.3,28.6,12.5,886.0,1
56.0,8.7,27.9,32.3,1908.0,0
61.3,0.9,25.9,28.9,1487.0,0
46.9,0.2,23.9,29.2,495.0,1
48.6,2.8,23.2,22.7,1063.0,1
45.0,2.3,20.9,10.3,1209.0,2
59.1,1.9,25.8,23.0,1418.0,0
54.6,1.7,25.9,17.0,850.0,0
38.7,18.1,30.9,33.9,986.0,1
55.4,0.8,25.2,13.4,2096.0,0
52.5,8.6,22.9,26.0,707.0,1
58.0,1.5,26.3,34.6,667.0,0
50.2,29.2,28.1,7.2,715.0,2
41.6,43.2,28.0,14.2,4.0,2
69.5,4.1,28.8,29.0,726.0,1
46.7,24.5,32.7,24.3,872.0,2
53.2,2.4,24.0,20.5,1763.0,1
19.3,0.8,26.4,24.6,1425.0,2
53.0,0.2,26.9,25.1,617.0,0
62.3,17.1,22.9,13.8,1568.0,1
60.9,0.9,31.5,22.9,1487.0,2
68.1,2.9,24.2,20.5,1626.0,1
61.4,1.0,24.8,30.5,1441.0,0
75.0,7.7,26.6,29.1,1722.0,1
64.3,0.4,25.7,10.2,1161.0,0
39.3,0.4,24.7,6.2,953.0,0
69.2,16.4,27.0,15.7,1371.0,1
68.3,29.9,27.3,17.9,661.0,2
46.2,1.5,24.6,7.8,1628.0,0
53.4,16.9,25.6,21.0,1353.0,1
46.0,5.0,25.5,24.4,862.0,0
64.2,17.5,21.1,33.9,1527.0,1
74.2,4.6,26.4,11.1,1711.0,1
47.8,2.8,26.7,23.0,1433.0,0
43.2,3.1,23.4,33.8,1537.0,1
48.9,4.1,23.8,30.9,1332.0,1
65.3,20.3,26.0,17.0,683.0,1
72.3,34.5,32.5,20.0,1157.0,2
46.1,4.7,28.5,13.0,414.0,1
40.8,4.4,28.4,22.6,964.0,1
51.1,3.0,29.8,31.6,939.0,1
46.6,0.7,27.2,20.7,1987.0,0
57.3,8.2,24.0,10.7,441.0,1
65.7,28.4,30.7,11.7,661.0,2
54.6,19.8,30.0,17.2,2115.0,1
60.9,7.8,30.8,33.9,0.0,1
62.4,1.4,24.2,21.4,1415.0,0
59.5,0.8,25.4,22.8,1531.0,0
32.5,21.4,28.0,10.6,754.0,2
44.8,6.8,22.0,5.6,1154.0,1
60.9,20.0,25.7,17.6,1733.0,1
60.0,12.5,28.9,25.7,1796.0,1
65.8,2.8,29.2,13.7,1277.0,1
36.1,1.3,28.9,29.5,899.0,1
69.0,5.4,27.1,10.6,1447.0,1
48.5,0.4,22.5,34.6,770.0,1
72.6,3.8,22.5,24.4,1159.0,1
46.7,1.8,28.7,24.7,1843.0,1
50.1,4.4,25.8,18.0,1421.0,0
50.2,11.5,29.3,25.6,731.0,1
43.3,5.4,30.0,21.1,1165.0,1
39.8,0.7,26.6,9.2,2384.0,0
59.0,1.1,28.7,17.3,1732.0,1
58.1,0.1,27.5,30.8,1581.0,0
57.1,3.7,24.9,19.9,1717.0,0
49.4,0.2,24.8,28.2,1632.0,0
61.6,28.7,29.0,33.0,729.0,2
53.1,2.3,20.8,7.8,1663.0,2
65.2,5.1,25.0,21.9,1110.0,0
65.9,0.4,25.9,17.6,1492.0,0
54.4,1.4,30.1,8.0,524.0,1
60.8,14.9,24.2,19.0,1475.0,1
61.9,4.9,28.0,29.4,2089.0,1
62.7,0.7,25.6,16.7,1802.0,0
35.1,40.6,25.8,26.0,1058.0,2
87.6,0.1,17.7,20.5,1680.0,2
47.9,11.3,26.9,11.1,2001.0,0
39.2,18.2,26.5,29.2,1203.0,1
68.7,0.8,25.4,27.8,1270.0,1
57.6,0.5,25.8,9.6,1899.0,0
51.9,14.7,29.7,19.2,1202.0,1
51.3,6.7,28.0,20.0,820.0,1
42.2,1.5,24.6,10.8,1560.0,0
58.8,8.3,21.9,31.8,1226.0,1
69.8,6.0,29.3,18.5,1933.0,1
63.5,0.1,28.4,29.4,891.0,1
55.1,6.4,31.7,9.7,1638.0,2
51.3,1.2,25.0,11.1,2318.0,0
38.6,5.4,24.4,24.6,1077.0,0
69.1,13.5,28.8,34.6,1618.0,1
40.2,0.8,20.7,13.9,2167.0,2
57.6,5.6,24.7,16.2,1100.0,0
48.4,22.9,23.0,9.3,1268.0,2
49.1,5.4,22.6,8.9,1126.0,1
39.3,8.2,23.5,7.8,685.0,1
54.2,8.6,27.2,34.7,1703.0,0
63.3,8.7,27.1,27.8,851.0,0
56.6,1.1,28.7,13.9,1480.0,1
59.1,6.5,27.0,29.4,1588.0,0
57.8,13.9,23.1,20.1,538.0,1
48.8,17.5,25.8,6.9,888.0,1
56.3,5.7,26.1,29.2,1010.0,0
58.0,2.5,30.2,23.3,1022.0,1
63.8,1.1,30.1,34.1,2027.0,1
62.5,0.5,26.2,25.2,1961.0,0
44.7,11.9,24.2,34.9,1915.0,0
62.8,4.5,25.3,26.6,1299.0,0
45.8,29.4,29.8,9.4,605.0,2
34.8,13.7,22.7,31.8,352.0,2
60.7,3.0,26.2,16.2,1542.0,0
53.1,11.9,25.4,27.2,1236.0,0
38.4,32.3,25.2,31.7,1553.0,2
26.3,24.9,27.6,32.4,1456.0,2
56.4,6.4,23.9,5.4,833.0,1
46.4,21.3,25.5,6.2,848.0,1
59.6,0.8,22.8,11.6,931.0,1
73.2,3.8,23.7,28.0,1536.0,1
59.8,8.0,19.9,6.5,929.0,2
48.9,3.3,25.9,31.6,1374.0,0
52.2,1.4,27.8,16.8,1342.0,0
47.9,5.3,16.0,33.7,1079.0,2
28.8,4.0,27.0,17.0,1116.0,2
70.3,33.1,25.4,20.7,1222.0,2
48.5,2.2,23.9,23.3,1240.0,1
64.9,6.2,24.8,14.9,1464.0,0
33.2,9.5,23.4,20.7,959.0,2
64.9,1.8,31.8,14.2,734.0,2
48.1,4.9,27.3,20.0,1544.0,0
56.4,1.3,25.0,26.6,495.0,1
41.0,11.6,25.6,34.6,1893.0,0
72.1,24.3,24.6,10.5,1169.0,2
39.7,4.0,26.3,34.6,1836.0,0
49.2,0.7,24.9,19.5,637.0,0
47.5,4.0,22.7,34.5,59.0,1
57.2,28.3,23.6,27.0,1854.0,2
70.2,33.2,29.9,33.1,1363.0,2
47.0,2.6,24.6,7.7,1221.0,0
62.1,8.1,27.3,20.4,1527.0,0
50.8,6.4,29.3,25.3,1880.0,1
47.0,3.9,26.3,28.3,1754.0,0
64.4,39.7,25.1,16.1,553.0,2
40.3,0.7,17.3,24.7,1908.0,2
59.7,14.9,26.9,10.7,792.0,1
47.4,15.9,27.2,26.0,641.0,1
57.2,19.2,30.7,27.7,465.0,1
58.3,8.5,29.3,29.7,929.0,1
37.2,7.0,26.7,16.1,1707.0,0
69.1,22.1,25.7,11.5,1877.0,2
61.1,4.2,27.3,14.9,1817.0,0
57.1,3.8,22.7,24.5,1309.0,1
55.0,23.1,29.2,8.3,679.0,2
66.9,0.1,24.0,20.7,1535.0,1
58.9,1.6,24.2,28.7,1123.0,0
53.4,1.1,23.8,29.9,1858.0,1
68.0,2.4,27.7,10.8,1481.0,0
61.8,0.1,23.1,34.8,1096.0,1
70.6,10.5,33.0,32.4,669.0,2
47.9,7.3,33.6,21.5,432.0,2
56.2,18.9,22.7,33.0,1190.0,1
45.3,3.0,22.8,15.6,978.0,1
86.2,19.8,28.0,32.9,1363.0,1
50.6,14.7,23.2,6.9,1489.0,1
65.8,7.1,25.0,31.7,1266.0,0
53.0,7.3,30.0,18.7,1093.0,1
47.5,10.1,23.8,20.8,764.0,1
84.1,0.1,25.0,26.7,1997.0,1
57.2,3.6,28.9,5.5,1434.0,1
59.4,0.6,27.8,11.0,1145.0,0
19.4,10.9,30.5,30.1,1234.0,2
57.5,8.2,25.8,18.3,1823.0,0
75.1,14.9,26.8,7.6,1743.0,1
72.6,36.3,23.9,11.3,188.0,2
47.9,7.3,23.4,17.2,1796.0,1
65.1,27.1,23.7,25.2,1301.0,2
34.8,2.8,25.7,20.0,981.0,2
30.3,12.6,32.3,5.5,587.0,2
43.5,1.7,22.7,16.8,850.0,1
69.2,3.3,26.2,18.6,2226.0,1
70.7,3.8,25.1,26.0,1503.0,1
49.0,2.2,24.6,11.7,1992.0,0
37.5,20.8,27.3,28.9,743.0,1
61.2,4.4,30.6,27.5,419.0,1
53.8,7.1,29.4,20.1,1625.0,1
62.0,6.4,26.9,8.7,1820.0,0
75.9,10.9,23.5,8.7,414.0,1
72.2,8.7,22.1,28.2,1070.0,1
61.4,7.0,24.5,22.4,902.0,0
45.7,14.7,25.4,33.4,1718.0,1
78.4,13.1,25.0,7.8,1193.0,1
54.8,2.7,26.4,9.1,637.0,0
62.3,5.9,28.6,18.6,1191.0,1
62.8,0.9,21.0,16.8,1400.0,1
69.8,3.6,24.2,27.1,1987.0,1
55.8,2.1,26.7,20.3,1457.0,0
63.7,3.4,25.8,8.8,1659.0,0
31.9,22.9,22.8,7.1,1254.0,2
60.6,8.9,27.7,16.0,1614.0,0
50.8,50.0,25.8,9.1,534.0,2
47.7,4.3,25.8,18.6,829.0,0
47.1,18.4,26.7,22.7,682.0,1
73.1,8.1,21.3,20.1,1806.0,1
32.6,4.8,24.3,17.3,1911.0,2
55.4,2.0,26.0,11.3,870.0,0
37.9,10.5,24.3,25.9,1286.0,0
40.0,3.5,23.6,34.7,1358.0,1
62.7,17.4,30.7,25.0,1108.0,1
62.9,3.2,26.4,12.1,1602.0,0
41.6,8.5,29.7,20.0,1611.0,1
56.5,1.5,23.5,10.6,1661.0,1
37.7,1.3,21.2,7.0,1467.0,1
59.1,15.0,25.9,31.0,1260.0,1
62.2,8.2,26.3,13.2,2188.0,0
53.7,27.9,26.2,8.0,762.0,2
27.6,16.7,22.1,24.4,1766.0,2
60.2,5.6,29.7,16.5,1143.0,1
50.3,9.1,29.1,9.8,1131.0,1
74.6,4.7,27.9,9.3,1264.0,1
59.0,18.2,19.3,7.5,1217.0,2
52.7,7.5,31.0,9.2,1476.0,2
52.7,11.0,21.4,8.0,1072.0,1
51.0,26.5,26.3,9.2,1097.0,2
55.5,3.9,26.2,6.3,1084.0,0
46.4,3.9,25.5,25.1,1631.0,0
50.4,1.8,25.2,29.2,794.0,0
67.4,9.1,20.9,11.8,1126.0,2
52.1,16.4,23.1,14.1,115.0,1
54.4,3.3,23.9,10.6,2500.0,1
41.8,11.5,23.8,28.0,1183.0,1
49.0,16.3,27.7,25.1,1380.0,1
49.0,7.1,24.2,20.4,1317.0,0
45.0,4.9,24.2,24.2,1287.0,0
50.5,3.0,28.7,5.8,1050.0,1
48.1,28.9,28.4,26.3,1381.0,2
66.8,1.3,31.0,33.2,929.0,1
60.5,1.4,28.4,33.6,1645.0,1
61.9,1.8,26.1,12.7,2259.0,0
24.4,13.0,29.8,18.5,525.0,2
71.6,1.4,24.5,10.1,834.0,1
67.8,8.7,23.5,33.5,1448.0,1
45.1,3.0,23.0,8.5,649.0,1
73.5,8.8,26.2,5.3,1273.0,1
58.2,0.5,17.9,34.4,1443.0,2
45.3,9.1,23.1,12.5,525.0,1
59.3,1.6,21.8,18.0,1352.0,1
51.4,6.1,18.4,28.9,2368.0,2
85.6,0.8,28.7,30.8,1289.0,1
37.6,13.3,24.4,31.0,2106.0,0
60.4,6.0,23.2,32.5,1047.0,1
43.6,13.1,25.7,16.3,659.0,0
55.2,28.5,25.9,19.2,1086.0,2
50.1,2.3,24.9,29.2,1340.0,0
55.2,15.3,28.5,10.9,927.0,1
57.6,2.0,27.9,28.5,989.0,0
66.6,4.1,29.5,22.2,1523.0,1
66.4,6.4,21.8,10.5,1496.0,1
70.7,5.6,25.8,16.3,1188.0,1
42.2,37.1,31.2,15.7,893.0,2
75.1,18.4,28.4,25.9,1201.0,1
49.4,8.5,29.1,25.9,1376.0,1
53.0,2.8,24.0,23.8,1791.0,0
58.4,3.5,26.0,11.8,1370.0,0
63.1,0.7,26.7,30.5,948.0,0
51.0,2.0,27.0,5.6,1331.0,0
63.5,14.9,30.4,6.5,1498.0,1
37.0,1.1,26.9,24.3,1655.0,0
75.1,14.5,27.3,20.8,1245.0,1
54.3,3.1,23.6,26.2,1613.0,1
69.8,5.9,27.6,11.8,1645.0,1
51.3,50.0,26.0,24.3,240.0,2
63.5,2.0,24.2,17.0,1923.0,0
68.3,3.9,25.6,5.1,1331.0,1
53.3,7.2,22.5,6.2,1482.0,1
64.2,1.0,27.5,29.9,2259.0,0
57.0,2.7,28.2,11.9,1086.0,1
54.0,11.7,28.8,9.5,1491.0,1
53.4,9.5,24.2,16.0,1699.0,0
58.8,1.0,31.9,23.7,1643.0,2
54.5,3.2,27.3,27.0,1059.0,0
41.7,6.3,22.5,27.4,1287.0,1
67.9,4.8,28.1,9.5,1074.0,1
51.8,7.0,19.4,14.7,1657.0,2
56.3,0.4,23.1,23.3,1600.0,1
63.5,24.1,24.8,23.5,1604.0,2
46.7,0.2,28.0,28.9,2029.0,0
56.0,7.5,25.8,20.4,1207.0,0
31.8,8.9,24.4,18.1,232.0,2
59.6,6.4,21.4,34.7,1085.0,1
61.2,14.2,21.8,10.1,1198.0,1
44.1,4.6,21.7,29.8,2211.0,1
63.5,10.8,28.4,6.6,1380.0,1
57.1,0.6,24.0,20.3,1503.0,0
39.3,9.1,31.0,23.4,1415.0,2
62.1,0.5,28.5,30.6,1491.0,1
38.4,2.8,22.7,21.6,1899.0,1
49.8,0.2,29.7,17.2,1247.0,1
61.7,14.6,26.4,24.9,1276.0,1
71.0,1.8,24.2,19.4,1164.0,1
58.7,0.5,23.8,19.0,1733.0,1
48.4,6.2,25.5,18.9,1522.0,0
42.0,7.1,24.8,28.9,1752.0,0
90.3,8.2,30.7,7.6,1301.0,2
66.1,6.1,25.2,21.0,1476.0,0
46.5,22.7,20.9,6.5,601.0,2
39.7,10.0,29.5,5.7,1658.0,1
53.9,0.4,20.2,8.1,1607.0,2
36.9,1.3,24.3,28.9,1806.0,0
45.7,2.9,23.3,20.4,1323.0,1
57.3,1.9,22.4,31.4,1170.0,1
40.5,6.1,26.8,18.9,1764.0,0
53.3,5.1,28.3,11.2,1578.0,1
47.6,3.3,25.0,11.2,1553.0,0
66.7,1.9,30.8,8.4,1813.0,1
62.7,18.0,23.7,15.2,1885.0,1
44.9,6.1,27.2,28.5,1898.0,0
77.8,14.6,27.7,21.9,910.0,1
50.4,14.6,22.1,21.4,831.0,1
52.1,8.1,29.5,29.2,1627.0,1
66.4,2.3,24.8,31.5,260.0,1
25.8,8.2,22.4,34.3,1387.0,2
44.4,13.1,25.8,30.0,1067.0,0
39.2,2.6,18.9,31.9,1322.0,2
50.4,1.8,27.4,5.8,1495.0,0
64.2,2.7,23.8,26.9,1086.0,1
47.1,0.9,25.9,14.0,1354.0,0
52.6,29.7,18.9,25.8,572.0,2
48.3,11.5,26.1,23.5,1002.0,0
49.1,12.7,27.6,32.3,1324.0,0
52.0,0.1,20.9,29.6,1625.0,2
63.0,0.8,28.2,32.9,1542.0,1
61.5,0.6,25.4,20.9,1397.0,0
33.1,15.9,26.5,30.6,774.0,2
46.8,0.2,33.1,17.3,1211.0,2
38.1,0.4,25.0,17.6,1069.0,0
71.0,0.4,32.6,17.1,1864.0,2
53.0,2.8,31.4,16.8,862.0,2
52.6,2.8,28.1,20.2,1629.0,1
45.0,3.5,28.6,15.2,1592.0,1
57.9,7.4,23.8,19.1,2045.0,1
57.1,0.2,24.4,7.9,1552.0,0
43.5,9.6,25.5,32.3,1892.0,0
65.4,0.3,22.3,8.5,480.0,1
46.4,1.8,24.2,9.1,1090.0,0
73.5,2.2,30.0,21.5,1293.0,1
58.7,12.1,25.3,34.4,862.0,0
63.1,50.0,26.7,6.0,1144.0,2
47.4,4.1,24.1,24.4,1397.0,0
40.7,50.0,23.6,15.2,530.0,2
61.6,2.1,30.2,9.7,1152.0,1
51.3,1.3,28.6,9.0,985.0,1
36.6,2.4,25.9,18.0,353.0,1
51.5,1.1,26.8,31.6,2342.0,0
72.7,13.6,28.3,26.4,2013.0,1
71.5,4.4,27.1,7.5,727.0,1
52.2,2.3,20.7,26.9,1517.0,2
53.4,7.0,22.8,29.1,1183.0,1
63.4,3.7,28.8,14.7,1245.0,1
48.5,11.3,26.3,26.7,1312.0,0
61.1,20.3,22.5,9.7,1158.0,1
43.2,8.3,23.7,30.5,741.0,1
36.7,0.6,24.7,21.9,1247.0,0
65.1,0.2,24.9,14.8,1526.0,0
65.7,0.1,32.3,10.0,1493.0,2
48.7,1.7,26.0,14.4,1206.0,0
42.1,31.4,28.0,20.4,864.0,2
48.3,4.6,26.0,30.6,1917.0,0
63.4,0.8,21.4,6.2,898.0,1
46.2,1.8,22.6,12.9,1412.0,1
47.2,13.0,25.2,33.0,1088.0,0
57.0,6.0,25.3,30.1,871.0,0
61.3,17.5,21.2,31.7,1504.0,1
37.1,13.6,24.7,5.4,1553.0,0
41.5,3.2,26.0,6.2,1254.0,0
54.0,3.6,24.7,16.1,524.0,0
34.9,1.0,25.0,22.7,1517.0,2
35.1,11.2,27.0,12.1,1014.0,0
40.0,8.2,25.9,9.5,2030.0,0
74.4,0.9,25.7,21.1,679.0,1
35.7,2.3,26.8,25.0,1960.0,0
90.6,8.4,23.5,16.4,1503.0,1
64.4,14.3,28.3,19.0,1260.0,1
50.8,13.9,24.9,24.7,1471.0,0
30.4,2.8,28.4,34.4,1396.0,2
75.0,3.6,26.7,23.3,1405.0,1
75.1,18.3,27.5,27.4,1288.0,1
54.7,1.6,24.5,34.2,1530.0,0
27.0,4.6,25.9,6.3,892.0,2
37.8,10.7,26.7,34.6,1465.0,0
53.2,3.2,25.7,29.3,2215.0,0
65.3,27.2,29.1,12.6,767.0,2
52.2,15.1,25.4,27.5,525.0,1
49.5,2.8,29.6,22.5,1774.0,1
73.1,3.9,21.9,27.7,1930.0,1
62.8,10.0,30.0,30.2,1441.0,1
44.2,3.1,25.8,8.6,1050.0,0
51.1,2.1,26.4,7.2,1083.0,0
53.6,0.5,21.1,12.9,1501.0,1
59.3,35.6,21.2,12.3,1316.0,2
67.5,18.6,27.5,24.4,1574.0,1
36.1,3.7,28.1,25.7,1351.0,1
69.1,0.9,25.6,24.4,20.0,1
55.4,3.3,24.9,28.4,1203.0,0
38.4,32.1,25.6,15.1,1962.0,2
61.1,2.7,25.4,13.9,988.0,0
47.5,5.0,28.8,20.2,1505.0,1
65.4,10.0,25.2,32.3,583.0,0
53.6,7.7,26.3,17.9,1330.0,0
52.4,50.0,21.9,31.8,526.0,2
63.3,28.4,25.8,15.6,769.0,2
59.9,2.0,26.1,22.0,1748.0,0
50.1,4.2,32.1,12.6,521.0,2
66.3,4.2,32.8,23.3,1158.0,2
58.7,5.7,25.2,18.2,1847.0,0
49.9,23.0,26.4,30.5,1243.0,2
40.8,45.0,32.6,30.7,533.0,2
50.2,8.5,20.8,9.2,1360.0,2
68.9,0.3,25.2,21.8,1543.0,1
62.4,4.0,26.6,34.8,1931.0,0
70.6,13.0,26.3,28.4,1128.0,1
58.8,2.6,25.5,25.7,1573.0,0
68.7,25.2,25.7,8.9,0.0,2
66.4,12.8,24.9,14.7,568.0,0
60.4,35.3,28.9,8.3,762.0,2
50.9,4.4,31.0,20.0,2124.0,2
27.9,14.5,24.1,16.7,769.0,2
56.1,2.6,25.3,15.2,2054.0,0
50.3,11.1,25.0,5.6,1145.0,0
51.4,6.7,30.3,32.7,1361.0,1
56.2,2.7,24.2,25.5,1527.0,0
46.3,6.5,30.3,32.8,1524.0,1
57.0,10.3,27.4,10.3,977.0,0
46.9,12.1,28.8,29.2,516.0,1
42.8,12.4,22.8,29.4,1498.0,1
41.0,25.2,23.5,12.1,950.0,2
76.8,1.8,26.1,16.6,2329.0,1
76.1,2.4,29.6,13.8,665.0,1
63.6,4.2,20.6,6.1,666.0,2
38.2,9.6,26.0,17.9,1362.0,0
52.7,0.0,21.6,10.9,1517.0,1
56.9,7.3,27.0,10.6,1396.0,0
57.8,3.2,26.3,15.3,1349.0,0
64.8,10.2,19.4,5.0,1286.0,2
58.7,0.1,28.5,15.8,1664.0,1
57.0,28.2,22.9,7.4,183.0,2
56.4,12.9,26.0,15.5,1434.0,0
45.7,5.0,22.0,30.7,930.0,1
40.0,0.5,25.4,18.0,1229.0,0
61.1,3.3,30.4,17.4,1643.0,1
62.8,7.5,22.4,7.2,1218.0,1
89.1,1.8,31.2,31.2,1271.0,2
45.0,1.5,25.2,23.5,1299.0,0
24.1,50.0,24.4,18.8,708.0,2
37.3,11.8,27.1,31.4,1923.0,0
47.5,46.1,23.8,19.9,135.0,2
66.6,2.8,22.0,21.9,1817.0,1
59.7,2.6,26.3,26.9,1610.0,0
64.8,17.5,28.5,20.6,657.0,1
36.7,11.9,28.0,18.3,763.0,0
47.6,6.1,23.0,14.0,1762.0,1
67.5,3.0,29.3,25.5,1644.0,1
60.7,50.0,24.1,7.8,522.0,2
57.9,6.4,26.8,32.2,823.0,0
68.8,9.9,26.7,12.4,1136.0,1
44.5,0.4,27.6,11.7,1645.0,0
44.1,13.8,25.8,15.3,609.0,0
37.5,1.2,23.5,29.5,1645.0,1
70.6,13.8,24.2,16.2,1129.0,1
48.7,20.9,25.8,16.5,98.0,1
35.7,4.5,27.6,7.9,1256.0,0
50.8,27.5,23.6,13.9,790.0,2
40.0,2.6,23.0,12.2,1789.0,1
67.9,0.6,20.8,11.4,2213.0,2
52.8,6.8,29.0,31.2,1170.0,1
54.6,0.5,28.4,26.6,2422.0,1
57.0,6.6,24.3,21.6,1505.0,0
47.4,17.4,31.6,8.3,1868.0,2
44.2,6.8,30.0,17.3,1601.0,1
73.3,16.7,22.0,23.4,1007.0,1
58.4,5.9,24.7,24.5,1227.0,0
54.8,2.4,23.3,9.8,2040.0,1
61.3,8.4,27.3,29.5,1173.0,0
75.1,10.2,26.2,32.1,2335.0,1
43.1,5.6,27.6,31.9,2449.0,0
60.5,7.2,28.1,6.4,976.0,1
67.2,13.0,31.6,16.2,1451.0,2
46.0,3.0,24.5,6.3,1517.0,0
45.4,0.3,24.6,24.6,1854.0,0
41.4,6.7,27.4,24.2,2221.0,0
56.2,4.0,24.0,11.5,2029.0,1
37.9,5.9,26.3,15.4,1270.0,0
48.4,50.0,28.5,6.5,324.0,2
58.9,30.9,29.8,17.7,756.0,2
75.9,1.3,24.2,22.0,2500.0,1
42.4,0.8,26.9,19.7,1219.0,0
67.6,2.4,18.6,24.5,1425.0,2
69.6,37.4,25.9,20.0,1003.0,2
50.0,0.2,27.4,5.9,1174.0,0
53.3,8.7,27.8,31.1,824.0,0
47.8,8.6,26.0,31.1,1193.0,0
49.5,15.8,24.3,23.8,1465.0,1
34.6,17.3,29.9,35.0,797.0,2
77.6,2.5,22.2,23.5,1642.0,1
57.2,17.9,24.9,7.5,1209.0,1
45.2,5.5,23.3,13.9,1566.0,1
43.4,2.0,35.1,28.5,958.0,2
68.5,3.6,28.0,25.5,1824.0,1
57.9,0.8,26.7,27.2,955.0,0
84.3,5.8,24.7,27.2,689.0,1
44.6,3.5,26.0,13.9,1678.0,0
37.2,16.6,23.0,23.6,866.0,1
57.0,0.3,27.8,22.3,1643.0,0
39.1,12.6,28.2,30.8,1980.0,1
56.7,9.4,26.1,20.5,2500.0,0
37.0,0.6,26.4,30.3,1878.0,0
60.3,6.6,27.6,10.8,972.0,0
72.2,12.3,29.2,17.8,1861.0,1
56.4,1.4,36.3,29.1,1772.0,2
57.0,14.0,21.2,27.8,594.0,1
29.0,12.5,28.6,24.4,1905.0,2
45.7,3.3,20.8,16.7,1711.0,2
86.5,7.6,23.6,15.9,1249.0,1
56.2,10.5,24.4,34.1,1166.0,0
52.4,29.2,24.7,6.4,796.0,2
59.5,13.8,31.6,29.8,1133.0,2
51.2,7.5,25.8,25.5,1556.0,0
64.2,0.1,25.3,22.5,1333.0,0
71.1,7.4,25.5,11.2,1013.0,1
52.1,0.6,25.1,20.3,1296.0,0
56.5,0.3,26.2,22.7,1035.0,0
58.1,1.8,29.6,26.7,772.0,1
61.6,5.4,28.8,24.0,2104.0,1
67.8,2.9,27.7,14.8,1613.0,0
48.5,2.8,26.2,18.4,1329.0,0
35.4,6.0,24.5,16.4,1663.0,0
62.8,24.2,28.7,25.1,956.0,2
59.8,8.1,33.0,7.7,696.0,2
71.5,10.2,23.5,27.3,878.0,1
70.3,6.5,18.9,34.2,1259.0,2
60.9,21.2,23.7,5.2,836.0,1
70.2,1.8,29.0,7.1,2442.0,1
30.4,39.5,24.5,25.5,860.0,2
52.9,0.4,24.3,31.9,888.0,0
54.8,3.1,27.1,18.5,1316.0,0
60.6,13.5,23.1,27.0,959.0,1
48.7,9.7,25.6,6.9,1628.0,0
66.9,0.5,21.5,9.9,876.0,1
45.1,6.2,22.3,31.3,1163.0,1
28.0,1.6,25.0,10.6,817.0,2
57.6,5.6,24.1,34.3,1138.0,0
49.2,18.9,24.7,31.7,1283.0,1
64.9,6.0,27.7,29.8,1940.0,0
57.4,3.4,21.3,27.3,1863.0,1
59.5,6.1,24.1,10.0,1714.0,0
52.3,8.0,27.1,8.0,1334.0,0
42.4,35.7,29.5,31.7,957.0,2
45.7,1.3,25.8,21.4,761.0,0
79.6,2.9,23.0,26.1,497.0,1
66.9,4.0,27.7,31.7,1480.0,0
57.0,31.9,22.8,32.8,231.0,2
58.1,24.5,23.3,13.7,1415.0,2
67.3,3.8,25.2,13.6,938.0,0
54.7,2.2,24.8,28.7,1704.0,0
39.8,4.1,27.2,20.5,1424.0,0
49.8,9.8,28.8,19.5,1834.0,1
93.2,9.9,27.0,11.5,1281.0,1
45.2,12.8,26.4,22.1,1922.0,0
44.8,0.5,26.2,11.1,688.0,0
55.3,20.4,23.4,19.1,1326.0,1
63.4,0.3,26.6,31.8,1055.0,0
70.8,45.5,26.8,21.4,696.0,2
64.0,2.5,27.4,23.5,1570.0,0
59.8,9.4,21.5,9.3,238.0,1
80.3,16.5,26.6,8.1,1425.0,1
59.2,3.2,30.3,28.8,938.0,1
58.2,2.3,26.1,33.9,1533.0,0
64.1,0.4,23.5,15.0,952.0,1
37.8,10.1,26.8,7.3,1390.0,0
57.8,9.3,27.3,26.9,1893.0,0
65.6,3.2,30.1,24.5,1609.0,1
49.3,2.8,25.3,21.3,1170.0,0
60.4,6.4,21.5,19.5,1324.0,1
44.5,16.5,24.7,17.3,1001.0,1
38.4,34.2,28.1,34.6,888.0,2
61.8,8.2,31.3,29.0,1563.0,2
60.3,1.3,29.6,27.0,2105.0,1
50.6,3.6,23.0,20.2,1702.0,1
59.7,3.8,29.3,25.9,928.0,1
64.2,13.6,32.3,22.7,1812.0,2
36.9,2.1,28.3,5.1,988.0,1
46.6,17.2,20.7,27.9,1041.0,2
32.4,1.9,26.5,11.7,1275.0,2
44.7,5.7,27.8,15.6,1064.0,0
56.0,14.2,22.7,7.9,1103.0,1
61.0,6.2,31.0,17.6,774.0,2
19.4,14.0,23.2,27.2,1278.0,2
60.1,0.4,24.2,23.7,1925.0,0
36.2,9.8,30.5,5.9,790.0,1
63.8,0.8,26.5,34.1,1866.0,0
44.3,4.9,26.9,22.5,1933.0,0
64.5,8.5,28.7,28.1,1278.0,1
55.8,2.5,21.9,14.4,1022.0,1
56.6,18.0,33.5,5.3,841.0,2
32.9,10.7,22.3,22.0,1431.0,2
63.9,5.9,27.8,27.8,840.0,0
60.3,5.9,30.2,14.6,934.0,1
54.7,9.0,29.5,20.7,355.0,1
75.1,2.6,21.5,8.6,981.0,1
39.3,12.1,21.5,16.8,1304.0,1
39.2,6.3,19.9,26.6,1261.0,2
52.2,13.8,30.0,12.3,1555.0,1
57.0,6.1,29.4,23.0,2277.0,1
28.7,0.7,30.7,6.9,1350.0,2
76.1,4.8,24.5,28.3,1481.0,1
55.9,4.6,31.3,20.0,2023.0,2
50.8,14.3,28.6,20.1,1143.0,1
59.4,2.4,20.9,28.6,1293.0,2
65.9,1.9,30.4,28.8,1598.0,1
46.7,6.7,31.9,18.2,1795.0,2
63.6,2.0,26.9,24.7,824.0,0
37.1,1.5,23.9,13.4,1706.0,1
37.3,1.4,29.5,32.5,1511.0,1
62.5,2.8,22.5,11.1,1426.0,1
51.2,1.7,24.2,34.0,1650.0,0
64.9,13.9,28.8,11.6,140.0,1
49.6,1.4,24.0,28.4,1855.0,0
59.7,6.4,27.7,31.4,2406.0,0
73.1,28.4,25.8,9.8,1386.0,2
64.9,24.3,29.1,7.0,594.0,2
53.9,4.0,29.4,8.3,1599.0,1
40.1,5.2,23.8,9.9,316.0,1
81.6,3.9,28.1,32.7,61.0,1
54.3,0.2,25.4,9.4,1553.0,0
54.6,9.0,26.3,17.2,1040.0,0
53.8,14.3,28.2,21.0,829.0,1
55.5,5.1,25.3,14.6,1070.0,0
56.1,11.0,23.2,14.6,679.0,1
53.0,2.2,27.7,9.4,1181.0,0
57.1,10.1,24.1,18.9,933.0,0
46.8,4.5,25.8,19.3,1091.0,0
51.5,0.9,28.5,25.7,1799.0,1
45.4,2.1,26.6,31.0,1703.0,0
23.7,18.1,30.4,30.5,1478.0,2
84.3,20.9,20.8,19.4,1306.0,2
43.9,0.8,23.6,32.6,1016.0,1
78.3,9.4,28.9,10.2,2043.0,1
42.5,6.2,25.1,7.3,1278.0,0
58.5,4.4,26.5,33.0,1471.0,0
70.7,8.7,32.2,17.3,2088.0,2
61.0,5.2,22.0,31.5,1365.0,1
74.6,17.1,22.4,19.0,1387.0,1
73.3,42.8,27.4,21.9,1176.0,2
50.6,5.2,31.3,28.8,1301.0,2
44.1,10.0,29.4,16.8,1324.0,1
58.1,1.5,25.5,15.7,1147.0,0
70.4,0.7,26.1,21.6,1306.0,1
73.2,11.3,28.0,24.8,2021.0,1
43.9,9.8,28.0,18.8,1583.0,1
52.1,3.4,26.4,20.0,1346.0,0
41.1,5.8,24.5,24.6,1401.0,0
38.9,19.6,30.1,13.1,810.0,1
63.5,1.3,24.6,10.5,959.0,0
61.8,6.2,27.4,14.8,1730.0,0
54.4,5.1,22.8,7.2,1260.0,1
29.9,3.9,21.5,6.4,1137.0,2
44.7,9.1,30.0,17.7,912.0,1
50.2,23.4,26.3,33.5,1958.0,2
64.3,41.4,21.7,24.0,0.0,2
75.2,4.5,25.9,18.9,2260.0,1
70.9,14.8,19.7,13.4,250.0,2
51.5,15.7,23.7,33.7,1226.0,1
42.6,13.3,24.8,22.0,1354.0,0
44.2,29.3,27.8,6.8,858.0,2
44.6,15.1,24.4,20.2,0.0,1
61.8,8.7,34.2,5.6,1425.0,2
76.4,1.0,27.0,25.5,935.0,1
64.9,6.9,21.7,20.2,2165.0,1
60.0,20.9,27.1,9.7,916.0,1
63.8,2.6,29.0,13.5,1291.0,1
56.8,14.2,28.2,8.7,1123.0,1
59.0,1.3,28.6,28.5,928.0,1
59.8,0.1,24.3,27.1,1908.0,0
47.1,6.3,27.3,30.9,1215.0,0
39.5,12.0,22.0,12.3,781.0,1
62.4,27.4,25.1,10.6,665.0,2
52.3,7.1,26.3,21.2,1345.0,0
49.0,5.7,33.4,10.4,1145.0,2
48.7,4.3,31.7,15.0,845.0,2
54.2,8.4,25.0,25.1,2210.0,0
51.2,3.3,25.6,27.2,1042.0,0
74.4,5.1,20.5,8.5,793.0,2
68.4,5.6,30.5,15.5,1620.0,1
44.1,9.7,24.4,5.6,1501.0,0
65.1,1.1,24.8,13.6,1862.0,0
45.7,5.5,29.9,7.3,1518.0,1
45.6,9.1,25.9,8.4,1093.0,0
43.7,8.2,23.6,31.9,770.0,1
80.8,7.4,23.8,14.6,2003.0,1
46.1,8.2,23.4,33.7,748.0,1
43.1,1.1,23.2,31.4,1585.0,1
52.5,1.7,25.7,23.2,792.0,0
49.8,1.1,24.5,29.5,2381.0,0
77.0,8.2,23.8,8.4,1530.0,1
71.5,2.1,24.5,12.0,956.0,1
51.7,4.3,26.0,17.9,616.0,0
63.2,0.1,24.1,30.8,1200.0,0
57.8,1.7,25.8,34.7,1710.0,0
67.1,50.0,24.7,27.4,169.0,2
82.3,50.0,23.8,7.7,1038.0,2
68.7,0.8,27.4,33.3,2160.0,1
49.4,1.3,23.6,28.8,137.0,1
24.4,27.9,24.5,6.3,1132.0,2
74.2,2.1,27.6,12.1,1443.0,1
65.8,21.3,25.1,19.4,0.0,1
38.6,7.9,26.4,14.5,944.0,0
71.3,6.2,28.2,33.2,1597.0,1
44.6,27.8,27.3,8.1,740.0,2
53.2,0.4,27.0,32.1,54.0,1
54.5,5.8,28.3,16.8,967.0,1
63.7,3.5,33.2,8.2,686.0,2
49.1,15.9,29.5,13.1,1344.0,1
69.9,0.2,28.2,10.0,2220.0,1
51.2,7.6,29.2,27.6,958.0,1
60.3,8.6,26.6,24.7,729.0,0
72.5,5.7,22.1,23.5,1510.0,1
72.9,6.1,23.4,17.8,456.0,1
74.1,9.2,26.6,7.0,311.0,1
60.3,23.1,27.4,7.3,1406.0,2
44.0,13.7,20.1,21.2,1161.0,2
41.4,9.4,29.4,6.4,1089.0,1
52.7,1.9,26.3,21.2,1137.0,0
71.5,2.7,26.5,18.9,586.0,1
62.1,5.9,23.5,27.2,1109.0,1
63.6,4.3,25.5,5.5,1831.0,0
72.2,12.3,28.3,27.8,1053.0,1
41.3,7.4,27.7,19.2,1712.0,0
62.3,12.7,24.9,15.3,2100.0,0
61.6,33.4,26.9,11.2,625.0,2
55.8,0.4,29.0,14.9,1613.0,1
63.3,29.5,25.5,18.6,377.0,2
64.5,6.9,27.5,20.2,1420.0,0
77.4,14.9,28.5,27.1,728.0,1
56.5,0.6,29.1,18.5,1089.0,1
59.0,8.3,28.7,29.7,1479.0,1
45.0,5.2,27.1,31.7,1060.0,0
73.1,19.7,19.7,11.1,558.0,2
58.3,18.5,28.2,29.9,1506.0,1
56.9,12.6,30.3,14.8,458.0,1
58.1,5.7,27.8,29.8,1052.0,0
44.8,15.3,24.2,34.1,558.0,1
44.5,6.9,25.0,21.4,1111.0,0
72.7,2.8,23.7,8.4,1322.0,1
51.6,1.7,22.5,20.2,527.0,1
50.6,19.5,24.1,17.7,1264.0,1
62.0,31.7,28.5,31.2,1135.0,2
41.6,34.4,30.2,25.6,1536.0,2
51.9,5.6,31.3,19.9,1013.0,2
71.0,16.3,18.1,31.2,1317.0,2
52.3,4.1,27.0,15.2,893.0,0
53.2,5.1,29.3,26.6,782.0,1
69.2,23.0,30.4,27.0,989.0,2
46.8,0.2,25.3,26.4,642.0,0
46.7,26.3,29.2,25.1,337.0,2
47.6,5.5,27.8,34.5,1528.0,0
43.8,11.9,24.1,25.8,2179.0,0
39.8,1.3,21.7,31.3,855.0,1
50.9,7.6,24.2,7.0,1848.0,0
46.3,4.2,22.6,22.2,1975.0,1
64.4,6.9,28.3,25.1,866.0,1
53.7,9.2,28.6,22.2,1384.0,1
58.1,1.8,30.4,13.5,1116.0,1
41.7,0.4,24.1,23.4,1301.0,0
47.9,6.0,26.9,16.0,1851.0,0
54.3,10.8,26.7,27.0,1381.0,0
63.5,14.8,24.0,10.8,602.0,1
58.7,2.2,29.4,14.0,823.0,1
44.8,4.6,24.7,22.8,968.0,0
56.6,1.4,22.2,8.6,1735.0,1
79.0,1.3,24.7,29.9,799.0,1
45.8,3.5,23.6,17.3,1030.0,1
57.9,4.1,30.3,24.8,1772.0,1
51.6,11.1,23.9,23.9,1373.0,1
69.6,6.2,29.4,9.5,682.0,1
57.0,29.9,23.4,6.4,1224.0,2
56.8,3.3,25.5,32.7,1816.0,0
60.7,34.5,19.4,6.8,916.0,2
47.3,1.2,27.3,24.1,1744.0,0
76.9,9.8,25.6,20.1,1321.0,1
52.8,25.2,20.5,15.9,777.0,2
44.7,23.0,25.5,12.1,513.0,2
64.1,2.5,23.9,12.7,1496.0,1
58.7,10.5,27.1,28.4,661.0,0
31.6,35.4,23.1,16.7,908.0,2
65.1,7.1,28.0,23.4,895.0,0
63.1,38.5,27.8,20.2,146.0,2
61.5,15.8,28.2,28.2,1648.0,1
47.9,6.4,26.5,9.3,1089.0,0
43.7,4.5,25.2,33.3,855.0,0
49.4,12.4,28.8,24.4,997.0,1
58.8,7.0,26.5,24.9,1502.0,0
61.7,7.8,26.1,16.4,1844.0,0
65.8,28.8,26.0,10.0,1091.0,2
36.9,5.4,25.3,8.4,1708.0,0
58.9,17.6,22.2,34.6,505.0,1
36.5,17.7,29.5,19.7,1931.0,1
45.2,7.6,24.5,22.9,1533.0,0
38.9,3.5,24.5,23.0,1320.0,0
70.9,19.5,25.0,18.6,772.0,1
52.0,5.5,22.6,34.3,443.0,1
47.2,6.7,27.3,10.8,889.0,0
40.8,1.3,26.6,24.9,294.0,1
63.2,6.0,26.8,19.1,1144.0,0
51.4,2.2,26.7,23.5,671.0,0
43.7,1.5,24.6,16.2,1836.0,0
55.7,4.3,29.7,18.1,1333.0,1
35.6,6.4,28.6,23.2,1331.0,1
61.1,4.2,27.0,21.1,1475.0,0
51.9,1.7,23.2,31.5,962.0,1
56.5,11.0,32.6,20.5,2006.0,2
47.5,20.1,30.4,23.8,731.0,1
81.8,2.6,31.5,7.6,2018.0,2
49.7,10.1,32.7,26.5,318.0,2
40.7,2.2,23.9,7.1,1818.0,1
62.5,1.4,25.8,11.9,1548.0,0
57.7,2.3,32.1,6.3,1104.0,2
56.2,45.0,24.4,9.8,258.0,2
43.9,15.2,29.1,28.4,2173.0,1
70.0,2.3,25.9,18.9,2459.0,1
80.3,50.0,16.2,15.9,672.0,2
60.4,7.6,23.2,28.4,1357.0,1
44.4,15.8,25.1,9.2,1345.0,1
56.2,2.4,28.4,9.5,1664.0,1
46.9,5.2,27.3,9.8,2339.0,0
50.1,11.5,31.7,14.6,1050.0,2
61.9,13.0,23.9,26.6,851.0,1
49.4,18.0,27.8,16.0,876.0,1
56.9,0.1,26.8,6.8,947.0,0
61.7,14.4,28.9,8.1,715.0,1
37.7,3.8,29.3,30.0,257.0,1
36.8,7.3,28.3,28.2,1277.0,1
54.9,1.2,28.6,16.3,2076.0,1
47.6,6.5,30.2,33.8,2045.0,1
51.5,25.9,25.4,34.3,0.0,2
65.5,7.1,27.6,13.8,1125.0,0
82.6,10.3,25.0,29.8,1745.0,1
26.4,4.7,27.2,29.9,1430.0,2
35.2,10.4,26.1,9.3,1130.0,0
61.5,22.2,23.5,30.2,642.0,2
56.2,15.3,27.4,10.7,1879.0,1
56.3,38.0,18.7,23.3,1598.0,2
53.2,9.7,29.5,11.5,728.0,1
61.7,0.5,27.9,23.5,1758.0,0
60.2,5.2,23.9,19.0,843.0,1
57.0,2.4,27.3,18.9,2148.0,0
65.3,6.1,24.8,12.8,2243.0,0
69.5,2.8,24.8,6.4,1749.0,1
48.7,8.4,29.2,34.0,734.0,1
57.5,0.1,28.7,21.1,1523.0,1
53.2,15.4,26.7,32.8,1041.0,1
63.0,17.5,21.4,20.0,1260.0,1
50.7,3.7,20.8,32.5,1341.0,2
61.2,16.1,26.1,6.5,215.0,1
50.1,2.7,23.8,28.2,919.0,1
76.2,3.1,23.3,5.5,883.0,1
45.8,9.0,20.4,31.5,1730.0,2
64.9,30.4,29.5,22.8,505.0,2
73.7,9.2,27.3,14.4,1491.0,1
61.0,1.4,24.0,19.2,1567.0,0
49.8,7.1,26.8,31.6,1488.0,0
71.6,27.8,26.7,27.1,1235.0,2
43.5,14.9,26.6,25.8,1487.0,1
33.2,9.0,26.1,12.6,1892.0,2
56.4,1.5,27.3,12.6,400.0,1
48.0,1.4,26.0,11.7,817.0,0
53.4,9.0,28.8,25.3,1064.0,1
58.9,4.6,27.6,31.7,1677.0,0
50.7,14.1,27.8,21.2,1683.0,1
57.0,17.0,24.6,24.4,1197.0,1
70.3,6.6,27.8,34.5,1748.0,1
70.6,31.8,22.7,9.8,1175.0,2
33.4,8.8,23.9,13.2,985.0,2
63.7,6.6,27.8,7.8,875.0,0
58.2,26.0,24.4,31.7,924.0,2
37.4,12.6,25.3,30.1,999.0,0
45.1,0.5,29.9,33.2,1816.0,1
92.7,10.3,20.3,14.0,1071.0,2
77.3,5.5,29.0,8.4,1175.0,1
54.5,4.9,19.3,5.4,1181.0,2
62.2,1.7,27.6,20.4,1660.0,0
54.0,6.8,22.0,15.6,2468.0,1
55.0,0.3,26.6,18.7,2221.0,0
46.0,6.1,26.3,27.2,1110.0,0
51.0,41.7,26.2,17.3,612.0,2
63.4,10.7,26.0,26.6,2184.0,0
49.0,1.1,25.8,25.4,873.0,0
58.4,8.1,25.6,6.7,1564.0,0
87.4,1.1,26.1,34.1,1231.0,1
60.3,12.0,27.9,17.9,1406.0,0
51.0,1.4,29.2,24.1,1119.0,1
40.7,3.4,27.6,5.7,698.0,0
88.9,2.6,21.7,20.0,1090.0,1
65.2,6.9,29.1,24.3,1822.0,1
57.9,4.3,26.6,8.7,1091.0,0
44.4,0.1,29.9,16.7,1869.0,1
66.4,0.5,26.2,30.5,1173.0,0
69.8,2.6,23.5,16.6,876.0,1
73.7,11.3,25.0,26.8,1019.0,1
46.7,2.0,28.8,5.4,1660.0,1
52.5,19.7,23.0,8.1,1151.0,1
70.7,6.1,26.4,11.1,1592.0,1
63.9,6.0,26.3,32.8,679.0,0
61.7,0.3,21.0,32.8,770.0,1
69.7,3.4,23.0,10.4,2122.0,1
50.1,5.6,26.0,17.3,684.0,0
54.9,1.2,26.6,25.2,594.0,0
53.5,1.2,27.2,6.5,1770.0,0
52.3,3.4,23.1,10.0,1714.0,1
77.9,1.1,19.8,33.1,1040.0,2
55.5,22.6,30.8,11.5,781.0,2
63.0,11.8,28.0,6.1,1354.0,0
49.2,1.9,24.9,22.3,1637.0,0
58.7,1.0,30.8,32.7,1791.0,1
67.5,3.9,20.9,18.8,867.0,2
55.4,4.3,25.8,20.0,1138.0,0
63.8,4.7,19.3,15.8,1319.0,2
69.3,0.4,24.3,9.6,843.0,1
69.2,4.4,27.0,32.9,1348.0,1
72.7,6.0,22.1,14.1,1592.0,1
77.3,3.9,27.8,8.8,540.0,1
76.8,2.0,25.0,8.3,1555.0,1
47.5,2.0,23.2,8.9,1346.0,1
42.6,16.6,32.3,29.1,921.0,2
52.1,11.9,25.8,7.1,1323.0,0
51.9,3.1,26.8,10.5,1476.0,0
55.4,15.7,24.0,26.4,469.0,1
58.7,11.5,28.3,10.7,981.0,1
58.7,20.4,20.8,25.5,1898.0,2
39.8,4.2,23.1,5.7,986.0,1
50.1,31.8,30.5,33.6,1330.0,2
39.5,0.9,25.7,20.2,1545.0,0
65.7,1.1,25.0,23.8,1617.0,0
11.4,15.9,24.5,10.2,830.0,2
49.1,3.6,22.6,15.0,2296.0,1
41.4,22.4,31.3,32.4,1179.0,2
62.6,42.9,32.6,34.8,1290.0,2
50.2,4.7,27.5,14.6,1313.0,0
43.4,0.2,24.8,30.7,1900.0,0
69.4,42.8,25.2,19.8,1109.0,2
28.8,5.1,22.8,32.6,1598.0,2
60.6,8.4,24.4,23.0,1196.0,0
64.1,2.2,28.9,24.1,1208.0,1
60.9,1.1,27.8,33.5,1438.0,0
54.1,12.4,34.1,14.9,1476.0,2
59.4,1.1,28.8,14.4,1645.0,1
65.6,3.8,26.6,29.7,2085.0,0
58.7,46.2,22.6,5.2,919.0,2
54.7,0.2,27.6,16.9,1211.0,0
52.6,15.5,25.1,7.6,1264.0,1
57.3,33.8,28.6,25.7,1048.0,2
48.4,4.3,26.5,30.4,2378.0,0
62.5,4.2,27.8,10.7,2500.0,0
52.9,13.0,22.0,29.6,1434.0,1
58.4,1.0,27.4,14.7,887.0,0
41.2,0.4,29.2,33.7,1710.0,1
67.5,27.1,23.8,6.2,485.0,2
58.7,4.7,23.2,28.3,1857.0,1
44.1,0.1,29.0,22.7,2167.0,1
59.9,4.6,28.7,17.5,1302.0,1
57.9,18.8,26.5,8.8,0.0,1
39.9,4.4,28.1,26.7,1587.0,1
61.8,6.1,31.1,28.3,517.0,2
29.3,0.5,23.7,22.1,1024.0,2
57.0,4.2,19.1,21.0,1301.0,2
61.8,5.1,25.2,32.7,1511.0,0
49.6,7.7,16.7,5.2,761.0,2
47.5,7.5,22.6,18.7,1979.0,1
54.4,43.2,24.7,26.3,292.0,2
49.4,2.3,27.4,12.1,2500.0,0
64.4,3.2,26.1,10.8,969.0,0
30.2,1.4,21.7,21.9,2008.0,2
52.4,22.0,24.9,15.1,674.0,2
49.5,3.1,30.5,31.6,1638.0,1
35.3,22.9,21.3,7.9,1619.0,2
48.8,0.4,23.3,9.6,1054.0,1
50.1,1.2,28.2,15.2,1140.0,1
35.6,46.1,23.2,33.0,865.0,2
66.6,2.2,24.3,17.1,1285.0,0
52.2,2.3,23.2,23.9,2156.0,1
56.6,19.8,26.5,34.1,642.0,1
68.9,0.2,27.1,30.4,402.0,1
41.4,6.3,28.0,31.9,1825.0,1
65.7,6.9,22.6,23.2,353.0,1
64.4,1.4,26.3,28.7,1688.0,0
55.2,8.3,24.9,19.5,1672.0,0
46.4,9.2,23.2,32.8,926.0,1
58.7,0.2,31.5,22.9,582.0,2
67.2,4.6,25.6,32.9,1483.0,0
45.4,1.2,26.6,15.5,1033.0,0
50.8,12.0,25.1,14.8,1858.0,0
57.0,19.6,23.5,19.5,1947.0,1
69.3,2.5,25.5,28.3,862.0,1
40.7,7.8,26.3,26.6,866.0,0
74.9,14.5,26.3,7.6,919.0,1
47.3,0.4,27.3,9.9,2020.0,0
31.1,3.8,25.1,34.9,1485.0,2
77.1,2.6,29.3,34.9,1718.0,1
65.0,6.2,25.3,25.7,1461.0,0
46.4,2.8,25.5,23.2,1228.0,0
62.0,4.9,27.8,28.3,1519.0,0
47.9,6.7,24.2,10.5,1686.0,0
70.9,1.3,29.3,17.5,810.0,1
74.3,1.1,28.7,10.8,1258.0,1
49.2,44.6,21.8,12.3,407.0,2
58.2,35.9,34.6,8.4,478.0,2
58.1,5.0,22.7,13.9,1306.0,1
78.3,27.8,28.4,18.5,715.0,2
68.1,0.5,25.7,34.2,1434.0,1
42.2,9.2,29.9,10.1,2081.0,1
64.8,7.5,27.2,24.9,1217.0,0
59.3,28.3,21.9,5.6,1085.0,2
63.2,11.7,24.6,23.5,2192.0,0
27.6,3.8,23.2,30.1,1253.0,2
48.8,3.3,25.7,26.6,694.0,0
62.3,3.3,29.2,25.5,1929.0,1
36.5,10.9,29.4,34.3,512.0,1
56.2,1.5,19.1,14.9,869.0,2
54.9,1.3,25.6,17.1,856.0,0
20.7,24.1,26.9,13.1,371.0,2
68.9,5.7,28.1,20.0,1105.0,1
54.9,23.5,25.6,20.9,0.0,2
72.6,9.4,23.5,17.4,9.0,1
59.0,24.7,31.4,32.0,100.0,2
58.3,1.1,26.2,33.9,1580.0,0
54.4,5.7,24.2,11.4,1304.0,0
68.0,26.6,22.0,26.4,1387.0,2
41.9,1.0,27.8,16.8,1097.0,0
70.5,50.0,24.0,31.4,513.0,2
59.9,7.3,31.5,14.7,1340.0,2
45.7,0.4,26.7,13.3,44.0,1
46.1,4.1,30.3,31.8,2321.0,1
42.7,0.5,26.1,19.9,1186.0,0
45.7,2.2,27.3,30.9,1867.0,0
50.7,9.4,33.6,12.4,1574.0,2
52.7,45.7,26.1,10.9,1194.0,2
62.0,1.5,25.1,21.2,2482.0,0
24.9,3.9,24.4,33.2,1821.0,2
50.4,3.2,32.0,12.8,1231.0,2
48.5,26.3,27.4,21.3,1349.0,2
49.2,3.0,23.3,20.3,1639.0,1
61.1,0.4,26.6,26.0,1263.0,0
48.0,5.2,21.8,6.9,1443.0,1
57.6,31.0,24.0,11.3,1680.0,2
65.8,6.0,28.2,15.8,1308.0,1
49.2,3.1,30.6,15.7,1847.0,1
48.5,3.3,23.8,9.2,1368.0,1
45.8,8.5,26.0,23.1,883.0,0
57.9,0.1,29.4,9.7,1522.0,1
58.9,10.5,26.9,13.1,940.0,0
61.7,1.1,25.3,11.5,993.0,0
69.1,13.0,23.5,31.1,1181.0,1
55.9,6.1,23.2,26.3,741.0,1
40.3,19.4,24.0,22.4,681.0,1
47.1,5.3,26.4,33.6,571.0,0
64.5,1.7,23.5,28.9,1704.0,1
62.2,2.3,28.6,15.8,814.0,1
71.5,1.3,23.5,13.4,1328.0,1
38.2,50.0,17.5,20.7,49.0,2
60.2,3.4,30.6,17.4,2037.0,1
56.2,16.6,21.8,25.7,1407.0,1
72.8,21.0,28.8,14.7,804.0,1
56.7,11.8,29.2,27.9,1719.0,1
54.0,3.3,23.4,30.5,1189.0,1
51.4,8.9,28.2,17.8,1743.0,1
54.8,10.5,27.3,32.0,2005.0,0
52.6,2.3,25.7,18.3,806.0,0
70.7,15.8,27.8,19.5,848.0,1
64.1,0.5,23.1,17.4,637.0,1
63.7,34.2,23.5,27.3,1048.0,2
61.6,3.5,21.7,14.8,1107.0,1
27.2,0.1,22.4,9.5,1846.0,2
52.4,0.8,25.1,28.6,1561.0,0
37.3,0.5,30.4,31.8,874.0,1
45.9,2.3,27.9,26.3,1472.0,0
65.6,19.2,24.2,6.3,755.0,1
76.0,26.6,20.6,27.3,1267.0,2
58.1,8.6,24.8,18.1,985.0,0
63.9,3.6,28.5,32.6,1563.0,1
76.0,1.0,21.9,17.6,1717.0,1
51.3,13.6,31.8,29.0,471.0,2
50.0,6.4,22.5,25.9,1100.0,1
47.3,3.8,28.2,7.5,1935.0,1
67.2,5.8,39.4,26.8,916.0,2
77.6,5.4,29.3,17.6,1681.0,1
43.7,25.4,23.0,31.5,695.0,2
79.9,12.6,24.3,33.0,1412.0,1
78.5,2.8,26.0,14.9,2202.0,1
47.3,15.4,25.3,25.9,1994.0,1
40.4,0.6,27.6,25.9,1282.0,0
40.3,0.4,28.9,14.3,1456.0,1
46.4,3.9,28.7,28.2,993.0,1
60.5,12.0,24.5,19.8,972.0,0
67.3,0.3,31.0,7.3,1806.0,2
39.6,1.7,27.9,12.8,1242.0,0
45.1,12.3,23.6,23.4,2370.0,1
63.1,4.4,29.3,16.0,728.0,1
69.3,0.4,25.4,34.7,1933.0,1
51.4,0.2,23.1,31.1,1175.0,1
57.4,46.8,24.3,32.4,766.0,2
54.8,1.7,21.2,10.8,1506.0,1
71.6,12.5,24.3,16.2,1316.0,1
56.0,16.6,23.1,28.9,1844.0,1
40.9,2.8,24.2,31.0,1175.0,0
68.2,1.7,28.0,22.9,1229.0,1
49.9,6.5,22.3,27.6,886.0,1
50.3,9.5,27.6,23.7,1784.0,0
58.1,5.1,31.6,27.1,784.0,2
62.6,0.1,27.6,13.4,1259.0,0
65.9,15.2,28.5,33.1,996.0,1
62.0,2.9,21.7,20.8,916.0,1
50.3,4.0,29.7,29.7,1026.0,1
42.2,16.4,32.2,7.1,1804.0,2
55.8,18.8,34.2,20.7,1396.0,2
68.6,3.1,20.9,18.9,1281.0,2
46.7,2.2,24.9,12.9,1854.0,0
52.8,1.5,26.8,24.2,1690.0,0
51.5,12.1,24.9,17.6,1482.0,0
61.8,16.3,28.0,20.6,1485.0,1
59.1,1.1,24.6,30.6,794.0,0
64.7,0.2,24.5,24.6,2159.0,0
40.1,8.9,28.3,21.1,2008.0,1
45.2,30.9,22.6,13.4,964.0,2
55.2,14.3,29.0,16.5,1602.0,1
43.3,5.7,23.6,8.7,2488.0,1
62.6,2.1,30.4,28.0,2087.0,1
68.5,0.5,24.3,27.7,661.0,1
46.6,5.7,26.2,31.2,1487.0,0
51.8,6.3,23.3,33.4,1203.0,1
63.1,24.4,22.1,32.9,796.0,2
53.1,5.8,29.9,17.7,491.0,1
55.2,3.3,24.4,5.1,1440.0,0
43.8,3.6,25.4,28.7,1620.0,0
68.1,8.2,19.9,14.3,2093.0,2
62.0,3.3,20.7,13.9,1375.0,2
56.7,0.8,27.8,32.6,591.0,0
49.9,3.5,28.0,6.1,1641.0,1
59.7,3.8,23.1,27.1,1145.0,1
57.9,3.1,26.3,17.7,1788.0,0
46.9,9.7,28.4,11.7,1322.0,1
84.7,1.1,26.1,23.7,2085.0,1
70.2,7.3,28.1,22.9,1089.0,1
64.4,0.4,26.2,20.4,1057.0,0
69.5,8.1,28.4,23.3,1162.0,1
48.8,0.5,28.5,10.0,1195.0,1
66.4,12.0,23.6,11.5,944.0,1
55.2,50.0,28.5,30.8,644.0,2
72.2,4.1,29.4,9.4,1917.0,1
30.0,0.7,22.8,20.7,1980.0,2
60.9,1.5,25.5,19.5,970.0,0
51.8,0.5,23.3,11.0,1098.0,1
76.3,2.2,25.2,11.0,1921.0,1
68.8,1.9,25.8,30.1,1966.0,1
46.9,0.5,23.7,34.2,1854.0,1
46.8,20.2,26.5,26.7,1606.0,1
36.2,6.2,25.8,18.0,1074.0,0
46.1,7.6,25.9,17.8,1633.0,0
47.1,15.3,27.5,10.4,701.0,1
75.7,28.1,21.6,14.4,860.0,2
66.7,11.6,27.5,9.0,1248.0,0
56.9,48.6,25.4,34.3,872.0,2
60.8,1.8,28.2,17.6,1247.0,1
44.8,8.1,31.5,7.1,496.0,2
71.8,0.4,26.5,28.6,973.0,1
88.0,5.6,23.6,6.3,1478.0,1
75.0,0.7,24.6,8.0,1956.0,1
57.4,10.5,30.3,23.3,815.0,1
38.1,2.6,29.8,26.4,684.0,1
53.0,12.9,26.1,33.3,726.0,0
76.8,1.6,29.3,29.7,1584.0,1
46.9,17.5,22.6,18.6,1239.0,1
55.6,30.5,21.5,21.1,646.0,2
53.7,1.1,32.0,7.6,1821.0,2
49.6,9.9,18.3,33.9,1181.0,2
45.0,0.9,30.7,5.5,1676.0,1
55.1,6.7,29.1,32.2,1481.0,1
52.0,50.0,23.2,13.8,108.0,2
67.3,17.6,18.3,23.1,672.0,2
54.0,23.9,24.9,32.9,1248.0,2
58.9,3.2,28.9,9.0,1533.0,1
57.5,0.5,25.8,31.0,1803.0,0
60.4,5.5,22.0,6.9,649.0,1
70.1,2.2,30.6,16.2,1047.0,1
54.5,1.1,27.8,12.5,1675.0,0
75.4,5.4,26.8,11.5,681.0,1
37.6,4.3,29.1,7.3,1196.0,1
63.5,0.8,21.2,30.4,1977.0,1
49.2,6.4,25.0,13.2,800.0,0
38.6,6.2,34.2,13.2,1200.0,2
57.1,50.0,26.3,15.0,251.0,2
73.0,5.8,23.2,13.4,1881.0,1
50.9,18.7,26.4,17.2,1269.0,1
73.0,14.1,25.2,20.9,1636.0,1
63.4,27.2,27.0,7.9,435.0,2
44.1,12.6,25.3,29.1,0.0,1
45.3,6.8,28.9,34.5,1027.0,1
62.7,3.7,26.0,19.2,1629.0,0
48.6,1.6,19.9,12.8,1459.0,2
67.1,25.7,26.8,27.9,1223.0,2
46.2,10.6,24.3,31.9,771.0,0
44.6,3.5,29.0,20.2,39.0,1
58.5,0.5,26.5,16.3,1665.0,0
52.6,1.5,30.9,15.8,1821.0,1
44.2,50.0,27.1,30.3,781.0,2
29.5,20.0,23.8,26.4,1386.0,2
45.6,10.1,24.0,20.1,1509.0,1
51.1,10.5,27.3,6.6,1451.0,0
65.9,9.2,28.9,33.0,478.0,1
74.4,13.8,28.7,20.8,1605.0,1
58.1,28.3,26.5,19.3,596.0,2
33.9,2.8,32.3,5.1,1605.0,2
32.1,1.6,23.6,19.0,1460.0,2
68.4,3.1,26.1,23.6,1149.0,1
49.8,3.2,29.1,15.0,1299.0,1
72.7,36.0,27.4,6.1,584.0,2
36.7,9.8,27.9,12.8,968.0,0
63.6,4.7,25.4,20.5,1340.0,0
50.0,22.4,28.2,17.9,1427.0,2
68.1,16.6,26.1,24.8,389.0,1
52.7,2.2,23.9,33.2,1327.0,1
37.4,4.8,29.0,27.8,1458.0,1
60.9,22.1,28.8,10.3,1130.0,2
45.3,0.6,23.6,29.4,1728.0,1
51.8,9.9,21.4,21.4,1260.0,1
69.0,0.9,27.9,18.0,1376.0,1
68.4,1.0,25.8,21.7,2463.0,1
59.0,2.2,26.4,12.1,1732.0,0
69.2,12.5,25.7,24.0,1012.0,1
50.1,4.7,23.0,7.3,2159.0,1
61.4,2.1,28.2,27.1,1539.0,1
43.7,25.2,23.9,34.3,1763.0,2
60.9,19.1,29.6,25.9,1516.0,1
40.1,1.3,22.6,30.6,1260.0,1
52.4,5.3,28.0,26.5,1256.0,1
83.1,7.7,26.2,34.0,1531.0,1
44.2,16.1,25.4,8.1,1426.0,1
44.4,31.0,23.0,32.6,529.0,2
57.2,4.7,24.4,25.1,1447.0,0
53.2,2.0,22.5,29.7,1891.0,1
53.7,1.5,21.7,28.7,130.0,1
38.8,0.4,26.7,33.4,2026.0,0
47.5,17.7,31.0,23.8,651.0,2
43.6,3.2,29.8,20.7,779.0,1
72.7,8.3,27.1,12.7,1418.0,1
49.3,0.3,28.6,11.5,383.0,1
37.7,3.3,24.2,27.9,843.0,0
75.3,50.0,27.9,34.6,1270.0,2
71.8,0.2,27.6,33.7,1433.0,1
57.4,6.7,21.5,21.7,936.0,1
55.7,1.9,32.5,30.4,1978.0,2
24.5,3.1,22.4,13.4,1525.0,2
38.2,4.8,31.4,14.5,1989.0,2
48.0,0.4,24.8,6.3,1896.0,0
53.8,9.6,22.3,32.4,1624.0,1
52.4,0.8,27.4,14.9,907.0,0
42.5,2.8,24.7,11.0,2268.0,0
50.8,0.4,32.7,25.6,1542.0,2
58.3,3.6,21.0,9.9,2115.0,2
57.5,0.7,24.1,5.2,2294.0,0
64.9,1.4,25.0,17.3,1915.0,0
55.8,35.2,30.3,30.0,532.0,2
63.3,0.1,24.2,33.5,1805.0,0
45.4,2.3,31.9,26.1,835.0,2
57.7,9.0,27.0,23.1,1290.0,0
48.7,4.5,30.1,34.2,705.0,1
68.5,5.3,26.6,11.7,1458.0,1
61.7,0.2,31.3,34.9,1830.0,2
36.9,2.6,27.2,18.7,946.0,0
67.5,4.8,26.7,33.3,1778.0,0
56.0,3.0,25.9,17.4,1236.0,0
52.0,3.0,26.7,6.9,1155.0,0
51.3,33.2,24.5,14.0,818.0,2
38.2,6.6,22.9,19.2,1253.0,1
59.3,0.9,27.6,26.7,991.0,0
51.3,5.8,26.2,30.9,1510.0,0
67.8,0.2,26.0,10.2,1239.0,0
33.9,9.6,30.8,26.2,1731.0,2
67.6,14.1,26.8,30.5,807.0,1
53.3,12.5,22.8,8.3,835.0,1
64.6,2.8,25.6,26.8,810.0,0
35.7,3.1,23.5,30.1,1572.0,1
50.0,0.0,26.0,28.7,1578.0,0
42.2,0.9,26.3,12.4,1055.0,0
59.9,8.1,23.5,8.7,574.0,1
44.9,9.9,30.7,7.6,1255.0,1
38.6,7.0,27.4,24.0,1268.0,0
55.5,7.2,25.6,21.5,1247.0,0
66.5,19.9,24.1,23.2,941.0,1
51.9,6.8,27.6,27.3,744.0,0
54.0,1.9,24.8,14.9,1127.0,0
65.1,4.0,24.1,14.9,1347.0,0
71.3,32.0,21.6,29.6,266.0,2
54.1,1.1,26.2,8.6,1258.0,0
71.8,1.0,26.4,12.0,1772.0,1
69.6,2.4,23.8,9.1,1560.0,1
58.5,16.6,25.7,34.1,1410.0,1
55.3,1.2,28.7,17.1,2195.0,1
80.7,0.1,22.5,25.6,1606.0,1
47.0,8.0,26.1,10.7,1257.0,0
66.8,26.8,30.0,29.9,2332.0,2
69.5,20.6,26.6,10.8,555.0,1
47.8,22.5,24.6,6.9,925.0,2
62.9,1.7,20.2,15.3,2014.0,2
73.1,7.0,24.4,25.2,245.0,1
56.2,0.6,29.7,7.0,1382.0,1
63.2,11.3,28.5,24.4,2267.0,1
46.8,9.8,27.6,7.5,848.0,0
37.0,0.9,29.0,27.3,176.0,1
58.9,1.3,27.0,30.0,1304.0,0
75.8,5.1,28.2,7.8,1485.0,1
63.0,3.1,27.3,33.0,1367.0,0
66.0,4.1,28.0,5.6,1104.0,1
42.5,1.3,26.4,28.7,1699.0,0
60.5,1.0,25.0,14.0,2474.0,0
71.2,21.8,19.8,32.6,972.0,2
40.9,32.7,25.2,21.3,135.0,2
47.9,0.9,23.1,19.3,808.0,1
32.0,0.7,31.7,32.1,1336.0,2
66.4,10.6,25.1,31.4,1233.0,0
69.5,7.6,23.2,26.6,1423.0,1
72.8,14.8,27.3,12.8,1649.0,1
48.8,0.5,25.9,5.7,1247.0,0
56.1,3.4,26.9,21.6,2066.0,0
38.4,18.5,23.5,7.6,684.0,1
56.7,1.0,24.4,27.2,1134.0,0
65.6,14.3,28.0,12.9,1807.0,1
50.3,0.0,23.7,29.8,1793.0,1
59.2,4.6,28.2,25.0,988.0,1
41.8,4.1,24.7,23.0,1598.0,0
52.7,0.8,25.0,22.3,1056.0,0
58.8,13.7,29.2,6.4,1176.0,1
48.4,24.5,25.0,18.9,694.0,2
76.3,1.0,25.7,30.8,1276.0,1
78.5,2.6,27.7,21.8,1688.0,1
60.4,2.2,21.2,18.2,1495.0,1
50.8,1.8,23.7,27.4,1068.0,1
52.7,5.4,23.1,9.2,1766.0,1
68.5,0.3,27.5,10.2,594.0,1
56.9,7.8,24.6,34.4,1210.0,0
44.9,19.7,22.8,32.9,0.0,1
39.4,0.1,26.8,9.0,1325.0,0
39.9,0.3,29.8,23.1,1974.0,1
80.6,15.9,29.2,24.7,1416.0,1
71.3,4.7,26.5,14.4,1080.0,1
58.0,16.1,27.5,7.6,1228.0,1
49.9,7.0,29.1,5.5,927.0,1
68.8,1.8,26.7,24.0,1183.0,1
65.5,9.8,26.5,30.3,1336.0,0
58.6,0.5,24.5,13.1,1275.0,0
56.0,6.3,27.4,12.1,1089.0,0
55.8,7.7,26.1,7.5,1447.0,0
51.7,0.2,27.9,19.7,652.0,0
43.4,10.9,24.7,9.8,1336.0,0
48.0,7.0,27.2,19.3,1332.0,0
78.3,34.2,27.9,15.5,648.0,2
65.6,0.1,23.5,24.8,1216.0,1
42.5,21.4,24.5,12.0,1533.0,1
56.4,8.1,29.0,13.5,589.0,1
55.5,14.5,28.9,15.4,1357.0,1
63.8,3.2,28.1,32.0,1132.0,1
53.7,3.0,29.3,28.4,1649.0,1
54.3,8.0,27.9,18.5,923.0,0
61.3,29.3,20.0,10.3,329.0,2
63.5,0.4,18.4,26.2,1324.0,2
54.7,4.5,27.5,21.4,1375.0,0
50.9,1.9,22.1,5.8,1850.0,1
29.1,36.6,29.2,13.8,1132.0,2
51.6,8.2,20.7,6.4,1000.0,2
62.4,0.2,23.7,16.0,1014.0,1
52.9,3.4,27.7,33.7,1477.0,0
59.7,39.7,19.5,22.9,964.0,2
49.7,6.3,18.3,5.4,1175.0,2
59.3,0.1,26.1,10.5,2145.0,0
60.1,4.9,25.3,22.7,1579.0,0
75.1,0.6,24.0,25.1,2088.0,1
56.1,16.2,24.5,5.9,1616.0,1
75.0,3.3,23.9,23.0,1705.0,1
50.2,1.5,25.7,5.3,1751.0,0
54.4,8.4,25.6,23.2,996.0,0
48.5,2.9,23.5,13.9,1350.0,1
58.6,2.4,32.3,27.5,1158.0,2
45.4,10.1,22.7,16.7,661.0,1
51.3,1.7,29.6,19.0,2077.0,1
76.6,5.0,27.2,6.8,1511.0,1
65.6,27.5,21.4,27.3,824.0,2
42.9,6.4,23.9,24.5,1463.0,1
55.4,36.7,28.4,20.6,1269.0,2
39.0,16.0,26.1,22.9,737.0,1
54.1,0.7,23.2,19.1,1188.0,1
84.8,5.6,28.0,32.7,1771.0,1
41.5,6.5,25.4,24.6,1846.0,0
69.9,0.4,26.8,7.2,1129.0,1
57.9,3.5,21.6,30.8,1673.0,1
41.6,9.0,30.0,15.3,1766.0,1
61.4,0.7,21.4,29.5,858.0,1
58.6,6.0,31.4,27.5,976.0,2
50.1,0.6,27.1,18.8,1330.0,0
33.3,28.5,29.1,26.5,761.0,2
62.9,0.8,23.8,19.7,1180.0,1
46.9,0.0,27.4,25.7,1576.0,0
63.9,5.9,26.3,23.6,1849.0,0
64.5,1.0,26.6,22.5,1810.0,0
62.0,31.2,26.8,26.0,1357.0,2
62.9,28.6,23.7,29.2,1186.0,2
52.2,19.4,30.4,32.5,593.0,1
64.9,1.8,21.8,11.0,1545.0,1
39.4,6.6,25.0,22.7,1402.0,0
52.6,8.2,25.3,18.0,1476.0,0
73.6,2.6,22.6,17.4,1629.0,1
68.3,4.2,21.3,28.4,1127.0,1
53.6,3.8,30.3,23.9,1678.0,1
71.4,7.6,26.8,34.4,1611.0,1
56.0,5.9,24.5,16.2,1401.0,0
48.9,14.7,30.1,19.6,1106.0,1
51.6,3.7,24.3,20.6,2023.0,0
56.4,1.3,24.2,20.7,1313.0,0
33.4,7.4,30.0,26.8,1372.0,2
46.7,1.8,31.1,9.9,970.0,2
63.4,16.8,24.1,19.1,1471.0,1
60.1,15.5,27.2,17.8,570.0,1
46.2,10.2,19.3,11.7,1142.0,2
60.6,2.3,28.9,32.6,760.0,1
49.9,0.0,28.3,11.0,1439.0,1
38.9,3.9,28.4,30.4,1061.0,1
65.3,7.9,26.8,20.8,179.0,1
65.3,4.5,21.9,19.7,1577.0,1
50.3,2.6,30.1,17.7,1194.0,1
75.7,2.7,29.1,26.6,1389.0,1
47.1,2.4,27.2,7.5,1961.0,0
42.7,21.0,23.8,16.1,1269.0,1
51.9,24.6,30.1,32.8,1490.0,2
53.4,29.8,28.0,12.0,1099.0,2
55.2,0.7,18.4,30.2,1292.0,2
39.0,3.8,22.3,11.3,336.0,1
57.7,4.9,28.0,20.3,729.0,0
54.3,6.5,25.0,13.7,1409.0,0
73.1,9.4,25.3,23.9,1345.0,1
78.0,0.9,31.0,16.9,1518.0,2
36.2,23.1,35.3,11.1,1185.0,2
56.5,6.6,21.8,14.2,1015.0,1
69.7,0.8,27.9,15.2,649.0,1
54.5,11.6,26.5,15.2,1168.0,0
65.8,3.5,25.1,17.2,1634.0,0
46.3,2.2,27.5,11.9,1363.0,0
40.8,5.1,28.1,8.5,961.0,1
48.8,6.3,28.6,16.7,522.0,1
86.0,2.8,28.3,19.4,1344.0,1
65.2,6.9,24.2,6.6,1456.0,0
46.9,5.6,29.7,30.9,817.0,1
33.1,30.6,26.2,10.5,736.0,2
43.1,34.4,27.1,31.7,706.0,2
48.0,12.6,27.5,32.7,978.0,0
58.8,0.2,29.7,30.8,1661.0,1
48.7,7.1,28.7,8.2,2019.0,1
68.3,0.1,26.8,9.8,1897.0,1
68.0,0.9,31.5,18.0,1478.0,2
63.4,17.9,26.2,23.5,1512.0,1
44.7,4.1,28.2,21.8,1310.0,1
67.0,8.7,25.9,29.7,2098.0,0
51.1,12.1,28.4,8.4,1527.0,1
54.9,1.0,22.7,8.5,1767.0,1
60.5,9.4,29.0,13.4,1668.0,1
54.0,4.0,31.3,16.4,1053.0,2
78.6,5.7,26.4,8.7,1272.0,1
75.2,3.1,24.5,24.6,731.0,1
61.2,5.8,25.9,22.3,1446.0,0
84.1,34.4,26.1,5.5,670.0,2
72.2,28.7,27.2,34.4,1050.0,2
35.7,10.5,21.9,18.8,1020.0,1
66.4,21.6,22.7,8.2,1157.0,1
58.6,1.6,24.5,18.1,859.0,0
56.6,3.2,27.3,25.2,1951.0,0
57.5,5.8,23.6,31.5,1357.0,1
58.5,1.6,25.9,6.8,1802.0,0
35.9,24.4,19.2,10.3,1414.0,2
40.6,0.1,24.3,33.2,947.0,0
52.4,1.1,26.0,19.6,1625.0,0
55.8,1.0,25.5,9.6,0.0,1
57.7,2.1,21.3,14.0,1371.0,1
55.6,0.5,32.0,28.7,1609.0,2
66.3,1.9,26.6,33.5,841.0,0
46.4,0.3,34.2,5.6,1560.0,2
72.8,2.7,30.6,20.0,1376.0,1
63.4,3.0,34.7,23.1,1992.0,2
44.8,2.5,28.2,32.1,1066.0,1
47.6,12.6,23.3,16.5,1522.0,1
72.1,50.0,27.4,13.2,424.0,2
70.0,3.1,26.2,29.4,1347.0,1
38.9,10.2,29.7,21.9,1405.0,1
48.2,4.0,29.0,11.9,1392.0,1
61.8,2.9,23.0,25.4,1727.0,1
56.5,12.7,30.0,28.9,1845.0,1
66.9,10.0,22.4,31.1,1379.0,1
53.5,0.6,24.2,17.7,2094.0,0
51.1,6.9,27.5,15.8,1413.0,0
48.2,2.5,28.0,18.5,1811.0,0
54.3,19.6,29.1,15.4,788.0,1
43.4,3.2,23.8,13.2,1604.0,1
56.3,10.5,25.5,24.8,1196.0,0
59.0,5.1,28.2,33.2,1860.0,1
63.2,19.0,30.4,15.0,636.0,1
68.9,20.5,27.3,29.7,1087.0,1
63.2,4.2,25.8,24.7,1177.0,0
55.1,16.9,20.2,29.4,810.0,2
53.2,2.9,26.1,18.1,2099.0,0
59.1,10.4,29.9,21.6,1348.0,1
45.2,26.6,25.6,12.1,1562.0,2
43.7,5.3,27.6,15.1,2261.0,0
21.9,22.0,31.6,22.8,664.0,2
77.7,4.0,25.5,14.8,1309.0,1
55.0,1.5,26.5,19.7,1604.0,0
63.7,50.0,26.0,22.4,963.0,2
46.3,18.7,28.7,22.4,1996.0,1
77.3,0.0,27.2,28.2,584.0,1
55.4,1.3,21.2,31.2,1266.0,1
61.3,1.6,28.6,12.2,643.0,1
45.7,3.4,26.0,24.3,1165.0,0
58.4,26.1,26.5,34.6,1057.0,2
34.9,1.0,22.5,27.4,1411.0,2
80.5,0.3,24.9,11.3,886.0,1
77.8,12.8,23.7,6.8,327.0,1
50.8,2.0,26.2,11.3,1834.0,0
42.9,5.4,25.7,34.5,1346.0,0
50.1,12.7,29.4,27.6,1677.0,1
42.7,10.1,24.6,34.1,1500.0,0
51.8,2.2,20.9,15.7,1501.0,2
63.3,3.4,29.3,31.2,0.0,1
65.7,2.3,28.2,18.6,973.0,1
40.2,50.0,25.7,27.9,1170.0,2
60.3,18.5,26.8,7.3,1434.0,1
52.8,9.0,28.2,7.3,1389.0,1
30.5,3.0,30.0,10.9,958.0,2
37.1,14.4,26.8,32.2,1688.0,1
52.3,10.3,23.5,22.6,842.0,1
61.5,20.7,19.9,26.2,848.0,2
46.0,1.8,25.3,19.0,921.0,0
52.6,0.3,21.5,27.2,1040.0,1
46.8,15.1,26.6,24.9,626.0,1
45.0,2.0,18.4,31.6,1395.0,2
56.6,32.0,23.1,30.5,425.0,2
57.3,14.3,27.0,31.5,1292.0,1
28.1,4.0,28.0,18.5,1278.0,2
63.1,11.5,25.3,30.7,2022.0,0
64.5,2.2,25.9,14.9,0.0,1
50.3,1.7,24.2,13.8,1747.0,0
60.9,8.9,26.4,28.5,1467.0,0
44.7,17.4,20.8,30.4,1357.0,2
47.0,14.4,25.9,5.3,1134.0,1
57.2,4.6,31.9,32.4,1706.0,2
66.7,3.6,26.1,18.5,317.0,1
44.1,11.4,25.8,18.9,928.0,0
65.9,17.4,25.7,9.8,673.0,1
61.7,22.6,30.5,9.5,1259.0,2
64.9,2.9,27.1,28.4,1774.0,0
41.2,16.4,30.7,7.8,813.0,1
68.7,3.3,26.9,31.6,901.0,1
59.9,5.5,24.9,17.4,1476.0,0
69.7,1.6,21.4,24.5,1649.0,1
43.0,2.0,27.1,18.5,931.0,0
56.4,13.2,22.8,27.9,648.0,1
56.6,12.3,25.6,18.1,767.0,0
65.3,6.4,29.2,7.8,1846.0,1
68.6,10.7,29.3,20.4,1896.0,1
66.3,1.5,26.6,28.3,892.0,0
66.8,1.6,22.1,27.8,1762.0,1
58.9,50.0,29.1,32.8,675.0,2
47.9,26.8,28.1,15.6,859.0,2
49.8,18.4,23.1,25.5,389.0,1
48.6,11.8,31.0,29.9,1934.0,1
46.9,5.9,24.8,10.1,1156.0,0
80.4,1.4,25.9,25.0,329.0,1
58.5,3.1,26.8,8.6,1703.0,0
34.1,9.5,28.5,14.0,1069.0,2
40.2,10.9,24.9,15.1,1731.0,0
27.6,2.8,28.2,24.5,1540.0,2
46.6,3.2,20.4,6.9,1138.0,2
54.2,19.6,26.5,22.7,788.0,1
50.3,12.5,29.5,21.2,1479.0,1
47.4,50.0,26.4,26.5,619.0,2
66.8,18.2,28.5,26.9,942.0,1
52.9,0.4,26.4,12.6,1642.0,0
59.4,0.6,24.9,5.1,1855.0,0
52.2,23.5,24.0,30.4,848.0,2
38.8,8.6,28.4,13.4,848.0,1
58.1,20.1,24.7,13.9,1300.0,1
55.2,9.8,25.7,13.6,1588.0,0
47.0,4.1,24.5,28.5,1376.0,0
47.8,1.6,22.6,13.3,1536.0,1
47.6,7.6,30.0,26.4,1436.0,1
51.7,15.7,23.3,7.3,883.0,1
71.8,31.3,27.1,7.7,706.0,2
31.4,4.3,27.5,19.4,1659.0,2
53.1,1.9,28.1,27.3,1472.0,1
50.5,4.0,28.3,32.2,2105.0,1
51.5,10.2,24.8,20.5,778.0,0
46.5,0.8,21.6,31.4,1825.0,1
74.2,11.2,23.0,17.0,1287.0,1
86.1,4.4,26.0,27.8,2142.0,1
61.1,3.6,29.8,33.5,1322.0,1
41.7,8.6,26.5,30.1,842.0,0
54.0,0.6,28.8,11.7,360.0,1
32.0,1.4,24.3,25.1,2123.0,2
60.5,21.3,24.1,16.9,159.0,1
44.7,1.6,27.6,8.7,1489.0,0
61.3,5.4,32.3,26.3,1927.0,2
49.0,4.7,29.7,5.4,925.0,1
47.5,23.0,25.2,23.8,978.0,2
51.7,7.9,28.0,34.1,1004.0,1
50.6,21.1,27.2,16.9,1086.0,1
66.8,9.3,21.6,31.1,923.0,1
38.5,7.5,24.6,34.3,1256.0,0
25.2,17.0,30.4,26.1,1119.0,2
70.4,1.1,16.0,15.2,1810.0,2
62.7,23.7,27.2,28.7,1165.0,2
58.0,5.8,28.4,10.0,1696.0,1
65.0,4.3,28.7,29.9,874.0,1
67.9,3.9,22.5,27.2,1612.0,1
50.7,19.3,31.3,7.3,489.0,2
46.1,1.6,25.8,27.1,1060.0,0
38.5,16.3,23.7,15.6,799.0,1
57.3,6.5,23.8,24.1,998.0,1
66.3,20.0,27.0,11.6,1169.0,1
53.8,1.7,32.1,9.4,1712.0,2
26.8,13.4,28.5,24.2,387.0,2
44.2,2.0,20.5,7.8,1247.0,2
39.9,4.7,25.8,20.0,975.0,0
67.2,8.9,24.2,18.7,1429.0,0
43.4,17.6,25.1,20.1,1945.0,1
58.3,3.1,28.1,10.4,2123.0,1
53.5,19.0,27.9,7.2,1115.0,1
44.5,0.7,27.2,34.3,1701.0,0
48.7,3.7,25.5,12.2,590.0,0
56.8,0.4,29.2,20.3,1418.0,1
62.1,4.0,26.9,22.8,1939.0,0
40.8,3.1,23.6,34.0,874.0,1
53.9,4.1,28.6,33.5,1338.0,1
62.3,25.7,24.8,22.1,723.0,2
44.7,2.7,28.5,7.8,1236.0,1
77.0,2.2,23.6,34.6,773.0,1
56.1,0.6,24.9,8.0,2336.0,0
70.7,3.0,29.3,21.7,1156.0,1
60.3,3.5,31.3,8.9,597.0,2
67.5,6.5,27.6,23.9,838.0,0
55.9,15.2,23.4,34.1,2053.0,1
51.0,3.4,29.7,21.3,2105.0,1
57.1,1.3,24.1,28.6,1303.0,0
47.0,6.3,22.2,14.5,1373.0,1
34.2,13.1,20.0,7.9,1702.0,2
70.9,0.1,26.9,12.1,1001.0,1
62.0,6.1,25.3,9.7,1279.0,0
53.4,1.1,26.2,22.5,815.0,0
35.7,2.3,29.5,28.1,1329.0,1
61.1,2.6,28.3,28.5,1212.0,1
39.7,14.3,20.8,18.6,485.0,2
56.6,2.1,30.0,20.5,1233.0,1
68.2,2.3,27.8,9.4,1796.0,1
62.7,50.0,31.2,30.6,567.0,2
46.3,6.3,24.6,17.7,2500.0,0
56.2,6.4,26.4,6.5,1179.0,0
54.9,0.6,25.5,27.8,1181.0,0
44.9,2.3,31.3,9.0,1722.0,2
57.9,3.9,24.4,20.5,1344.0,0
60.5,16.4,24.6,6.7,1802.0,1
66.0,18.4,29.6,12.4,802.0,1
64.0,1.5,24.1,6.3,1534.0,0
51.1,11.8,30.3,18.6,866.0,1
67.7,13.4,26.2,16.2,1501.0,0
72.4,8.9,25.3,5.9,992.0,1
56.9,2.9,28.1,13.6,1110.0,1
64.5,34.3,23.5,27.8,251.0,2
64.3,1.3,25.6,34.5,1912.0,0
53.8,19.1,31.4,28.5,1393.0,2
63.8,1.2,28.6,7.0,1922.0,1
53.5,4.8,28.8,20.0,244.0,1
39.4,2.7,26.1,22.6,1028.0,0
68.8,0.6,26.6,32.8,1686.0,1
44.0,4.6,25.8,22.6,1207.0,0
56.9,1.5,21.8,8.3,1816.0,1
64.8,26.5,27.1,15.9,1200.0,2
60.6,5.1,28.8,34.5,1171.0,1
64.9,1.4,24.6,16.2,1286.0,0
36.1,3.0,22.6,17.1,1556.0,1
52.5,8.6,28.3,15.3,1282.0,1
41.0,7.1,27.2,13.0,1203.0,0
59.6,13.9,25.9,33.1,1766.0,0
58.3,50.0,21.6,7.9,955.0,2
73.8,0.4,24.8,23.5,2356.0,1
51.4,7.3,26.0,20.9,1636.0,0
52.7,5.7,24.5,20.2,1613.0,0
33.1,21.4,22.6,13.3,953.0,2
41.0,6.9,26.0,33.6,1432.0,0
45.0,25.1,31.1,18.9,982.0,2
37.9,12.0,25.4,18.8,1392.0,0
47.5,7.5,28.0,15.5,1519.0,1
46.1,1.4,32.4,21.2,1151.0,2
53.3,3.3,20.3,34.4,2354.0,2
47.8,4.1,23.8,9.3,1488.0,1
49.4,2.7,24.8,19.2,1228.0,0
42.0,12.6,33.0,20.4,1410.0,2
56.7,0.3,22.0,17.1,949.0,1
59.1,1.3,29.0,20.5,1977.0,1
22.1,3.2,25.9,13.6,2006.0,2
66.7,2.2,21.0,11.7,1444.0,2
56.2,1.8,24.1,16.2,1232.0,0
55.5,5.9,27.3,25.9,1149.0,0
53.0,2.2,28.6,30.8,1616.0,1
57.7,24.4,25.7,32.8,1360.0,2
90.3,25.9,25.9,25.8,1330.0,2
63.3,1.1,24.0,14.1,917.0,1
61.1,11.8,27.5,14.8,707.0,0
53.0,4.8,23.9,15.9,1092.0,1
70.4,14.6,28.1,27.8,1096.0,1
50.8,3.3,29.7,20.3,976.0,1
51.4,29.5,23.8,6.9,743.0,2
63.4,1.9,26.4,30.2,1081.0,0
52.7,0.5,28.8,14.3,1257.0,1
44.4,2.2,23.6,34.8,1211.0,1
51.2,2.5,22.8,31.3,1638.0,1
42.4,2.6,24.2,23.3,1758.0,0
43.0,12.0,28.2,18.7,682.0,1
64.3,6.7,22.7,30.1,1909.0,1
56.4,5.8,32.0,9.9,963.0,2
47.1,26.9,30.8,10.8,642.0,2
62.2,5.2,20.3,14.2,942.0,2
35.2,6.8,28.4,15.0,1900.0,1
42.5,10.4,26.7,16.7,698.0,0
55.5,32.7,30.9,10.7,896.0,2
66.9,22.8,22.9,16.4,604.0,2
60.1,11.3,26.9,6.0,1551.0,0
46.4,0.3,29.4,18.8,1598.0,1
35.2,9.7,28.1,14.3,1193.0,1
58.9,3.2,29.7,14.7,1096.0,1
47.9,2.8,28.8,29.9,1420.0,1
55.5,40.7,26.8,9.8,725.0,2
48.0,10.3,24.4,5.5,1249.0,0
47.0,7.7,27.4,9.0,711.0,0
50.1,11.0,25.3,16.1,1734.0,0
61.1,11.6,30.2,15.2,1112.0,1
73.3,5.5,29.0,23.5,2081.0,1
45.0,2.7,25.1,23.0,1734.0,0
70.5,3.4,25.2,25.1,1074.0,1
74.5,44.2,22.1,22.3,1003.0,2
57.3,0.4,27.3,8.5,1804.0,0
78.5,16.0,24.8,22.3,854.0,1
45.4,0.8,25.0,12.7,2500.0,0
64.0,0.1,31.4,27.0,2326.0,2
52.1,5.5,28.7,20.6,770.0,1
52.0,18.3,23.6,6.4,829.0,1
54.0,5.3,25.9,22.2,1001.0,0
51.1,18.8,23.1,6.1,758.0,1
58.2,19.9,30.4,25.9,1196.0,1
31.8,5.1,26.9,20.2,1366.0,2
60.1,5.4,22.4,24.7,1125.0,1
38.1,11.7,27.9,31.3,573.0,0
63.0,7.0,22.8,34.7,1091.0,1
64.7,25.7,22.2,14.2,1729.0,2
59.0,4.4,29.3,7.2,966.0,1
48.6,5.7,29.8,12.9,1662.0,1
42.2,7.7,22.1,11.2,683.0,1
62.7,12.6,22.6,25.6,281.0,1
59.1,9.7,25.9,23.4,614.0,0
70.8,8.9,25.3,5.5,979.0,1
59.4,12.8,25.2,10.5,1159.0,0
38.2,11.1,24.2,31.2,867.0,0
26.4,2.4,28.6,33.6,455.0,2
56.7,0.5,22.7,7.3,1127.0,1
54.8,4.2,27.8,17.8,1041.0,0
38.1,5.7,26.3,10.8,1253.0,0
49.7,7.5,21.0,9.8,482.0,2
46.4,0.7,26.0,25.8,898.0,0
65.1,10.3,28.6,24.5,1285.0,1
50.3,5.1,24.7,33.3,1369.0,0
54.6,1.0,23.8,23.9,811.0,1
46.8,1.5,23.8,30.4,975.0,1
49.9,0.8,25.7,34.4,1502.0,0
68.5,4.5,24.8,11.0,1381.0,1
34.8,18.8,25.0,28.1,763.0,2
44.4,5.9,26.1,23.4,1642.0,0
48.8,16.2,26.4,16.2,850.0,1
45.0,24.7,30.1,18.9,1364.0,2
46.3,4.9,23.0,11.3,1665.0,1
66.8,6.9,27.6,23.7,1315.0,0
42.5,0.3,27.2,17.9,551.0,0
58.4,9.5,26.1,7.9,1385.0,0
48.1,7.5,25.0,22.1,1205.0,0
64.6,1.7,30.0,18.6,1528.0,1
41.4,0.3,25.0,26.4,1341.0,0
58.9,8.0,27.5,27.8,507.0,0
57.0,6.2,23.4,33.1,666.0,1
57.0,11.4,26.3,34.2,822.0,0
85.7,4.6,32.6,16.6,1365.0,2
67.7,4.7,26.6,30.9,1548.0,0
38.4,0.6,29.8,18.4,1392.0,1
60.2,9.5,25.3,22.1,1299.0,0
53.2,3.2,23.4,33.9,1748.0,1
49.5,9.2,32.2,34.4,1444.0,2
48.0,5.7,33.1,8.2,1442.0,2
67.6,2.2,23.7,26.8,1291.0,1
66.4,1.4,26.5,23.2,1324.0,0
39.9,7.0,24.7,25.1,1637.0,0
39.6,1.8,24.7,10.0,1229.0,0
46.0,7.0,25.7,33.5,1473.0,0
25.9,1.5,20.8,17.3,1802.0,2
74.1,8.2,19.0,15.8,1538.0,2
56.0,17.3,27.5,16.6,1335.0,1
47.2,0.8,29.3,33.5,1487.0,1
63.4,6.9,20.3,17.9,1371.0,2
55.4,1.7,28.6,9.8,1204.0,1
55.5,1.2,25.7,19.4,1333.0,0
40.2,2.3,24.7,12.6,2034.0,0
46.5,0.5,26.4,23.2,1174.0,0
63.1,10.8,20.8,15.4,483.0,2
60.1,14.1,24.5,23.6,285.0,1
40.6,9.0,23.2,25.0,1793.0,1
58.3,0.0,26.2,31.2,2500.0,0
55.9,10.4,26.5,27.4,509.0,0
79.9,4.3,25.6,18.1,798.0,1
45.1,21.6,22.4,7.8,476.0,1
72.7,3.8,19.3,9.6,1408.0,2
51.1,2.0,26.6,25.1,1387.0,0
47.7,7.9,23.0,28.3,1324.0,1
51.1,5.0,29.2,24.0,2043.0,1
66.1,11.6,24.0,28.1,479.0,1
64.4,0.7,31.9,10.2,993.0,2
59.9,17.9,24.6,10.6,2149.0,1
65.8,17.1,28.5,30.3,765.0,1
61.5,0.2,24.6,24.2,2449.0,0
55.8,3.6,24.9,30.2,1337.0,0
59.2,2.5,26.5,22.4,1062.0,0
80.0,10.0,24.8,27.6,1515.0,1
57.1,50.0,27.6,34.5,105.0,2
46.3,0.0,28.6,13.1,1525.0,1
41.9,16.6,25.5,9.4,1400.0,1
37.0,2.2,24.3,27.8,1609.0,0
71.6,3.3,26.5,28.8,980.0,1
65.3,1.1,27.1,23.2,2500.0,0
51.9,1.5,26.9,26.8,1597.0,0
56.4,1.3,32.4,13.4,764.0,2
44.4,8.1,33.2,6.4,638.0,2
41.3,2.4,24.4,8.0,1500.0,0
69.2,4.5,24.4,9.8,1152.0,1
39.0,11.0,26.2,5.3,1019.0,0
72.2,3.7,28.6,15.3,2063.0,1
45.6,5.8,23.4,24.3,2018.0,1
51.3,1.4,28.7,30.3,1328.0,1
65.0,4.3,28.7,20.2,1185.0,1
57.0,2.9,25.7,12.7,1546.0,0
61.9,23.5,24.9,11.7,1482.0,2
67.0,24.4,30.2,11.5,915.0,2
57.9,6.3,27.2,16.0,1676.0,0
45.6,1.4,22.8,19.6,1771.0,1
48.6,16.5,25.9,29.4,1550.0,1
59.1,0.2,26.4,11.3,1813.0,0
79.7,1.6,25.6,5.7,1827.0,1
43.3,14.1,32.0,10.1,1026.0,2
58.5,8.8,24.6,13.8,1810.0,0
43.0,0.2,31.1,33.0,925.0,2
47.9,9.6,28.9,10.8,577.0,1
70.2,16.6,25.8,22.6,1246.0,1
51.1,21.6,22.8,15.7,1806.0,1
52.0,4.0,25.6,16.9,1448.0,0
65.8,0.3,26.7,7.8,1659.0,0
55.1,22.0,23.9,16.8,1031.0,2
53.1,10.9,23.0,21.7,1651.0,1
38.8,12.8,31.2,32.0,1215.0,2
75.2,0.9,23.6,19.8,1560.0,1
88.4,16.8,25.1,20.5,1256.0,1
67.0,25.2,28.9,20.6,1194.0,2
65.6,19.7,22.1,20.9,0.0,1
45.0,9.4,31.4,6.9,1800.0,2
52.0,1.2,28.0,9.6,321.0,1
63.7,1.7,25.8,16.5,563.0,0
31.8,5.3,25.9,10.6,1176.0,2
67.2,0.7,21.3,26.5,1580.0,1
58.3,1.9,23.4,12.7,1045.0,1
39.8,3.8,22.6,34.7,1453.0,1
55.7,21.7,27.0,22.2,1374.0,1
78.1,39.9,20.8,16.0,246.0,2
49.6,7.5,25.8,20.3,1250.0,0
78.7,13.6,21.0,28.2,983.0,1
63.1,3.2,24.6,10.9,1168.0,0
61.2,4.9,25.5,13.2,1832.0,0
51.1,1.1,24.2,25.5,1455.0,0
50.9,39.2,30.0,28.5,1843.0,2
62.5,3.9,27.3,24.9,1396.0,0
69.4,0.8,28.9,18.5,1713.0,1
60.0,0.1,21.0,16.5,1517.0,1
52.0,1.9,24.6,19.1,1852.0,0
48.0,0.3,18.5,33.0,1261.0,2
47.9,0.8,27.3,20.0,1678.0,0
77.1,8.4,34.8,34.1,1270.0,2
59.3,12.4,23.6,25.7,760.0,1
56.2,3.7,27.0,22.6,988.0,0
66.5,2.5,24.7,11.0,678.0,0
40.6,3.0,23.9,13.4,1765.0,1
61.7,24.7,27.2,15.6,1592.0,2
55.6,15.5,22.4,6.3,773.0,1
60.1,8.2,31.1,23.9,1105.0,2
62.1,2.6,22.8,13.1,2235.0,1
42.3,1.2,25.1,12.5,1998.0,0
75.8,5.2,25.3,26.3,1043.0,1
64.0,28.7,27.2,29.9,1674.0,2
61.8,2.4,29.9,21.3,1257.0,1
56.5,3.0,25.1,16.2,1642.0,0
63.0,5.6,21.4,19.3,944.0,1
32.7,4.4,25.2,24.8,867.0,2
53.9,4.9,24.1,34.8,1452.0,0
59.1,1.2,24.7,26.0,1269.0,0
63.5,15.1,29.6,22.2,1483.0,1
58.8,5.6,23.6,5.0,782.0,1
66.8,1.6,34.4,15.0,1721.0,2
55.6,5.7,25.4,22.3,2389.0,0
43.1,50.0,23.7,22.1,770.0,2
51.8,2.8,27.6,6.7,1666.0,0
55.2,2.2,25.6,26.4,978.0,0
50.8,0.1,23.5,11.9,1065.0,1
60.1,7.7,26.2,26.6,1371.0,0
51.8,5.9,22.8,22.1,1393.0,1
65.3,1.8,28.0,7.5,748.0,0
35.8,0.9,27.1,23.7,1375.0,0
78.4,17.4,25.8,23.5,1213.0,1
54.6,44.0,31.0,8.4,1117.0,2
50.2,4.9,26.1,14.3,1416.0,0
73.8,9.7,27.0,13.0,476.0,1
48.2,14.4,28.4,26.7,1424.0,1
59.6,17.6,26.1,6.1,1489.0,1
43.4,4.0,24.1,19.7,1190.0,0
57.7,10.8,28.2,18.6,2010.0,1
43.2,3.4,30.7,11.8,883.0,1
56.2,13.3,23.2,20.1,509.0,1
62.1,7.8,20.9,24.9,894.0,2
46.6,14.5,24.5,30.4,1748.0,1
57.3,1.0,21.6,32.5,2001.0,1
59.2,25.6,25.0,24.1,1184.0,2
56.1,0.4,27.3,20.1,1345.0,0
51.0,8.1,23.7,32.1,893.0,1
57.4,7.4,24.5,6.6,1190.0,0
57.2,1.8,29.0,7.3,1287.0,1
78.6,4.0,23.9,13.7,1363.0,1
51.4,7.1,25.7,21.1,1680.0,0
57.0,8.3,27.6,28.9,977.0,0
65.4,8.3,21.6,33.8,1125.0,1
55.2,1.1,24.9,7.2,1498.0,0
69.3,7.7,24.2,21.1,1184.0,1
52.3,1.7,20.7,33.6,544.0,2
43.1,4.8,27.2,7.1,1166.0,0
66.0,2.6,23.4,21.9,1266.0,1
55.6,1.3,25.3,12.1,1649.0,0
69.0,2.5,24.5,34.6,1832.0,1
67.1,7.4,21.8,21.9,1896.0,1
68.7,4.6,25.9,23.6,1659.0,1
40.9,1.3,26.5,18.7,1729.0,0
55.0,20.2,28.8,23.5,960.0,1
60.7,8.3,26.3,7.4,1048.0,0
82.1,7.5,24.7,15.4,1320.0,1
65.7,41.4,26.2,33.0,67.0,2
55.7,5.3,29.1,32.6,990.0,1
63.0,11.2,25.1,21.8,984.0,0
54.4,17.0,27.9,15.8,1234.0,1
67.5,1.5,23.3,5.1,1391.0,1
83.7,21.3,31.9,30.3,1395.0,2
43.6,6.7,26.2,32.9,1632.0,0
45.1,0.7,31.2,17.0,1702.0,2
44.3,0.2,27.7,33.7,1661.0,0
44.9,3.2,22.4,6.4,1628.0,1
76.2,3.7,26.9,30.3,1695.0,1
72.9,6.6,25.7,16.6,1126.0,1
66.4,20.4,28.7,32.3,1839.0,1
47.9,10.7,24.0,25.3,295.0,1
61.6,5.1,25.9,19.8,1244.0,0
59.8,0.1,21.8,20.8,1535.0,1
68.4,0.1,25.1,16.4,211.0,1
39.0,0.6,28.2,7.2,1955.0,1
53.6,15.5,28.2,33.4,1880.0,1
47.9,50.0,28.9,22.8,237.0,2
54.8,1.5,25.6,28.9,2019.0,0
43.0,3.4,25.4,33.3,2039.0,0
51.5,18.6,30.4,26.2,1927.0,1
40.8,3.7,25.0,7.9,756.0,0
46.2,20.4,19.4,28.3,1614.0,2
41.6,29.6,29.6,12.7,887.0,2
56.5,2.0,27.8,20.8,1772.0,0
36.1,0.3,27.6,26.2,973.0,0
59.1,9.2,26.8,14.3,633.0,0
39.4,43.9,30.1,19.1,755.0,2
55.7,2.1,23.6,21.6,1895.0,1
52.3,4.9,20.6,5.2,401.0,2
47.0,1.5,28.2,6.1,1756.0,1
71.1,6.0,27.5,11.2,456.0,1
69.7,6.3,27.7,21.8,988.0,1
58.0,2.7,25.5,27.2,630.0,0
75.9,0.8,26.9,29.6,1730.0,1
57.7,1.9,27.4,22.3,1087.0,0
55.4,2.4,24.3,7.1,1063.0,0
23.6,15.9,22.6,22.0,769.0,2
20.5,10.5,24.0,28.4,1192.0,2
56.9,18.7,27.9,17.7,886.0,1
44.4,1.3,24.8,25.3,1793.0,0
42.6,29.5,23.8,25.4,747.0,2
46.0,4.7,27.5,8.0,1731.0,0
46.8,8.5,22.7,19.0,1288.0,1
65.7,1.9,24.6,34.6,1866.0,0
59.7,9.2,28.9,22.4,1701.0,1
59.2,1.0,21.1,25.8,2107.0,1
47.1,3.9,21.5,21.9,1392.0,1
64.6,3.5,32.5,10.9,1134.0,2
54.1,3.3,27.6,16.0,1474.0,0
81.6,15.4,31.5,6.7,771.0,2
71.5,18.2,23.2,11.6,1352.0,1
54.0,2.2,23.3,29.5,2187.0,1
60.6,25.6,22.1,17.5,1025.0,2
69.6,0.2,26.4,17.1,1697.0,1
42.0,6.6,18.0,27.7,489.0,2
64.8,4.6,23.5,19.1,897.0,1
38.1,5.3,21.7,34.2,441.0,1
64.5,5.3,28.6,17.2,1537.0,1
48.6,1.1,27.4,27.2,1804.0,0
62.6,16.6,20.7,7.8,385.0,2
63.2,5.0,28.2,9.4,1494.0,1
70.9,18.9,28.5,7.7,1037.0,1
53.1,10.9,25.3,7.8,1087.0,0
76.5,2.8,29.6,18.6,0.0,1
66.9,8.0,25.4,7.2,944.0,0
62.2,9.2,28.6,24.5,591.0,1
63.5,0.3,20.8,27.3,1780.0,2
73.7,4.1,23.6,11.0,295.0,1
61.2,9.7,26.3,16.7,1666.0,0
49.5,1.3,26.5,30.8,444.0,1
52.4,16.6,26.9,8.7,600.0,1
45.1,7.7,22.0,22.5,1493.0,1
72.0,6.5,29.2,20.0,1129.0,1
67.0,1.2,29.0,9.7,1960.0,1
52.8,3.8,27.0,27.8,2137.0,0
57.1,3.9,25.1,18.4,1011.0,0
72.3,0.7,28.1,28.4,1136.0,1
55.4,8.7,22.5,13.5,673.0,1
45.8,21.2,30.1,23.1,212.0,1
52.7,50.0,22.8,23.1,927.0,2
45.7,19.5,27.0,24.3,1198.0,1
52.8,14.1,23.9,32.3,1080.0,1
76.2,7.1,26.8,31.5,842.0,1
53.6,6.9,25.3,8.8,1365.0,0
62.9,12.2,21.6,26.8,1221.0,1
63.6,2.8,28.3,12.7,1327.0,1
54.8,3.9,24.8,13.9,1644.0,0
57.1,2.3,25.2,19.2,2111.0,0
51.0,3.3,24.8,28.8,1872.0,0
55.6,3.5,28.9,18.3,1587.0,1
55.4,42.5,27.1,29.4,550.0,2
79.1,20.4,24.9,20.0,1145.0,1
69.1,18.3,25.8,18.6,839.0,1
55.1,1.1,27.1,7.8,1650.0,0
51.3,2.6,23.9,29.5,1352.0,1
46.3,0.3,22.1,21.1,1202.0,1
78.8,33.8,25.6,28.7,0.0,2
49.2,11.0,24.9,14.8,428.0,1
65.5,5.5,22.2,6.5,857.0,1
55.1,1.7,29.5,13.3,1247.0,1
77.7,9.3,27.1,23.1,1520.0,1
64.5,1.2,30.2,23.4,1326.0,1
44.2,1.9,20.6,15.5,103.0,2
64.9,4.9,25.1,11.2,1106.0,0
46.9,2.0,29.1,6.5,1117.0,1
45.8,22.6,26.6,8.7,706.0,2
54.1,8.2,32.9,14.9,987.0,2
43.5,23.3,22.7,23.5,820.0,2
47.4,5.6,25.3,23.3,1458.0,0
59.1,1.6,28.8,16.1,1318.0,1
69.5,3.6,27.2,15.8,1628.0,1
36.0,22.8,29.0,11.1,1001.0,2
40.3,0.5,27.8,31.4,662.0,0
40.7,2.7,29.6,25.9,1088.0,1
41.3,1.2,24.9,29.7,1988.0,0
72.2,3.4,29.4,15.2,1247.0,1
68.3,25.0,23.3,11.0,658.0,2
77.9,4.3,30.2,20.3,1244.0,2
57.7,15.4,28.8,25.6,1380.0,1
51.1,2.5,23.3,26.3,633.0,1
74.0,3.8,26.9,13.1,1783.0,1
63.5,2.1,32.4,14.1,1573.0,2
51.1,1.8,32.0,32.9,856.0,2
51.2,4.2,25.5,26.2,919.0,0
69.5,0.4,26.4,33.3,2034.0,1
51.2,1.7,26.3,34.2,2041.0,0
35.1,11.3,25.7,21.3,1283.0,0
27.1,28.5,19.8,32.4,668.0,2
49.5,9.9,24.1,10.4,1635.0,0
54.0,11.5,26.3,34.3,1523.0,0
62.2,8.5,23.5,28.1,464.0,1
72.9,0.3,28.0,24.9,2423.0,1
48.7,2.3,32.0,13.9,1610.0,2
75.1,20.2,23.0,5.4,1141.0,1
51.4,1.2,28.9,6.2,1358.0,1
44.1,22.2,22.1,29.7,680.0,2
55.0,1.2,21.5,24.0,1424.0,1
66.6,5.3,22.5,35.0,1490.0,1
53.0,0.4,28.5,12.0,2419.0,1
41.3,50.0,26.8,21.4,870.0,2
39.6,18.7,24.3,9.0,305.0,1
62.8,1.6,31.3,21.2,1181.0,2
31.0,33.5,21.9,34.5,565.0,2
60.4,4.0,27.0,6.6,1516.0,0
73.4,3.0,27.5,10.3,1382.0,1
57.4,19.9,23.4,30.6,682.0,1
43.2,50.0,20.6,6.7,180.0,2
61.2,13.1,25.6,17.6,1290.0,0
42.2,50.0,23.1,22.9,1179.0,2
62.6,3.0,26.1,18.1,1618.0,0
45.2,0.4,22.9,34.7,1557.0,1
69.4,4.2,29.0,7.7,1040.0,1
57.4,12.8,26.3,27.6,1104.0,0
71.6,21.6,25.5,5.4,99.0,1
51.3,7.8,29.4,9.3,1031.0,1
65.6,2.4,28.2,20.4,700.0,1
75.9,0.8,29.8,5.8,1263.0,1
65.1,19.1,21.0,23.4,1092.0,1
55.7,15.5,23.3,18.9,1112.0,1
45.7,15.7,21.2,12.5,733.0,1
39.0,7.6,30.7,21.1,1045.0,1
54.3,1.5,21.1,22.2,1321.0,1
46.4,4.0,23.5,7.1,1057.0,1
60.3,6.9,24.4,30.7,2289.0,0
58.2,28.7,28.6,23.7,1323.0,2
54.3,0.3,23.3,27.2,1181.0,1
57.2,0.2,27.2,16.5,1371.0,0
52.3,15.6,26.9,14.0,973.0,1
55.4,8.4,27.8,19.4,1340.0,0
38.3,12.0,26.0,14.8,1598.0,0
54.6,1.4,19.3,21.3,990.0,2
73.4,0.3,28.3,7.2,2026.0,1
42.5,3.5,25.6,11.3,969.0,0
29.9,1.3,30.1,10.1,597.0,2
61.0,2.5,29.7,15.2,1935.0,1
55.0,9.4,27.9,24.4,976.0,0
56.3,3.7,25.3,17.8,728.0,0
48.9,0.7,27.1,12.6,1505.0,0
31.4,4.6,27.3,34.2,1113.0,2
49.6,0.7,24.6,27.9,965.0,0
56.5,4.4,26.0,21.3,1010.0,0
40.7,3.1,31.8,32.8,1105.0,2
45.1,2.5,20.1,7.6,816.0,2
71.4,1.4,23.2,26.3,1546.0,1
60.0,9.0,30.8,24.0,1023.0,1
36.7,8.3,28.8,30.2,789.0,1
61.8,9.0,29.5,31.9,1462.0,1
72.3,2.2,25.8,32.6,1281.0,1
35.7,2.9,26.2,27.5,2031.0,0
69.1,13.6,32.3,10.4,875.0,2
72.3,0.1,25.2,14.7,1451.0,1
38.5,12.9,29.2,20.0,943.0,1
71.4,19.6,24.4,24.9,651.0,1
58.7,0.6,25.1,24.4,965.0,0
70.4,23.0,26.8,30.4,1597.0,2
52.4,7.3,21.5,29.5,1627.0,1
51.8,13.6,26.3,34.1,786.0,0
30.4,21.7,22.3,28.0,930.0,2
39.9,1.7,29.8,21.5,1884.0,1
59.3,0.7,20.8,7.1,1397.0,2
51.0,4.9,23.6,19.3,1050.0,1
53.1,6.1,27.7,19.2,898.0,0
51.3,5.5,27.7,15.0,1569.0,0
46.2,7.5,24.1,25.4,1616.0,0
70.2,0.5,32.1,22.2,1746.0,2
68.3,2.7,32.1,5.7,1070.0,2
40.2,8.0,28.6,8.5,1156.0,1
65.9,12.0,28.4,10.1,406.0,1
43.4,3.7,22.5,30.8,1479.0,1
46.7,3.0,21.1,20.6,1780.0,1
53.6,19.1,25.3,20.6,890.0,1
67.7,26.0,27.7,17.3,1035.0,2
56.4,1.4,25.8,12.8,1398.0,0
74.1,1.0,32.0,33.4,1939.0,2
40.7,11.9,21.7,17.9,588.0,1
66.8,2.8,30.2,30.5,956.0,1
48.6,4.0,28.8,7.4,995.0,1
51.4,31.4,25.3,27.6,584.0,2
45.8,6.4,28.1,21.2,620.0,1
39.9,1.2,23.3,33.9,918.0,1
48.9,2.2,30.7,25.1,1112.0,1
62.9,4.4,19.6,19.2,1336.0,2
54.1,9.5,17.5,21.2,2314.0,2
75.4,0.1,28.5,22.4,1946.0,1
52.2,8.6,23.4,7.9,1830.0,1
43.8,5.0,25.0,12.5,1921.0,0
70.9,44.6,25.4,16.4,815.0,2
44.7,0.2,22.9,13.0,1232.0,1
66.4,6.4,26.8,29.5,1152.0,0
69.7,19.3,28.4,33.8,2053.0,1
61.2,38.7,22.6,8.6,755.0,2
64.3,7.1,25.1,7.6,579.0,0
42.1,0.0,27.0,19.3,1957.0,0
45.0,50.0,26.3,9.8,1236.0,2
35.6,11.6,23.8,31.1,887.0,1
45.3,15.5,25.2,24.3,1648.0,1
54.7,7.2,31.2,34.1,1622.0,2
36.3,4.6,24.8,33.7,1122.0,0
50.3,3.0,31.5,20.7,1581.0,2
59.8,1.0,23.8,16.4,1333.0,1
46.3,4.2,30.4,17.3,1643.0,1
69.7,17.7,26.5,5.8,509.0,1
40.4,23.4,28.9,9.2,569.0,2
52.0,7.8,26.2,5.8,1362.0,0
55.9,5.9,24.9,8.7,1489.0,0
54.5,14.5,22.8,27.6,1075.0,1
55.0,28.2,23.2,16.4,954.0,2
65.3,5.5,22.7,32.4,886.0,1
70.9,8.6,17.1,32.8,1701.0,2
51.2,0.5,26.4,5.7,1172.0,0
72.7,6.8,22.8,31.0,1948.0,1
66.2,15.2,22.1,18.7,1085.0,1
71.7,8.6,24.7,20.0,1406.0,1
52.0,7.0,28.4,27.9,874.0,1
60.8,0.7,23.9,13.1,1550.0,1
66.0,1.1,28.2,32.0,1044.0,1
56.7,8.5,25.7,27.1,1529.0,0
52.3,12.3,25.2,33.1,0.0,1
58.1,6.2,22.8,13.9,1585.0,1
55.0,0.2,29.6,26.4,2500.0,1
73.0,2.9,27.3,30.0,836.0,1
59.5,0.2,24.8,5.8,604.0,0
49.7,6.8,23.7,23.9,1596.0,1
85.1,16.0,19.3,33.8,1354.0,2
48.7,14.0,25.1,30.0,1240.0,1
51.3,12.7,23.2,11.0,1725.0,1
61.1,6.0,23.2,26.1,2265.0,1
75.1,5.8,27.1,17.6,1121.0,1
64.6,0.8,26.9,19.9,1785.0,0
48.5,7.5,26.3,7.9,1118.0,0
39.8,6.4,28.8,24.7,1895.0,1
49.0,0.3,25.5,30.3,1945.0,0
47.2,1.0,25.7,12.6,1292.0,0
54.4,5.8,28.0,14.3,665.0,1
47.5,25.3,31.8,23.5,1096.0,2
63.2,13.5,31.4,9.2,0.0,2
44.1,33.8,31.5,32.5,866.0,2
56.0,12.5,23.8,18.6,988.0,1
56.0,3.2,27.1,22.5,1935.0,0
74.0,5.0,26.6,34.1,1931.0,1
43.6,0.1,30.5,24.8,1856.0,1
73.3,19.6,25.3,18.5,2087.0,1
51.8,6.3,24.4,17.9,1247.0,0
42.1,23.9,23.8,23.9,631.0,2
71.0,3.0,24.1,22.0,2005.0,1
49.8,11.8,25.2,21.9,908.0,0
40.3,14.8,29.6,33.1,713.0,1
67.9,4.0,22.5,15.5,1385.0,1
84.4,0.3,27.8,26.6,1311.0,1
68.3,5.0,26.5,9.7,742.0,1
70.9,14.0,29.0,7.7,615.0,1
43.3,1.8,24.1,34.8,1029.0,0
60.9,4.7,27.7,34.8,1199.0,0
56.9,1.9,22.1,22.4,1209.0,1
57.7,13.4,24.2,12.5,958.0,0
73.4,3.8,20.6,28.4,1296.0,2
40.6,26.6,25.3,28.2,570.0,2
49.8,3.8,24.4,19.4,933.0,0
44.2,3.9,31.4,11.3,1146.0,2
69.2,5.8,29.6,28.0,1556.0,1
60.7,1.3,27.5,25.9,626.0,0
40.0,9.4,27.0,22.6,1868.0,0
48.4,9.0,26.4,24.3,1022.0,0
50.7,0.1,30.3,23.6,1882.0,1
69.0,9.1,30.3,12.2,1000.0,1
65.6,19.9,26.7,17.8,406.0,1
47.0,1.5,22.4,27.4,1210.0,1
65.7,4.8,21.4,15.1,1039.0,1
57.2,20.8,26.6,22.1,370.0,1
43.3,7.3,26.9,29.3,1971.0,0
60.9,2.7,24.6,13.1,1314.0,0
40.9,17.7,26.1,12.9,692.0,1
55.9,11.8,24.5,7.6,1038.0,0
68.7,1.7,27.8,10.0,1643.0,1
50.5,1.4,26.9,11.9,1209.0,0
38.0,18.3,26.6,12.0,908.0,1
55.2,1.9,31.8,18.6,1402.0,2
51.9,1.9,27.3,14.9,1281.0,0
41.4,3.1,24.3,27.9,744.0,0
70.7,16.1,28.3,26.2,2074.0,1
50.9,2.0,28.5,5.7,1737.0,1
52.4,15.0,24.7,26.4,1320.0,1
55.7,10.3,25.5,30.7,1284.0,0
68.3,2.1,22.8,12.6,491.0,1
61.7,1.2,25.2,20.2,1220.0,0
57.7,2.7,27.2,10.5,1373.0,0
51.4,3.2,33.4,32.8,1508.0,2
43.0,17.4,24.4,5.8,2048.0,1
42.5,10.7,30.8,8.2,629.0,1
43.7,21.1,25.1,21.1,526.0,1
64.9,5.5,28.8,6.1,904.0,1
48.2,0.6,26.5,16.9,1374.0,0
39.8,4.0,25.0,18.9,1315.0,0
64.3,2.0,25.1,14.1,2152.0,0
84.1,16.4,25.4,26.7,188.0,1
79.9,4.3,30.1,11.6,1123.0,2
56.0,7.6,25.1,18.1,1195.0,0
49.9,22.5,20.6,12.7,1280.0,2
62.1,9.9,27.5,30.9,1406.0,0
32.8,4.9,22.9,30.0,1273.0,2
52.6,22.4,25.7,11.9,977.0,2
81.3,4.9,31.9,27.6,1655.0,2
63.2,18.5,25.6,30.8,1299.0,1
68.9,9.5,25.1,12.0,682.0,1
70.2,12.2,32.0,33.1,891.0,2
48.8,18.0,30.2,11.3,1448.0,1
69.6,2.9,29.2,19.0,1616.0,1
30.8,13.6,26.4,21.2,740.0,2
59.4,16.3,26.4,31.5,227.0,1
57.7,17.2,26.6,16.9,934.0,1
56.4,2.2,29.1,34.2,727.0,1
42.0,19.0,22.9,29.4,2067.0,1
73.5,9.7,26.4,18.3,797.0,1
64.5,2.4,16.4,33.5,1375.0,2
45.6,13.6,26.2,13.3,1809.0,0
44.7,1.3,25.7,33.4,1715.0,0
70.8,2.8,20.4,28.2,482.0,2
47.5,3.3,24.3,26.2,2142.0,0
62.5,0.2,30.7,7.1,1184.0,1
58.6,2.0,25.5,24.7,1975.0,0
55.2,6.3,27.6,11.5,1099.0,0
48.7,50.0,27.0,29.1,761.0,2
46.8,1.3,25.7,5.8,1141.0,0
53.2,3.7,21.2,19.9,766.0,1
43.1,1.0,26.8,35.0,1559.0,0
53.8,12.1,24.8,9.8,1961.0,0
67.1,1.1,20.7,17.2,1169.0,2
42.0,9.7,30.4,22.8,1549.0,1
42.4,0.1,28.0,34.7,1027.0,1
44.7,0.8,25.5,32.6,1060.0,0
71.3,14.4,24.5,29.3,413.0,1
70.3,9.6,23.7,34.6,1340.0,1
42.2,8.9,28.9,26.2,1356.0,1
54.4,19.9,23.6,33.8,1395.0,1
62.2,10.1,26.7,14.4,1556.0,0
51.0,5.1,25.9,26.0,672.0,0
55.0,23.0,30.1,9.7,1643.0,2
48.5,0.3,23.7,26.7,1280.0,1
54.1,2.0,30.3,21.8,1046.0,1
72.6,1.3,25.9,15.1,1663.0,1
35.0,4.8,26.7,13.4,1639.0,0
61.1,0.1,28.7,25.2,1762.0,1
48.8,1.7,26.5,16.5,912.0,0
72.4,5.6,26.1,13.5,1599.0,1
42.2,1.5,25.1,6.0,1633.0,0
50.5,9.2,23.9,29.9,1158.0,1
55.7,0.3,21.2,32.7,1781.0,1
36.4,11.9,30.5,17.9,1733.0,1
36.4,26.7,23.3,5.6,1074.0,2
55.7,2.5,20.9,22.0,776.0,2
55.0,1.7,28.5,21.8,1698.0,1
48.4,6.1,25.5,23.3,1223.0,0
73.1,26.0,26.3,16.1,1293.0,2
58.7,0.7,22.3,21.6,1324.0,1
72.2,1.9,29.6,28.1,254.0,1
59.9,2.3,22.0,6.8,1742.0,1
61.6,24.4,27.3,24.3,836.0,2
36.7,2.6,31.6,32.1,1336.0,2
46.6,5.0,25.0,29.8,2098.0,0
95.0,13.5,24.4,15.9,1487.0,1
51.6,6.8,24.1,14.1,1849.0,0
58.8,6.4,27.6,25.3,716.0,0
38.6,14.4,27.1,5.2,865.0,1
63.8,0.7,24.9,8.3,603.0,0
37.1,5.1,29.4,28.8,1548.0,1
83.2,11.1,27.1,20.5,1916.0,1
44.5,11.0,23.7,8.8,1555.0,1
51.2,9.9,22.9,5.4,366.0,1
55.3,10.6,23.0,21.1,1614.0,1
62.1,11.8,22.2,6.5,496.0,1
51.4,4.7,27.5,7.9,1138.0,0
62.3,18.0,25.3,9.0,1711.0,1
70.3,6.4,31.2,18.0,653.0,2
53.4,1.1,22.0,31.5,1489.0,1
61.5,4.2,25.4,16.4,1463.0,0
85.0,2.1,28.9,5.9,1741.0,1
31.4,24.8,28.3,21.7,146.0,2
48.4,9.7,28.3,26.9,774.0,1
47.8,1.8,31.4,6.1,1400.0,2
38.0,5.5,27.1,20.6,1779.0,0
52.5,0.4,29.0,20.7,902.0,1
43.0,3.4,21.5,34.3,1117.0,1
55.3,9.7,24.9,31.5,1604.0,0
61.8,11.0,22.7,32.5,1823.0,1
38.0,4.7,29.0,27.0,1628.0,1
64.4,0.8,27.5,32.3,1200.0,0
61.0,11.4,31.5,13.3,737.0,2
74.5,1.5,27.5,14.1,1647.0,1
41.6,3.0,24.5,6.1,1094.0,0
52.7,2.0,30.0,22.1,1895.0,1
47.4,3.1,31.0,5.3,1054.0,1
75.7,2.3,27.3,6.4,1192.0,1
57.2,3.5,26.6,16.2,1350.0,0
51.0,0.6,29.0,16.6,846.0,1
53.2,0.8,31.1,20.4,985.0,2
40.8,4.1,24.5,33.0,2128.0,0
42.5,1.4,29.0,16.2,1000.0,1
47.7,11.0,22.2,25.5,1592.0,1
71.1,0.6,28.7,32.5,954.0,1
40.8,1.5,22.4,11.2,1097.0,1
55.2,0.9,28.4,16.8,331.0,1
45.6,23.4,29.1,26.7,731.0,2
65.3,2.0,20.8,14.3,680.0,2
60.3,1.4,27.8,29.6,1344.0,0
76.7,9.8,25.6,10.6,1225.0,1
70.6,4.2,26.1,9.3,1011.0,1
58.0,0.1,22.8,30.6,1956.0,1
35.9,0.3,27.6,29.3,2402.0,0
45.1,2.0,24.1,29.6,887.0,0
61.3,0.9,29.3,18.3,1591.0,1
65.3,34.7,26.4,31.4,273.0,2
56.0,1.1,25.2,8.1,1369.0,0
54.6,3.7,25.7,29.8,1813.0,0
40.9,17.1,31.3,28.1,696.0,2
41.9,0.7,21.8,5.0,923.0,1
70.0,3.5,33.0,20.1,1389.0,2
50.4,0.9,27.1,22.3,1126.0,0
73.2,10.5,31.6,6.7,779.0,2
74.7,14.5,25.9,22.8,1579.0,1
59.8,7.0,27.6,30.0,1712.0,0
52.0,1.6,26.5,10.4,1740.0,0
43.7,0.4,23.3,13.8,447.0,1
53.1,17.2,30.7,30.9,996.0,1
52.3,5.1,24.3,25.3,2044.0,0
69.8,16.0,27.4,9.7,1197.0,1
46.2,1.1,27.5,7.2,1839.0,0
51.0,13.6,25.4,18.8,1749.0,0
45.6,17.0,28.0,29.0,1444.0,1
43.5,8.1,30.0,9.4,1442.0,1
50.7,8.4,29.0,25.2,1761.0,1
66.8,0.5,28.0,22.2,2355.0,0
60.6,0.2,24.8,18.2,1442.0,0
33.6,14.2,23.5,19.6,1866.0,2
52.8,5.7,23.0,35.0,1274.0,1
40.2,5.6,26.6,11.8,1798.0,0
52.9,8.9,22.9,7.8,780.0,1
65.0,3.9,29.0,6.8,1074.0,1
38.2,22.4,25.1,24.0,960.0,2
51.4,29.3,30.9,9.4,770.0,2
51.2,41.4,24.8,21.6,1069.0,2
70.0,10.6,24.5,22.3,920.0,1
77.3,0.9,28.3,27.4,1529.0,1
43.1,3.2,27.9,30.5,1630.0,0
52.9,4.1,22.2,19.1,338.0,1
55.8,11.7,29.5,14.1,1427.0,1
59.4,5.9,28.5,26.2,845.0,1
66.2,0.4,23.2,19.9,657.0,1
37.4,2.5,19.7,28.3,1397.0,2
61.8,1.8,21.2,17.8,1293.0,1
38.9,7.3,31.7,22.6,718.0,2
56.6,13.0,27.2,20.9,1189.0,0
61.8,3.7,26.4,32.2,1360.0,0
53.6,4.8,26.8,23.8,1004.0,0
57.1,19.0,29.0,22.0,919.0,1
52.8,14.2,30.0,14.3,603.0,1
50.5,3.3,22.2,29.3,1000.0,1
65.6,8.1,23.4,24.6,1486.0,1
62.0,1.9,19.6,14.6,1078.0,2
41.4,21.7,30.3,25.9,1187.0,1
74.6,3.8,27.9,32.5,1071.0,1
53.5,5.9,28.8,15.8,1102.0,1
63.2,17.3,22.6,35.0,861.0,1
54.9,4.4,25.2,25.9,1128.0,0
63.2,6.6,30.9,5.7,1899.0,1
46.8,0.1,30.8,25.3,1235.0,1
61.3,7.9,24.2,12.2,814.0,0
36.8,4.6,27.4,26.6,869.0,0
58.3,0.7,27.1,14.7,1840.0,0
58.0,0.4,21.5,29.6,985.0,1
73.8,14.5,23.2,12.8,1274.0,1
62.5,4.8,26.0,27.8,1553.0,0
62.6,9.2,24.5,13.5,1148.0,0
47.2,36.5,27.9,8.3,618.0,2
56.8,1.7,28.7,13.2,1488.0,1
68.5,11.8,20.3,9.2,650.0,2
58.0,2.6,23.9,18.1,1978.0,1
65.8,35.2,24.7,25.4,837.0,2
57.7,21.9,29.8,25.5,245.0,1
52.0,2.8,29.5,26.4,1190.0,1
55.3,7.4,31.8,15.1,567.0,2
54.9,2.8,26.4,17.3,720.0,0
54.3,3.6,27.8,17.8,566.0,0
58.8,8.3,24.8,32.5,1061.0,0
66.9,1.4,20.4,19.6,1008.0,2
48.6,1.9,26.9,12.1,782.0,0
43.4,0.8,26.0,30.0,1958.0,0
56.5,0.8,27.5,30.2,771.0,0
63.8,3.2,24.7,30.2,829.0,0
52.7,2.0,28.6,32.1,677.0,1
61.3,8.6,22.0,20.4,1044.0,1
44.0,0.5,25.8,34.8,1909.0,0
83.2,38.2,26.5,22.3,311.0,2
25.9,8.3,27.1,5.3,1885.0,2
46.6,2.3,24.3,8.6,1631.0,0
48.3,6.7,26.0,11.4,1088.0,0
47.3,3.2,22.7,17.0,1143.0,1
38.0,7.5,27.7,22.7,1322.0,0
57.4,4.0,23.6,18.8,1003.0,1
56.1,2.4,25.6,34.2,526.0,0
37.1,44.9,29.8,34.8,943.0,2
41.1,2.5,27.5,21.1,681.0,0
46.6,5.7,25.6,20.3,723.0,0
53.0,0.9,22.3,14.8,819.0,1
46.3,2.9,26.6,19.2,1175.0,0
60.7,1.5,28.5,13.6,1871.0,1
46.1,9.6,27.8,23.6,747.0,0
45.3,1.8,26.9,18.4,1378.0,0
46.4,3.3,19.4,29.7,1190.0,2
63.1,9.2,21.3,27.0,1399.0,1
47.0,8.2,26.9,9.4,467.0,1
61.2,4.9,28.8,15.0,547.0,1
67.1,8.5,25.8,5.5,1060.0,0
70.5,3.5,20.7,27.5,1595.0,2
62.3,27.0,32.1,27.1,1348.0,2
53.0,18.3,24.2,34.6,534.0,1
38.6,10.9,24.9,8.8,813.0,0
55.8,4.1,31.8,14.2,1253.0,2
64.4,4.0,25.2,24.3,1280.0,0
52.0,3.4,27.3,5.5,1178.0,0
37.9,1.7,27.4,30.0,1332.0,0
47.7,23.1,23.8,9.7,1329.0,2
15.5,2.9,29.7,6.9,2081.0,2
43.6,2.2,23.0,11.7,1828.0,1
58.9,7.7,22.9,34.7,573.0,1
54.2,1.9,27.7,23.3,1275.0,0
41.0,0.1,27.9,12.3,748.0,0
63.1,1.0,24.9,7.6,906.0,0
77.6,2.7,26.1,13.8,1338.0,1
46.4,0.9,20.7,32.5,332.0,2
51.0,1.0,24.2,13.9,1594.0,0
34.9,9.0,27.9,29.8,389.0,2
70.4,8.6,19.7,14.8,1027.0,2
45.7,1.8,30.5,9.9,1617.0,1
60.8,3.6,25.5,8.1,1723.0,0
37.4,14.3,31.4,29.4,1288.0,2
53.4,13.9,30.2,30.0,1827.0,1
54.2,1.1,31.3,16.3,1515.0,2
67.8,0.5,27.1,7.6,598.0,0
67.3,4.4,21.1,17.5,1189.0,1
60.1,1.0,26.8,29.8,1161.0,0
55.8,11.8,31.3,26.0,1217.0,2
80.5,1.2,25.5,23.3,604.0,1
45.5,5.3,24.6,28.0,998.0,0
36.9,2.8,22.0,32.6,1182.0,1
58.9,5.7,23.7,16.8,2353.0,1
79.3,16.9,21.8,8.4,1479.0,1
51.4,1.3,24.8,11.1,1384.0,0
53.3,6.4,25.7,10.0,26.0,1
35.7,4.9,26.0,13.7,1494.0,0
43.9,4.3,28.1,8.5,1810.0,1
58.8,2.4,19.9,27.7,1581.0,2
76.6,5.3,23.9,19.9,1257.0,1
45.4,2.5,21.8,33.4,1538.0,1
62.6,5.8,29.2,29.7,1381.0,1
51.5,3.0,25.1,22.2,1537.0,0
50.1,10.6,34.8,6.0,1212.0,2
41.8,31.0,27.6,21.4,1294.0,2
44.2,12.1,29.5,16.6,1098.0,1
83.1,11.7,25.1,10.3,1387.0,1
36.2,1.6,24.3,6.2,1651.0,0
84.4,3.2,22.7,24.4,1936.0,1
61.0,31.4,29.1,14.9,566.0,2
54.4,7.2,22.1,7.3,1669.0,1
44.1,3.0,27.0,7.8,1389.0,0
45.7,0.2,28.4,22.2,1447.0,1
61.3,0.4,26.6,12.1,1937.0,0
51.4,14.5,26.9,17.5,1101.0,1
51.1,2.1,34.2,29.1,396.0,2
66.3,1.3,30.2,32.0,1907.0,1
44.8,29.6,32.0,9.0,613.0,2
71.7,0.7,24.0,29.9,1123.0,1
50.2,3.2,27.0,27.4,1725.0,0
69.8,0.5,26.3,27.9,1782.0,1
73.7,8.3,32.6,32.5,1863.0,2
48.9,5.8,27.8,8.7,1689.0,0
31.5,24.1,27.3,17.2,1438.0,2
38.9,1.9,27.1,7.5,1269.0,0
55.0,0.4,29.1,20.5,862.0,1
65.2,7.3,19.1,17.5,1420.0,2
72.7,2.3,27.3,18.3,780.0,1
47.0,3.8,22.9,8.8,1249.0,1
57.6,20.8,26.2,10.4,861.0,1
64.4,4.6,28.2,29.5,538.0,1
45.4,43.0,30.0,26.2,832.0,2
42.8,11.5,25.4,13.7,1426.0,0
44.5,28.3,17.4,15.6,400.0,2
49.4,1.8,24.9,15.5,1938.0,0
58.3,4.0,27.5,16.0,1741.0,0
58.1,1.6,28.5,10.8,582.0,1
33.4,9.0,30.8,34.9,577.0,2
40.1,4.5,27.7,12.3,1515.0,0
47.6,31.3,22.8,32.1,0.0,2
48.6,2.6,23.0,13.4,1572.0,1
48.1,19.1,26.2,12.7,953.0,1
61.8,14.8,22.0,31.2,1088.0,1
55.3,1.6,27.4,16.2,1563.0,0
56.7,10.3,28.9,22.8,2446.0,1
71.1,1.3,23.0,24.4,1937.0,1
47.7,2.4,25.9,17.8,1835.0,0
52.5,13.9,28.4,21.9,1604.0,1
60.3,10.5,23.8,5.7,1658.0,1
65.4,4.0,28.0,14.5,1493.0,1
52.5,15.1,28.2,12.0,569.0,1
64.3,1.3,22.4,8.0,1950.0,1
70.5,5.3,24.1,10.0,1309.0,1
65.8,0.3,26.4,20.6,1058.0,0
38.6,18.5,28.6,11.0,948.0,1
52.6,10.0,32.0,12.1,1088.0,2
64.9,3.1,20.5,15.3,1627.0,2
45.7,2.6,22.9,16.9,1763.0,1
52.1,1.7,24.6,13.0,2237.0,0
62.0,20.9,26.8,29.8,2005.0,1
66.2,1.2,26.9,23.0,1181.0,0
78.4,4.6,30.6,18.3,1598.0,2
46.3,14.3,30.7,31.3,1285.0,1
53.2,12.3,27.3,18.2,1129.0,0
76.8,5.9,22.7,25.4,1348.0,1
62.7,4.7,22.0,5.1,1682.0,1
45.2,13.7,21.1,20.5,758.0,1
50.2,16.2,31.4,15.8,1162.0,2
28.0,2.7,23.8,13.2,1204.0,2
80.9,12.1,24.2,21.4,1329.0,1
64.0,6.1,28.4,20.0,721.0,1
60.5,4.9,22.6,19.5,1119.0,1
55.9,1.6,22.3,8.3,2108.0,1
86.9,2.3,30.9,21.8,1595.0,2
64.8,16.0,30.8,18.9,880.0,1
51.0,1.0,26.3,9.1,945.0,0
67.6,15.6,28.9,26.0,1582.0,1
57.5,19.0,20.1,14.4,1647.0,2
48.1,13.3,27.3,24.0,1276.0,0
64.8,0.5,23.9,19.0,1325.0,1
61.6,3.9,27.9,34.9,1353.0,0
67.3,11.2,26.3,12.5,1494.0,0
48.5,6.2,22.8,20.8,1869.0,1
51.9,7.4,25.6,34.2,2313.0,0
45.7,1.7,25.7,24.1,1213.0,0
49.8,2.2,33.3,27.8,1777.0,2
44.5,3.0,28.4,27.1,1074.0,1
44.4,1.6,28.3,26.8,1442.0,1
49.8,18.7,32.3,21.2,311.0,2
65.4,19.2,26.6,28.4,553.0,1
54.3,4.6,27.2,8.2,37.0,1
50.0,5.2,23.9,10.3,662.0,1
59.4,1.5,28.3,29.0,1307.0,1
66.7,1.6,26.2,18.7,1023.0,0
51.7,7.1,21.9,16.8,948.0,1
69.2,7.1,25.5,27.8,1515.0,1
55.0,3.2,25.6,23.4,1358.0,0
63.9,3.5,23.0,30.5,1177.0,1
46.4,3.5,24.7,32.0,160.0,1
63.6,1.6,20.0,9.8,1042.0,2
62.8,5.6,26.0,10.6,1189.0,0
57.5,4.6,27.5,31.0,1538.0,0
62.0,0.4,30.2,17.8,1788.0,1
50.3,0.2,21.5,13.8,1869.0,1
65.5,11.1,23.4,8.7,1079.0,1
44.3,0.6,25.5,11.4,1553.0,0
66.3,2.6,27.3,29.8,894.0,0
59.3,3.1,22.2,30.2,2041.0,1
59.1,3.2,32.6,31.3,1665.0,2
55.0,15.7,18.4,13.7,1671.0,2
44.6,22.0,25.7,33.4,1053.0,1
44.8,9.5,31.0,7.7,1617.0,1
40.2,11.3,29.5,15.7,551.0,1
49.4,0.4,26.8,8.9,1937.0,0
60.0,38.6,22.3,6.8,589.0,2
79.5,2.2,26.3,24.2,696.0,1
75.6,15.0,22.3,18.9,1076.0,1
51.5,15.3,24.7,13.8,801.0,1
62.4,3.0,29.0,10.5,1442.0,1
67.3,0.5,22.8,5.0,1308.0,1
54.0,50.0,27.6,31.7,688.0,2
68.0,3.7,25.7,9.1,970.0,0
46.8,1.5,25.9,11.3,654.0,0
74.7,31.3,22.8,8.4,366.0,2
49.8,22.9,25.8,22.6,1373.0,2
25.5,3.3,26.8,19.4,664.0,2
55.0,6.2,22.4,27.3,1457.0,1
56.6,47.6,28.9,16.2,479.0,2
43.1,1.0,28.2,31.1,1025.0,1
72.8,6.0,28.8,19.8,934.0,1
52.2,11.7,26.1,8.7,1232.0,0
69.8,1.9,22.5,13.0,1669.0,1
40.8,2.2,27.2,29.5,2025.0,0
57.0,30.2,31.9,29.4,1619.0,2
53.2,0.1,26.2,17.4,945.0,0
38.1,8.7,26.8,15.8,784.0,0
30.4,11.3,28.3,12.2,892.0,2
81.4,4.3,27.6,21.9,1048.0,1
55.8,5.8,25.3,16.1,1308.0,0
69.7,37.2,24.8,8.4,1253.0,2
70.2,5.3,21.1,12.5,1614.0,1
40.4,2.6,29.1,16.6,1278.0,1
71.5,2.4,23.2,10.7,1939.0,1
63.0,0.3,28.0,7.2,1473.0,0
47.2,9.4,26.8,23.0,1114.0,0
61.2,16.1,28.4,22.4,1791.0,1
64.7,13.5,29.8,13.5,628.0,1
58.0,2.5,24.3,32.0,1205.0,0
56.5,3.3,24.7,16.6,1042.0,0
69.9,18.1,22.3,33.1,1578.0,1
91.0,7.2,25.2,15.1,1737.0,1
45.7,10.1,26.2,14.5,1623.0,0
43.9,1.1,25.7,17.8,715.0,0
55.2,26.7,18.2,33.8,1444.0,2
90.3,50.0,30.2,13.6,877.0,2
56.4,7.9,20.8,21.8,1070.0,2
48.0,3.5,28.6,5.1,1147.0,1
57.9,13.0,26.8,21.1,1589.0,0
47.8,0.4,25.7,10.5,471.0,1
34.0,6.8,27.0,16.5,853.0,2
44.7,2.4,31.5,28.1,1645.0,2
43.5,4.2,21.4,25.4,2177.0,1
72.0,1.5,22.8,25.5,809.0,1
53.7,16.3,25.6,9.5,614.0,1
60.3,14.4,23.3,5.7,1092.0,1
61.0,6.6,25.9,12.4,1921.0,0
46.7,7.0,23.7,21.4,1629.0,1
39.2,8.8,27.1,30.4,1482.0,0
64.4,2.4,20.7,10.9,2219.0,2
39.6,2.0,22.2,29.2,773.0,1
53.4,3.5,31.0,19.6,1280.0,2
73.4,1.8,25.7,20.4,1847.0,1
68.0,7.3,26.9,22.4,1476.0,0
53.0,5.5,28.0,34.4,1470.0,1
70.9,19.9,22.4,14.1,519.0,1
45.7,3.5,25.1,26.1,1933.0,0
34.2,2.5,23.4,31.9,1790.0,2
57.7,21.6,22.0,9.4,786.0,1
38.4,50.0,27.5,8.8,518.0,2
64.2,0.6,25.5,29.8,1899.0,0
65.6,18.2,22.5,28.6,1730.0,1
78.6,20.2,21.9,19.1,537.0,1
61.3,3.8,26.3,7.0,1806.0,0
42.2,42.3,26.6,16.6,802.0,2
49.9,6.1,28.8,34.8,703.0,1
45.3,0.8,27.3,15.7,959.0,0
38.5,15.0,31.3,24.3,921.0,2
72.2,2.0,35.4,15.4,2033.0,2
34.6,4.5,27.1,15.8,1713.0,2
56.5,2.7,25.0,22.3,1826.0,0
50.8,23.4,30.0,13.4,876.0,2
61.7,24.4,28.3,20.8,1394.0,2
49.3,5.0,23.7,13.6,1920.0,1
45.2,1.7,25.2,6.8,1803.0,0
54.8,14.6,28.0,16.7,701.0,1
46.0,14.6,25.7,31.5,961.0,1
39.4,9.7,30.5,8.4,1253.0,1
43.2,23.4,27.3,20.6,1465.0,2
62.9,31.8,25.3,28.4,799.0,2
44.8,4.4,24.4,11.0,1616.0,0
69.6,4.7,26.3,8.7,619.0,1
45.8,10.7,30.5,27.6,2249.0,1
56.0,7.8,31.4,32.4,1320.0,2
61.5,1.9,28.8,30.3,1845.0,1
64.9,19.5,26.8,17.7,471.0,1
66.2,5.9,25.0,20.3,1819.0,0
60.0,7.4,24.1,30.2,1229.0,0
53.7,0.3,33.4,21.9,1474.0,2
58.4,0.1,26.7,28.6,1200.0,0
44.4,8.1,24.2,25.2,1284.0,0
43.7,6.4,25.8,25.0,1062.0,0
66.6,13.2,27.7,30.6,1749.0,0
50.3,1.2,22.5,29.5,2020.0,1
48.9,1.9,28.3,34.8,1330.0,1
63.3,6.0,25.8,25.2,1936.0,0
75.9,1.4,28.5,27.5,1430.0,1
26.8,21.0,25.9,23.5,1507.0,2
36.9,18.7,23.7,23.5,1828.0,1
42.2,2.9,26.1,6.5,1334.0,0
51.7,2.0,27.1,32.3,1786.0,0
74.6,7.6,25.5,32.0,2112.0,1
69.4,5.9,26.6,27.3,1180.0,1
49.7,0.7,28.6,30.2,1673.0,1
60.0,20.5,24.8,15.6,560.0,1
40.9,1.8,24.7,16.3,1549.0,0
43.6,3.0,28.3,5.5,1433.0,1
57.6,6.3,20.7,26.0,845.0,2
47.3,1.9,25.5,16.5,1455.0,0
43.0,29.0,23.9,30.9,503.0,2
34.0,3.9,31.8,7.2,1021.0,2
54.9,2.4,23.9,7.6,1279.0,1
51.5,1.2,21.1,12.8,601.0,1
52.5,4.7,24.4,26.1,1049.0,0
46.3,21.2,24.9,34.6,850.0,1
53.8,1.3,26.1,12.7,880.0,0
79.7,42.7,27.2,21.6,890.0,2
63.4,0.1,28.0,15.7,813.0,1
49.8,4.8,25.9,10.1,1353.0,0
68.3,9.1,24.2,32.2,868.0,1
57.5,1.7,25.5,12.3,1985.0,0
57.5,9.5,28.5,22.4,1099.0,1
51.3,4.9,28.5,10.3,884.0,1
46.1,1.1,23.6,13.5,1858.0,1
39.0,0.8,31.4,28.1,1678.0,2
61.3,2.1,21.0,20.8,1882.0,1
46.2,18.3,26.6,13.2,1379.0,1
53.9,19.9,28.0,16.8,1525.0,1
50.2,6.3,27.7,30.1,1358.0,0
58.8,2.0,26.9,32.2,633.0,0
52.8,13.5,28.2,15.5,1229.0,1
68.3,23.6,28.7,5.7,1023.0,2
55.3,0.3,22.3,23.9,1533.0,1
49.5,2.1,28.3,8.0,1149.0,1
40.2,6.2,25.2,8.7,1832.0,0
39.0,9.8,28.0,11.7,463.0,1
59.1,0.6,27.9,23.9,1467.0,0
52.1,21.2,20.9,19.0,707.0,2
47.4,4.9,24.2,33.9,506.0,0
63.8,2.3,31.0,29.8,2320.0,1
66.1,18.6,29.2,33.5,683.0,1
49.6,0.9,29.4,5.8,1174.0,1
54.0,18.4,28.9,17.9,617.0,1
73.8,9.6,25.6,11.4,1551.0,1
46.1,13.0,24.4,34.1,772.0,0
54.1,2.9,23.5,20.4,1369.0,1
60.8,13.4,21.7,22.5,1838.0,1
55.8,13.8,27.2,5.8,944.0,0
46.5,0.3,27.0,25.8,1914.0,0
46.9,28.8,24.7,24.0,1299.0,2
31.2,1.7,24.8,21.8,1782.0,2
43.1,24.2,21.0,29.1,1068.0,2
42.1,8.5,30.6,27.4,1069.0,1
68.1,8.8,28.3,13.0,1256.0,1
43.5,0.4,28.5,8.5,1430.0,1
64.3,5.3,23.6,5.7,960.0,1
48.2,2.6,25.8,21.7,609.0,0
40.0,1.4,24.7,8.0,1372.0,0
52.5,28.9,22.5,30.8,586.0,2
67.7,1.5,23.7,29.7,1310.0,1
52.4,20.1,27.1,32.2,1168.0,1
64.8,20.8,26.0,31.0,1447.0,1
43.3,0.9,20.7,27.6,841.0,2
55.8,1.7,22.8,13.8,1784.0,1
61.6,2.5,27.3,20.0,1049.0,0
36.6,4.9,25.4,5.3,1540.0,0
48.4,18.8,26.2,31.7,1506.0,1
54.2,2.4,19.3,17.4,1713.0,2
37.9,10.5,22.2,7.9,1512.0,1
74.8,1.8,21.9,6.8,2441.0,1
41.2,14.3,30.0,24.0,1533.0,1
61.2,12.7,29.3,20.6,995.0,1
53.3,7.1,27.0,32.1,1361.0,0
60.1,6.5,28.8,10.2,1674.0,1
72.1,0.4,28.5,20.6,975.0,1
45.1,17.0,23.4,27.3,280.0,1
60.6,1.0,25.5,31.1,234.0,1
76.1,4.3,27.0,29.8,1640.0,1
40.4,0.7,26.2,5.6,927.0,0
59.3,18.9,25.6,31.0,1700.0,1
59.8,1.0,27.8,19.6,1093.0,0
77.4,12.5,28.0,30.9,753.0,1
62.3,11.8,32.0,9.2,444.0,2
77.9,2.8,23.5,13.5,1225.0,1
55.2,5.4,22.4,12.2,899.0,1
54.3,10.1,26.9,15.4,1794.0,0
56.1,5.2,25.6,14.3,1120.0,0
63.6,17.7,24.3,14.3,1054.0,1
38.9,13.1,25.9,10.0,1900.0,0
50.5,12.1,29.7,17.4,424.0,1
46.6,4.4,27.2,28.6,1052.0,0
47.3,22.4,21.8,23.7,723.0,2
55.4,2.7,24.1,12.7,1340.0,0
54.3,28.2,28.4,26.3,981.0,2
49.2,2.7,25.2,15.9,1470.0,0
35.8,4.4,24.9,24.3,842.0,0
82.3,16.2,24.6,18.7,1362.0,1
56.3,6.9,28.4,20.3,426.0,1
78.3,7.6,19.4,11.7,1418.0,2
68.1,34.1,28.1,19.5,1406.0,2
48.9,2.5,25.4,26.4,803.0,0
51.9,9.4,23.5,10.9,1536.0,1
51.7,4.7,27.7,31.0,1575.0,0
52.1,8.5,31.4,11.4,1831.0,2
38.6,23.7,25.4,11.6,734.0,2
58.6,15.0,28.1,21.6,781.0,1
58.7,14.1,27.2,24.0,1807.0,1
61.5,0.6,26.6,5.2,1832.0,0
72.1,2.5,23.9,13.7,914.0,1
61.4,5.8,29.4,28.7,2182.0,1
58.0,7.7,27.0,29.7,1130.0,0
56.8,18.7,25.0,8.2,821.0,1
71.0,2.5,24.0,5.3,1588.0,1
75.4,5.8,23.2,7.3,1563.0,1
33.7,4.1,27.5,15.5,1802.0,2
56.9,1.8,26.3,22.3,987.0,0
66.0,0.8,22.4,11.8,1254.0,1
52.6,2.3,28.2,21.4,1669.0,1
72.5,8.3,24.8,34.1,843.0,1
44.0,0.6,27.5,27.7,1183.0,0
86.0,8.1,26.9,26.4,1386.0,1
47.2,11.9,27.5,18.2,662.0,0
50.6,4.5,29.5,16.3,908.0,1
60.0,1.8,24.4,7.3,2048.0,0
50.0,0.3,30.5,11.4,1960.0,1
57.9,50.0,19.5,21.3,395.0,2
62.9,3.6,23.6,19.8,1215.0,1
37.1,0.9,23.1,23.3,2089.0,1
55.1,0.1,30.4,33.9,1452.0,1
38.4,4.8,25.3,24.2,371.0,1
50.7,3.5,27.8,29.9,1347.0,0
52.5,17.4,27.0,7.8,1645.0,1
74.2,5.1,25.9,5.2,1356.0,1
63.5,4.0,28.5,9.7,1373.0,1
71.2,7.1,25.4,14.0,799.0,1
61.8,11.2,30.5,27.8,1125.0,1
72.9,0.1,26.3,7.8,1168.0,1
65.4,21.0,27.8,17.4,1340.0,1
64.3,12.6,28.3,29.3,1233.0,1
48.0,9.3,24.7,13.0,1834.0,0
69.6,0.4,30.1,14.4,1240.0,1
54.6,3.3,28.6,28.7,1401.0,1
60.7,1.0,24.3,17.8,1341.0,0
60.4,9.8,25.3,11.7,1736.0,0
41.6,4.1,29.1,31.5,504.0,1
91.5,2.9,31.0,23.1,1386.0,2
66.5,8.3,29.1,8.5,1172.0,1
56.4,0.8,28.8,31.4,1955.0,1
67.1,2.2,24.6,24.4,1133.0,0
37.4,0.4,24.9,7.9,2052.0,0
36.1,1.8,23.5,14.5,1324.0,1
50.3,1.5,22.0,25.9,859.0,1
52.2,1.8,26.8,12.6,1547.0,0
33.9,4.3,28.1,5.8,1119.0,2
55.1,3.0,21.7,17.8,1550.0,1
61.2,25.7,25.7,14.4,1421.0,2
42.0,5.5,27.7,9.8,1341.0,0
66.2,4.3,23.4,33.2,456.0,1
46.6,18.7,24.3,34.3,1345.0,1
40.4,3.7,26.6,21.7,1560.0,0
73.1,7.8,27.6,12.4,639.0,1
59.5,11.2,21.7,17.8,1324.0,1
46.8,8.2,28.1,5.7,972.0,1
76.2,7.9,26.0,28.9,1387.0,1
62.7,21.4,29.3,11.0,791.0,1
56.6,50.0,21.4,23.8,500.0,2
84.6,20.4,25.0,20.2,1195.0,1
54.4,0.1,23.4,33.7,659.0,1
54.4,20.2,24.2,10.1,554.0,1
42.0,15.6,21.6,18.8,474.0,1
50.8,9.7,23.7,10.4,1468.0,1
62.5,25.7,21.9,10.2,1552.0,2
60.3,0.5,25.1,20.1,1526.0,0
58.7,12.6,27.6,9.9,1027.0,0
53.6,2.1,25.0,33.0,2041.0,0
73.7,39.8,28.3,26.5,591.0,2
66.6,2.5,24.0,25.5,1027.0,0
41.6,6.3,28.0,10.6,1726.0,0
58.1,16.5,25.5,20.2,35.0,1
60.2,0.9,26.4,33.7,1192.0,0
59.3,5.1,28.8,13.1,1029.0,1
58.4,0.8,24.5,27.7,1408.0,0
43.3,4.6,27.3,13.1,1134.0,0
73.4,1.7,25.5,20.7,1346.0,1
49.1,0.4,32.9,7.0,1649.0,2
68.7,1.5,22.5,15.3,934.0,1
68.9,6.5,28.7,22.5,326.0,1
55.7,8.7,21.0,32.1,1673.0,2
31.5,5.2,26.0,7.9,1517.0,2
73.5,9.5,21.3,24.5,1518.0,1
64.2,0.2,18.4,28.7,912.0,2
68.5,16.5,24.9,22.5,1433.0,1
63.2,17.7,26.2,8.0,1268.0,1
44.0,18.3,27.3,23.3,821.0,1
44.8,50.0,26.2,14.6,906.0,2
63.4,7.3,30.9,20.8,2002.0,1
54.9,9.8,29.7,26.2,1632.0,1
28.8,0.3,23.7,34.1,1286.0,2
43.1,2.8,19.7,29.6,1162.0,2
61.1,18.7,29.1,28.8,813.0,1
33.4,8.2,26.0,19.6,2.0,2
41.6,11.7,27.6,25.2,1505.0,0
50.7,11.6,28.1,8.3,1440.0,1
40.1,1.6,24.0,9.4,1326.0,1
40.9,14.8,28.6,25.3,882.0,1
47.9,10.1,29.6,12.2,1164.0,1
48.1,3.7,25.5,10.1,1112.0,0
52.8,33.4,28.6,10.9,1069.0,2
55.7,4.3,26.5,28.7,1351.0,0
55.2,0.3,28.3,16.3,1296.0,1
38.5,0.8,30.5,32.1,1459.0,1
37.2,3.6,29.4,9.0,1580.0,1
53.4,16.7,24.9,23.9,1465.0,1
56.9,23.2,26.7,14.3,1044.0,2
34.3,2.1,22.3,21.4,2100.0,2
69.5,5.3,27.7,25.7,346.0,1
62.5,0.5,26.5,10.2,1278.0,0
71.0,4.9,33.8,10.7,872.0,2
67.8,6.6,26.5,11.9,1206.0,0
53.7,13.2,27.3,18.0,666.0,0
39.1,4.4,20.9,9.8,1935.0,2
57.4,50.0,22.0,21.3,411.0,2
56.8,6.8,31.5,9.1,1169.0,2
47.1,2.7,27.6,34.0,1653.0,0
65.9,1.3,21.2,23.5,279.0,1
60.0,5.1,24.8,34.4,918.0,0
68.3,26.1,26.6,19.3,899.0,2
56.5,6.3,28.2,34.5,966.0,1
60.7,7.0,26.7,22.8,1857.0,0
53.5,15.4,26.2,14.3,1066.0,1
69.3,0.8,26.2,25.6,359.0,1
51.8,15.8,27.6,17.7,2046.0,1
64.7,6.5,28.2,21.4,1756.0,1
45.9,1.7,26.7,31.4,1147.0,0
53.0,3.7,25.1,19.5,856.0,0
54.7,0.1,24.9,6.5,1278.0,0
63.1,1.8,32.2,31.5,1768.0,2
66.8,7.4,27.4,6.0,633.0,0
42.8,0.9,26.2,7.9,2126.0,0
13.1,6.5,21.5,28.0,1988.0,2
54.3,3.5,22.1,27.9,1457.0,1
58.8,0.1,22.9,16.4,1111.0,1
69.9,10.3,27.1,29.0,1847.0,1
50.4,2.2,27.8,24.6,1532.0,0
48.4,4.0,26.8,10.5,1831.0,0
54.8,2.5,21.5,25.2,471.0,1
34.5,3.5,24.2,12.7,1170.0,2
41.2,3.1,25.0,32.1,824.0,0
38.7,6.7,27.3,33.1,837.0,0
74.3,40.4,28.6,9.2,694.0,2
42.6,9.1,25.6,7.8,1062.0,0
37.5,50.0,29.7,5.2,623.0,2
45.2,1.1,23.0,8.4,1493.0,1
48.8,3.6,24.0,25.2,1520.0,1
52.6,0.8,26.2,15.8,941.0,0
44.6,8.3,27.2,25.8,1361.0,0
19.1,0.7,26.2,12.4,1553.0,2
60.9,1.6,20.3,20.7,1462.0,2
69.6,5.8,24.6,11.9,1702.0,1
65.5,21.5,29.1,11.2,877.0,1
68.3,25.1,24.8,34.0,549.0,2
41.5,16.3,21.3,8.4,1315.0,1
40.2,3.1,27.5,14.5,1877.0,0
84.4,46.1,25.5,30.1,367.0,2
70.7,1.4,25.4,7.3,452.0,1
53.2,1.1,25.6,17.6,1625.0,0
47.6,0.9,29.3,22.7,1372.0,1
62.6,1.4,28.4,21.3,1155.0,1
53.1,3.9,29.0,32.7,911.0,1
48.9,7.6,26.7,10.7,490.0,1
66.6,29.4,23.4,26.1,1053.0,2
68.1,26.8,28.8,25.8,799.0,2
44.9,10.5,22.8,32.4,726.0,1
46.3,20.3,29.0,14.4,1626.0,1
69.2,1.0,24.4,10.5,1086.0,1
45.4,0.3,26.0,31.5,1276.0,0
60.5,0.9,23.0,28.6,1588.0,1
54.5,6.2,26.6,34.7,1491.0,0
41.8,24.5,26.2,25.1,1315.0,2
62.4,0.9,28.9,17.7,1174.0,1
55.0,7.3,26.0,30.1,1094.0,0
45.0,0.2,26.7,34.9,1556.0,0
35.6,6.9,27.8,32.0,1016.0,0
52.4,1.6,29.9,6.5,577.0,1
36.6,2.0,26.2,29.2,1780.0,0
39.7,0.3,25.9,6.5,1246.0,0
26.0,17.3,25.9,9.1,500.0,2
69.3,1.5,29.0,16.8,991.0,1
38.3,16.5,26.0,7.8,1747.0,1
68.3,19.1,23.4,13.9,1178.0,1
46.0,2.0,22.1,6.2,1321.0,1
66.2,4.0,26.2,29.5,2027.0,0
74.7,34.6,25.4,20.0,251.0,2
42.7,1.6,24.4,25.6,1728.0,0
61.1,8.6,25.8,26.7,1507.0,0
58.3,2.2,22.8,20.6,1321.0,1
50.0,10.7,22.1,8.9,1552.0,1
54.4,2.3,22.5,19.0,1255.0,1
48.3,4.3,25.6,30.9,1029.0,0
84.3,20.4,29.8,17.0,496.0,1
54.0,8.3,25.9,18.9,1046.0,0
74.7,1.1,23.9,27.1,1285.0,1
57.3,1.0,27.5,14.4,1767.0,0
30.2,17.7,27.6,10.9,1719.0,2
56.8,1.1,26.9,17.2,1958.0,0
30.1,41.9,28.4,14.8,435.0,2
58.2,6.6,26.8,16.6,1138.0,0
56.8,6.9,24.6,13.8,894.0,0
54.2,4.3,22.3,30.7,1629.0,1
60.1,4.6,25.8,33.6,1327.0,0
64.4,8.1,26.4,17.5,1947.0,0
58.0,8.2,29.1,24.6,1978.0,1
58.1,2.0,27.3,7.6,1388.0,0
60.7,0.7,31.3,14.1,1397.0,2
37.2,2.7,23.8,17.2,1778.0,1
71.6,10.6,22.5,5.6,546.0,1
34.2,50.0,25.6,23.1,528.0,2
63.0,4.4,32.2,32.6,1065.0,2
75.4,19.4,23.6,5.1,989.0,1
58.7,3.3,24.9,26.2,679.0,0
62.0,2.0,28.0,5.4,1097.0,0
47.0,9.8,31.1,24.4,1128.0,2
45.5,0.3,26.5,5.5,2135.0,0
45.2,2.4,25.0,8.5,2288.0,0
51.6,20.3,24.2,20.3,1513.0,1
55.1,11.4,26.5,9.3,1734.0,0
60.9,11.0,26.0,9.2,1034.0,0
46.2,4.0,24.2,28.4,1187.0,0
60.2,3.1,22.8,13.0,1613.0,1
38.6,6.2,28.9,8.0,1055.0,1
53.4,27.1,25.0,20.6,1638.0,2
48.8,3.5,25.9,16.6,1200.0,0
47.0,2.3,25.1,17.6,1609.0,0
48.3,24.8,28.7,9.0,547.0,2
40.2,1.2,24.9,34.6,1569.0,0
76.5,27.1,31.5,16.2,1116.0,2
54.5,10.3,27.0,7.9,1402.0,0
49.5,17.7,22.4,19.5,1470.0,1
42.3,25.0,25.2,30.5,1400.0,2
42.0,14.9,22.9,16.7,1131.0,1
64.8,33.6,30.9,32.5,879.0,2
52.2,1.6,27.3,27.1,1064.0,0
67.3,1.7,26.2,28.7,1088.0,0
60.4,6.6,22.6,33.4,1706.0,1
44.2,1.8,32.3,24.7,1101.0,2
55.7,0.3,27.7,23.8,1736.0,0
44.5,14.1,31.4,10.3,1384.0,2
67.8,22.2,25.7,8.1,972.0,2
34.1,18.6,24.2,20.8,0.0,2
54.0,13.2,28.9,14.5,652.0,1
48.6,19.9,23.5,23.8,1769.0,1
56.2,11.5,21.9,14.6,1503.0,1
55.1,2.0,23.4,28.5,1907.0,1
57.1,1.6,31.9,10.0,2018.0,2
72.4,11.2,29.8,19.5,1902.0,1
68.5,8.9,23.4,16.9,1234.0,1
66.5,14.9,26.1,7.3,730.0,1
45.4,1.4,28.1,32.8,683.0,1
43.8,2.4,25.5,18.5,1636.0,0
33.7,5.1,27.0,19.5,1282.0,2
48.6,12.7,25.8,5.1,1914.0,0
58.2,0.1,24.8,26.1,1723.0,0
58.5,3.1,24.6,6.9,1263.0,0
27.4,5.3,25.0,10.1,1637.0,2
56.3,0.9,25.7,24.3,1565.0,0
52.8,1.3,26.8,26.0,1600.0,0
42.2,3.9,26.3,33.3,1602.0,0
48.2,18.9,21.2,31.7,986.0,1
39.4,4.8,25.8,9.3,1049.0,0
48.5,10.2,25.6,9.9,1141.0,0
47.8,10.2,23.6,7.7,1295.0,1
37.6,12.3,25.2,34.3,1399.0,0
62.8,0.6,28.1,13.5,1951.0,1
65.7,16.4,20.2,22.5,452.0,2
70.9,8.1,26.4,14.5,727.0,1
54.8,0.9,29.4,24.7,1123.0,1
52.4,4.9,26.5,27.7,1327.0,0
59.2,2.9,27.7,31.7,2061.0,0
43.4,0.8,23.2,19.2,1306.0,1
58.6,3.3,29.2,27.1,1461.0,1
27.8,5.9,29.1,25.5,1524.0,2
69.5,5.8,21.6,17.9,1415.0,1
51.1,0.1,27.9,5.8,1489.0,0
47.6,4.9,28.0,32.1,1005.0,1
56.6,1.7,27.6,26.3,2127.0,0
68.8,0.0,25.5,35.0,992.0,1
60.0,5.0,24.1,23.8,1085.0,0
66.1,8.8,24.1,13.0,1212.0,0
44.6,7.1,25.1,31.9,749.0,0
58.2,3.4,27.5,30.2,2113.0,0
39.6,2.8,31.2,18.0,837.0,2
49.2,0.2,26.3,30.9,1641.0,0
43.2,6.3,21.8,6.7,1159.0,1
40.4,1.8,30.0,8.9,1499.0,1
53.7,14.6,26.1,17.0,1558.0,1
46.0,50.0,26.3,30.4,328.0,2
33.7,16.9,30.5,23.1,797.0,2
70.0,34.3,25.0,26.5,723.0,2
61.1,1.0,27.4,10.5,1363.0,0
54.4,4.4,22.3,22.3,2348.0,1
39.4,10.3,26.1,6.6,978.0,0
60.9,21.1,22.9,32.6,765.0,1
30.1,1.0,21.3,29.5,1209.0,2
32.6,20.5,21.2,19.1,965.0,2
41.3,5.0,25.4,7.2,1117.0,0
40.3,0.7,24.2,12.8,1455.0,0
54.1,16.1,26.2,25.9,1034.0,1
44.8,2.0,28.9,30.0,1365.0,1
62.3,20.2,24.0,30.7,1586.0,1
54.7,3.2,27.4,17.3,778.0,0
82.6,3.2,26.6,17.5,2341.0,1
62.6,26.9,26.0,12.6,528.0,2
53.0,0.5,24.4,7.8,1770.0,0
73.8,7.0,22.6,31.1,1033.0,1
69.6,1.0,23.1,24.3,1772.0,1
74.3,17.0,22.9,18.9,1502.0,1
46.0,4.8,21.3,18.6,1882.0,1
37.7,0.3,20.9,29.6,1124.0,2
53.1,1.3,24.2,31.7,1703.0,0
49.8,1.5,27.6,32.1,1631.0,0
18.8,13.1,23.6,22.5,1684.0,2
48.2,1.5,26.8,32.8,1590.0,0
55.7,1.8,28.6,20.8,1500.0,1
65.6,1.8,22.5,16.7,2496.0,1
47.9,2.5,26.8,8.3,933.0,0
63.2,6.7,30.5,24.8,957.0,1
58.1,2.5,23.1,11.5,1496.0,1
50.7,8.5,26.3,23.4,1518.0,0
70.2,1.3,27.3,19.9,930.0,1
54.4,3.4,26.1,9.7,553.0,0
49.2,6.4,29.4,22.1,1442.0,1
79.1,1.8,27.9,8.3,2469.0,1
56.5,2.9,23.0,5.2,987.0,1
54.9,5.2,26.6,27.0,1400.0,0
57.3,3.8,28.8,21.7,1560.0,1
47.6,0.2,24.4,13.4,442.0,1
63.1,29.2,27.7,25.7,1373.0,2
45.3,9.0,30.5,15.8,2137.0,1
34.7,2.7,22.7,26.7,1181.0,2
58.7,7.9,25.2,16.0,1234.0,0
58.8,22.8,26.5,31.1,888.0,2
56.2,17.6,28.6,30.5,1802.0,1
37.4,9.1,27.0,32.3,1402.0,0
39.8,5.5,23.2,25.6,1172.0,1
74.0,2.2,29.5,27.5,840.0,1
44.7,1.3,26.6,27.2,1273.0,0
54.2,1.7,25.0,7.4,1717.0,0
45.7,5.5,23.7,19.8,1584.0,1
52.8,3.8,31.1,12.2,1933.0,2
55.6,0.2,21.3,26.0,1434.0,1
52.2,3.9,31.7,34.3,1038.0,2
77.9,7.0,24.6,29.7,2225.0,1
75.3,1.2,27.7,11.6,994.0,1
65.3,12.9,30.9,21.8,1178.0,1
67.8,1.1,27.3,34.1,1270.0,0
59.4,4.7,30.1,21.0,1126.0,1
65.8,17.2,28.6,29.2,614.0,1
64.5,6.3,24.5,24.1,1415.0,0
43.5,50.0,27.2,23.1,697.0,2
50.8,3.6,29.4,32.5,748.0,1
68.4,18.8,23.8,24.4,819.0,1
61.4,0.1,21.4,11.8,976.0,1
53.3,11.2,27.3,19.3,1511.0,0
60.5,4.3,23.3,11.8,780.0,1
44.1,6.0,24.0,30.1,1062.0,0
34.3,4.4,23.4,26.3,1653.0,2
59.0,2.9,35.6,20.9,1515.0,2
50.1,0.4,26.5,13.4,1368.0,0
50.5,3.2,32.3,31.0,1160.0,2
51.6,2.7,26.5,20.7,1335.0,0
40.8,9.0,25.8,26.4,1095.0,0
62.1,2.8,29.4,23.9,1967.0,1
63.5,25.3,25.2,12.4,786.0,2
85.4,3.0,24.2,5.5,1628.0,1
57.4,8.9,26.7,26.5,893.0,0
55.5,21.2,24.2,33.7,1242.0,1
48.2,2.5,26.9,20.6,926.0,0
77.3,13.8,27.3,5.5,987.0,1
38.7,29.6,24.7,5.4,1485.0,2
77.5,18.8,22.1,7.9,639.0,1
47.7,0.1,23.4,5.6,770.0,1
37.6,4.6,25.9,18.7,1908.0,0
60.0,3.5,29.9,15.0,955.0,1
55.1,2.4,23.3,33.8,1015.0,1
54.5,6.3,25.6,29.5,1346.0,0
52.8,10.3,25.5,30.9,725.0,0
60.1,14.0,30.4,14.9,803.0,1
60.2,1.4,27.6,25.0,1264.0,0
65.4,20.2,25.5,13.6,1392.0,1
61.0,6.4,24.2,11.5,964.0,0
40.4,16.9,28.4,5.7,349.0,1
57.2,16.4,31.9,24.5,1390.0,2
72.5,10.3,25.9,20.6,1134.0,1
49.7,1.6,23.4,24.9,1794.0,1
84.6,47.8,16.8,5.9,957.0,2
75.1,0.9,24.3,10.7,965.0,1
48.0,17.2,29.4,22.8,646.0,1
59.4,17.2,28.8,11.6,588.0,1
38.3,13.4,23.2,16.8,1306.0,1
41.3,4.8,25.4,33.0,1455.0,0
47.6,8.5,27.6,27.8,1646.0,0
49.9,19.1,25.5,17.0,925.0,1
42.4,5.2,25.6,7.0,1623.0,0
39.5,3.0,21.8,25.6,2056.0,1
53.4,16.9,30.3,33.5,958.0,1
39.6,2.0,24.6,32.8,659.0,0
32.2,12.1,23.3,7.4,822.0,2
45.0,3.4,26.7,20.2,2006.0,0
31.8,6.9,24.2,22.9,1345.0,2
41.6,28.2,28.3,22.3,503.0,2
36.9,1.7,27.3,29.9,1577.0,0
52.9,8.0,21.9,32.4,651.0,1
72.4,10.4,23.0,15.4,1587.0,1
57.7,1.6,26.5,30.5,668.0,0
59.7,7.0,28.0,11.1,1349.0,1
48.2,1.0,26.8,17.3,1642.0,0
67.7,17.2,26.7,8.2,1342.0,1
61.2,4.2,27.0,32.8,1904.0,0
80.8,6.8,25.8,16.2,1493.0,1
72.2,3.7,28.4,20.4,977.0,1
59.5,3.9,26.8,22.5,1608.0,0
60.2,4.8,24.5,16.4,1318.0,0
68.1,5.4,21.7,10.5,788.0,1
46.4,21.2,26.3,23.3,947.0,1
55.1,1.5,28.6,6.3,964.0,1
54.1,6.8,21.6,29.1,1261.0,1
61.7,5.3,32.8,26.5,874.0,2
55.2,15.8,29.7,9.5,490.0,1
65.1,3.8,23.0,31.8,1911.0,1
58.2,0.2,31.5,14.7,1926.0,2
60.3,31.3,23.7,29.1,879.0,2
37.1,5.4,27.0,31.4,1168.0,0
32.7,31.6,26.0,15.6,691.0,2
60.2,17.8,31.5,10.6,597.0,2
42.2,18.7,23.8,25.0,1057.0,1
59.0,3.2,23.5,22.2,1582.0,1
56.4,10.8,22.6,9.0,601.0,1
34.8,1.8,29.4,19.4,1352.0,2
40.9,17.8,29.7,26.0,618.0,1
56.0,0.6,31.7,18.8,2029.0,2
56.8,1.0,23.9,16.0,967.0,1
66.5,2.6,27.6,18.6,1094.0,0
53.6,27.7,22.5,22.1,1179.0,2
79.1,13.1,23.4,26.5,1324.0,1
70.4,4.0,26.7,33.6,1752.0,1
73.1,13.5,30.7,28.4,1278.0,1
70.6,1.6,29.0,33.0,1598.0,1
59.1,8.5,30.0,27.6,1132.0,1
50.3,9.1,28.7,34.8,1624.0,1
56.5,8.4,28.1,32.2,1999.0,1
41.0,4.8,33.8,20.4,1801.0,2
53.6,8.8,26.6,21.7,848.0,0
50.8,10.2,25.7,24.3,917.0,0
85.2,2.0,28.3,10.4,1616.0,1
38.5,5.5,26.4,7.6,1985.0,0
52.5,2.1,23.0,25.2,1092.0,1
61.2,20.7,26.3,14.6,278.0,1
51.0,20.6,23.9,23.8,1205.0,1
38.3,1.3,23.6,23.4,2322.0,1
30.2,2.0,23.1,30.9,2145.0,2
64.2,9.7,27.7,27.9,639.0,0
51.9,20.8,28.0,9.1,614.0,1
56.5,2.4,29.3,14.0,1807.0,1
54.0,0.6,24.9,32.4,1365.0,0
57.2,2.0,28.8,26.8,1781.0,1
69.9,1.0,23.6,32.1,1845.0,1
63.8,1.3,20.0,11.3,1243.0,2
31.9,3.4,25.5,21.2,1655.0,2
71.4,6.3,31.6,13.4,838.0,2
49.6,2.4,22.7,19.3,2034.0,1
42.5,9.1,22.1,8.9,1149.0,1
56.6,1.1,26.9,7.6,1140.0,0
39.0,9.1,24.0,28.9,1273.0,0
53.0,12.9,25.7,5.6,2098.0,0
41.6,2.6,20.5,9.6,1495.0,2
56.0,8.9,27.0,21.7,851.0,0
56.7,5.1,26.4,14.2,619.0,0
43.7,11.7,26.7,7.7,1243.0,0
56.9,5.8,23.1,29.4,1321.0,1
58.9,12.3,26.8,13.3,810.0,0
65.6,1.6,22.8,27.1,2109.0,1
77.7,0.0,27.5,22.9,1623.0,1
48.8,1.1,25.7,10.6,1347.0,0
37.9,7.9,26.8,32.6,378.0,1
63.5,4.2,20.4,16.3,1588.0,2
57.1,2.4,30.5,21.9,1127.0,1
51.3,1.6,29.7,28.4,1422.0,1
44.3,5.2,23.6,9.7,1256.0,1
49.6,7.0,31.8,8.7,2051.0,2
45.6,50.0,29.5,16.2,557.0,2
46.9,15.8,26.3,21.2,1522.0,1
44.5,8.9,26.3,25.5,1370.0,0
72.0,15.9,25.6,11.4,1045.0,1
55.8,20.2,31.3,15.5,683.0,2
58.2,39.0,25.3,16.6,626.0,2
61.6,1.4,19.8,15.5,995.0,2
48.1,0.5,31.3,13.7,2027.0,2
34.3,6.9,24.2,33.9,1539.0,2
49.8,9.6,29.3,12.7,914.0,1
50.2,4.5,28.7,34.7,931.0,1
62.7,2.6,29.9,15.4,1745.0,1
53.4,0.7,29.3,9.2,844.0,1
68.0,14.3,25.6,30.6,950.0,1
58.6,1.3,26.5,33.1,1639.0,0
64.0,15.1,26.0,5.9,1361.0,1
61.3,2.1,23.4,5.8,1431.0,1
53.7,4.5,27.8,33.1,1374.0,0
50.4,2.5,24.6,34.8,1656.0,0
81.5,4.6,25.0,32.7,1551.0,1
66.1,0.5,24.6,34.3,1533.0,0
49.7,0.6,29.8,14.4,1698.0,1
81.3,2.3,31.0,6.2,639.0,2
50.8,5.7,26.0,21.3,1422.0,0
68.5,0.2,29.4,28.7,1662.0,1
46.2,5.2,25.9,11.9,1666.0,0
45.1,13.6,25.5,14.9,1240.0,0
74.2,6.7,23.9,11.2,1414.0,1
57.5,39.5,24.5,29.7,400.0,2
53.0,26.2,24.1,15.3,1326.0,2
56.1,0.2,28.2,25.3,1266.0,1
42.4,12.3,24.9,23.4,1351.0,0
64.8,25.9,23.5,12.7,1327.0,2
50.6,1.8,28.1,10.9,1082.0,1
61.1,11.4,21.3,30.5,1427.0,1
66.6,1.3,23.7,26.7,1388.0,1
49.4,1.9,28.6,32.0,1746.0,1
43.1,16.7,22.7,16.3,495.0,1
64.7,1.0,27.0,11.6,352.0,1
57.8,6.7,24.0,18.1,1103.0,1
61.7,6.0,23.2,33.0,1251.0,1
51.4,10.0,25.6,22.4,1381.0,0
61.5,8.1,26.2,25.5,2413.0,0
58.0,18.2,31.4,8.3,874.0,2
58.6,3.4,30.2,9.6,2257.0,1
49.6,12.3,24.5,8.3,1580.0,0
36.6,5.4,27.3,31.4,1005.0,0
47.4,14.2,26.5,17.3,627.0,1
49.3,1.2,28.3,34.4,1048.0,1
64.0,0.4,22.7,24.8,986.0,1
31.0,3.3,25.5,30.1,1154.0,2
49.9,13.5,22.7,8.9,497.0,1
54.4,11.6,24.8,28.1,887.0,0
52.8,10.6,31.7,20.4,1119.0,2
56.1,0.6,21.9,14.5,1664.0,1
58.6,1.8,22.3,31.8,2242.0,1
52.3,1.4,27.0,25.8,811.0,0
77.9,7.6,23.3,22.0,2104.0,1
42.9,2.7,29.5,34.7,1850.0,1
58.6,2.7,28.3,5.8,916.0,1
49.8,1.8,18.5,23.9,1176.0,2
86.7,6.9,24.1,23.0,1154.0,1
45.7,1.2,28.4,7.6,1769.0,1
30.3,5.3,28.9,20.2,806.0,2
58.4,6.9,28.6,24.1,1211.0,1
57.6,0.1,34.4,30.5,1178.0,2
74.4,5.7,24.2,25.4,1725.0,1
60.5,0.7,22.2,27.1,1277.0,1
58.8,50.0,33.1,13.9,401.0,2
56.2,3.7,26.3,16.3,579.0,0
49.5,2.0,26.2,23.0,766.0,0
48.2,3.9,26.4,9.7,1519.0,0
59.2,4.2,29.1,12.0,1547.0,1
36.9,7.3,32.1,34.6,878.0,2
57.1,2.6,21.5,20.4,1124.0,1
65.0,0.5,23.4,6.2,924.0,1
61.1,9.7,27.4,15.2,1132.0,0
50.5,7.1,26.0,10.8,1710.0,0
78.1,15.1,27.6,25.9,675.0,1
41.3,13.6,28.3,17.9,890.0,1
67.2,9.6,29.3,14.3,1133.0,1
68.1,15.7,25.5,27.5,1513.0,1
44.4,7.8,20.0,17.9,422.0,2
57.0,0.7,26.6,31.9,1525.0,0
54.8,9.9,29.4,32.0,730.0,1
60.1,24.5,26.7,27.5,754.0,2
53.4,13.1,25.7,30.0,977.0,0
62.9,3.2,29.4,24.2,1281.0,1
57.0,0.7,25.3,28.4,356.0,1
55.4,12.4,26.0,9.8,1820.0,0
62.0,4.4,27.1,10.5,816.0,0
46.8,2.6,25.7,8.8,2500.0,0
44.8,8.4,27.4,22.3,1603.0,0
65.8,8.3,26.3,21.7,1112.0,0
43.8,3.3,27.5,33.5,1343.0,0
43.3,3.5,29.9,29.6,839.0,1
33.4,4.9,23.6,34.7,931.0,2
42.2,6.7,24.7,17.7,1794.0,0
49.6,3.2,25.6,15.4,873.0,0
56.2,5.2,28.9,11.5,599.0,1
67.7,3.8,30.6,10.0,2491.0,1
49.8,3.2,25.8,9.3,2122.0,0
45.6,7.2,26.1,5.6,1821.0,0
48.7,26.6,23.4,10.5,0.0,2
40.2,15.9,27.4,13.4,672.0,1
44.7,26.2,29.7,29.6,79.0,2
56.4,3.6,29.1,29.9,2128.0,1
62.0,7.9,23.8,24.4,1306.0,1
68.9,4.3,29.6,8.3,193.0,1
49.2,12.9,31.2,10.7,635.0,2
55.1,0.3,20.8,17.3,1420.0,2
64.1,2.7,26.7,9.1,1783.0,0
56.0,28.4,26.8,25.3,1473.0,2
51.4,2.7,25.5,26.1,1708.0,0
40.4,7.5,29.4,15.0,1135.0,1
59.3,9.0,23.9,5.7,1743.0,1
60.6,6.1,22.4,11.5,285.0,1
66.2,0.2,32.6,31.7,1948.0,2
36.3,0.3,31.3,22.6,704.0,2
49.4,7.7,28.7,14.9,2212.0,1
38.6,22.8,26.7,28.5,778.0,2
61.7,1.1,29.1,26.1,629.0,1
53.2,9.2,26.2,33.3,1620.0,0
67.9,8.4,29.8,26.4,1335.0,1
61.1,36.3,25.5,6.2,659.0,2
50.4,2.7,23.5,29.9,1497.0,1
68.7,7.1,29.9,19.7,1625.0,1
54.3,2.3,27.0,20.8,1339.0,0
43.4,16.4,21.9,16.6,1521.0,1
68.3,2.3,25.3,20.7,1599.0,1
37.6,3.0,19.5,12.8,1130.0,2
38.1,44.4,22.9,26.4,977.0,2
28.2,2.5,24.0,9.9,2021.0,2
49.6,12.1,28.1,29.6,808.0,1
25.6,2.1,27.6,20.5,674.0,2
43.2,10.2,25.0,20.1,1128.0,0
55.1,29.3,27.9,8.0,547.0,2
59.6,21.7,21.5,26.5,690.0,1
68.6,11.4,23.6,27.7,1344.0,1
63.3,6.8,32.1,15.1,2375.0,2
63.1,1.3,24.3,26.5,1533.0,0
55.3,14.0,23.4,30.8,1328.0,1
60.5,1.0,27.0,30.3,1903.0,0
46.9,29.1,23.6,10.5,725.0,2
59.5,3.4,28.1,9.2,1485.0,1
56.7,0.6,21.6,16.5,840.0,1
66.1,8.1,29.1,30.0,819.0,1
63.3,50.0,31.6,22.8,244.0,2
49.7,11.9,23.3,28.9,1301.0,1
43.8,16.9,23.8,20.1,1584.0,1
55.4,9.7,30.4,5.9,1348.0,1
69.6,1.6,28.0,32.5,1250.0,1
51.2,13.5,22.6,19.9,575.0,1
66.7,9.4,27.9,14.6,1189.0,0
68.9,5.2,23.7,9.9,1335.0,1
55.0,3.7,23.6,30.7,589.0,1
69.7,6.1,24.7,19.6,1484.0,1
56.7,11.5,27.2,10.6,1490.0,0
57.4,0.6,29.9,29.4,1577.0,1
53.6,21.5,33.3,11.2,1058.0,2
44.9,6.1,27.3,14.0,1377.0,0
39.9,8.7,31.5,23.9,601.0,2
43.5,4.9,20.6,18.4,270.0,2
77.3,0.0,24.6,23.9,1032.0,1
59.1,2.8,25.7,24.9,650.0,0
53.7,7.8,27.1,22.8,1050.0,0
44.2,41.2,25.5,32.7,225.0,2
53.0,3.3,31.7,12.6,2003.0,2
75.6,5.1,25.1,8.8,1141.0,1
54.2,1.7,24.0,25.8,1498.0,1
45.7,14.4,26.3,6.6,616.0,1
64.4,50.0,29.5,19.1,858.0,2
45.4,16.6,27.5,24.6,1239.0,1
65.1,1.2,24.5,13.8,1118.0,0
35.7,4.1,28.3,30.4,1175.0,1
68.0,0.2,26.8,13.2,1166.0,1
53.4,18.1,24.7,32.0,1696.0,1
53.9,4.8,28.8,29.1,1702.0,1
63.3,1.3,29.2,17.3,1223.0,1
52.1,1.6,30.3,11.5,1139.0,1
73.8,3.6,27.4,17.1,1877.0,1
37.3,13.9,26.9,16.7,468.0,1
41.0,4.1,24.9,16.6,817.0,0
69.4,2.1,27.4,12.5,715.0,1
39.5,4.4,22.7,16.9,1068.0,1
19.7,0.7,23.9,6.8,2066.0,2
55.7,2.0,21.2,31.3,956.0,1
37.5,7.1,24.9,24.4,1230.0,0
53.4,7.3,25.3,27.7,1213.0,0
45.1,10.6,28.1,13.8,1007.0,1
66.5,8.0,24.4,29.0,1415.0,0
81.4,3.6,25.0,19.9,1674.0,1
64.5,16.1,24.6,6.1,1318.0,1
61.7,5.4,29.3,7.4,1024.0,1
45.6,13.2,26.6,5.8,750.0,0
50.7,0.0,32.2,24.3,1174.0,2
67.1,8.4,29.0,18.3,283.0,1
54.9,0.6,27.6,32.2,1468.0,0
26.2,7.8,23.2,18.2,1259.0,2
65.8,7.4,25.5,5.1,1338.0,0
23.4,2.0,26.5,27.3,1307.0,2
36.1,3.9,23.1,19.5,1577.0,1
72.3,16.8,31.3,27.4,1313.0,2
51.5,32.5,23.8,7.1,275.0,2
70.6,1.4,24.9,12.8,890.0,1
44.9,5.3,21.7,5.6,1620.0,1
47.0,2.6,25.1,25.1,881.0,0
41.7,0.7,27.9,12.6,1081.0,0
49.8,22.7,28.3,25.7,917.0,2
64.1,14.1,23.1,34.1,1197.0,1
54.4,0.5,25.9,5.9,787.0,0
45.1,12.9,24.8,17.1,1146.0,0
53.4,17.0,25.6,23.8,442.0,1
41.5,2.9,25.5,17.6,1330.0,0
67.9,44.5,19.7,12.8,528.0,2
45.2,7.7,22.8,12.1,1805.0,1
67.0,33.5,26.0,19.8,283.0,2
75.2,6.2,23.3,5.9,1442.0,1
57.4,18.2,29.6,25.3,1167.0,1
59.1,0.7,28.8,31.2,1140.0,1
56.8,14.8,23.0,5.8,770.0,1
33.7,13.2,30.9,27.1,1704.0,2
62.9,2.7,29.0,13.5,1263.0,1
56.7,1.8,29.0,25.6,1406.0,1
56.4,22.4,25.0,14.1,461.0,2
59.3,2.3,24.4,20.0,1043.0,0
32.7,4.0,28.6,9.7,1636.0,2
71.7,1.3,18.5,24.7,929.0,2
41.4,8.1,22.9,22.9,1072.0,1
59.3,5.1,29.2,25.7,954.0,1
82.4,0.5,21.7,30.3,543.0,1
51.3,10.4,30.7,24.0,964.0,1
44.7,1.2,24.2,32.5,1650.0,0
57.9,13.5,22.1,15.2,1209.0,1
71.8,0.8,20.8,34.5,840.0,2
68.1,0.2,26.1,6.0,1342.0,1
49.6,2.7,23.7,14.9,1686.0,1
64.1,8.7,27.2,28.0,1539.0,0
51.3,6.0,19.8,13.5,1891.0,2
60.3,21.0,27.6,23.9,1296.0,1
61.1,5.7,21.6,11.5,1434.0,1
38.4,1.1,27.6,10.9,1940.0,0
43.3,14.4,26.9,25.6,841.0,1
66.2,2.7,26.1,27.9,1560.0,0
46.8,3.1,27.0,9.1,1112.0,0
56.9,1.6,26.0,25.1,2261.0,0
77.0,3.1,24.2,30.7,1611.0,1
51.5,45.1,22.5,26.2,2.0,2
54.8,16.0,23.0,16.1,235.0,1
55.3,41.0,25.0,34.8,613.0,2
60.7,8.0,28.7,12.7,1221.0,1
72.5,1.8,25.1,33.3,1322.0,1
65.2,0.8,24.0,31.3,1337.0,1
50.8,11.8,23.5,21.7,1532.0,1
49.1,8.0,28.2,29.2,1084.0,1
38.6,4.6,26.3,9.5,1069.0,0
44.9,28.2,30.0,22.9,867.0,2
27.9,4.5,30.5,16.2,1265.0,2
55.2,2.8,22.4,28.4,1152.0,1
51.2,3.4,25.0,9.3,1143.0,0
47.5,1.8,29.0,30.3,1201.0,1
64.1,8.1,23.3,6.9,1409.0,1
52.6,1.1,24.8,19.7,1519.0,0
50.4,1.8,28.6,5.4,1696.0,1
51.2,4.3,31.7,16.5,1782.0,2
42.9,18.9,26.3,29.2,621.0,1
43.0,0.4,25.9,26.1,2270.0,0
63.5,5.9,28.0,22.1,931.0,1
87.5,20.5,25.4,15.9,1252.0,1
67.3,2.8,19.9,19.3,1474.0,2
65.5,4.3,25.7,20.9,2500.0,0
60.4,7.2,26.5,16.8,2321.0,0
40.2,0.1,28.5,8.1,1414.0,1
56.1,12.0,24.1,14.5,1108.0,0
38.7,47.1,20.8,8.9,1092.0,2
59.8,13.2,23.1,16.6,1747.0,1
77.8,2.4,34.3,8.6,1103.0,2
54.3,0.0,22.8,22.6,2500.0,1
34.1,1.1,26.0,32.3,1261.0,2
72.2,28.9,23.1,34.9,1498.0,2
28.4,1.9,26.2,32.1,522.0,2
46.6,13.5,23.5,29.9,173.0,1
62.3,1.4,24.9,11.7,1983.0,0
58.1,50.0,27.0,31.7,340.0,2
79.3,5.1,26.6,31.5,1639.0,1
63.6,19.1,23.3,24.8,1088.0,1
67.9,1.8,23.6,26.6,1205.0,1
68.9,7.3,24.8,12.6,1891.0,1
38.1,5.6,26.6,18.0,1449.0,0
63.1,6.7,23.2,21.5,1073.0,1
39.4,0.5,21.9,21.6,2212.0,1
62.4,2.5,23.7,16.5,737.0,1
67.1,1.8,25.1,6.7,630.0,0
62.0,18.4,23.8,22.7,800.0,1
61.9,1.1,26.4,9.6,1651.0,0
57.5,0.1,28.7,25.3,363.0,1
54.4,2.9,17.6,26.2,1639.0,2
49.8,0.7,26.7,18.7,1557.0,0
82.2,7.8,24.3,23.9,1449.0,1
57.3,50.0,28.6,19.7,505.0,2
33.3,0.7,26.7,25.5,1862.0,2
54.5,6.1,24.3,23.9,1820.0,0
59.9,24.5,28.0,16.8,450.0,2
66.9,7.1,29.2,26.5,793.0,1
64.4,3.8,27.2,24.7,653.0,0
63.7,6.8,20.1,7.6,540.0,2
52.7,3.4,31.1,27.3,1967.0,2
64.8,5.8,24.0,10.4,1073.0,0
55.8,34.2,26.6,35.0,894.0,2
61.6,3.4,28.6,33.6,1734.0,1
26.8,10.3,22.7,24.8,1447.0,2
46.2,1.7,29.2,26.5,1187.0,1
45.8,9.7,21.3,10.1,897.0,1
62.3,4.6,19.4,14.4,920.0,2
36.0,8.3,24.7,18.9,906.0,0
45.7,4.8,26.3,26.3,1025.0,0
26.8,1.6,22.6,22.7,1356.0,2
61.0,1.3,28.3,11.6,1191.0,1
63.3,11.5,31.7,22.1,932.0,2
57.4,2.9,22.9,6.5,1218.0,1
70.1,0.5,19.8,29.2,1220.0,2
60.8,10.0,21.8,29.6,1225.0,1
53.1,3.7,29.1,9.1,822.0,1
52.5,26.9,25.9,33.3,889.0,2
53.7,5.7,22.6,10.3,837.0,1
66.6,4.1,31.3,28.3,1665.0,2
64.4,5.8,22.5,23.3,890.0,1
75.7,0.8,32.7,23.4,1035.0,2
50.2,2.7,25.5,17.9,1197.0,0
66.9,15.1,27.7,8.7,695.0,1
64.5,0.3,26.6,22.7,1620.0,0
65.2,2.6,31.0,20.7,1177.0,1
53.0,0.8,25.5,31.0,1555.0,0
54.2,26.7,22.7,34.9,468.0,2
50.2,7.0,24.2,18.9,1807.0,0
38.9,0.4,25.7,19.4,1186.0,0
78.3,2.1,27.3,24.4,1536.0,1
62.2,0.6,24.1,23.8,1684.0,0
61.4,12.1,27.2,22.7,2072.0,0
57.0,1.5,23.3,16.3,1507.0,1
60.2,3.3,26.8,15.2,1012.0,0
65.6,11.9,27.5,11.8,1612.0,0
74.9,4.4,26.3,20.3,1934.0,1
55.3,12.7,28.2,23.7,1518.0,1
36.8,13.5,25.0,23.6,1832.0,0
62.9,11.5,22.6,31.6,881.0,1
50.3,4.9,27.6,24.0,449.0,1
61.1,8.8,24.3,9.3,1850.0,0
46.1,1.5,29.1,24.4,2041.0,1
47.5,8.7,25.1,23.5,1047.0,0
68.1,24.2,31.4,29.4,1014.0,2
52.7,3.7,21.7,27.7,1483.0,1
22.9,4.3,26.2,28.1,2328.0,2
35.0,9.4,29.7,32.9,1226.0,2
62.7,3.1,30.1,21.8,557.0,1
54.5,1.2,20.4,27.7,1550.0,2
60.0,9.9,22.6,29.2,1082.0,1
58.3,11.8,21.5,20.3,688.0,1
52.9,2.1,26.2,24.0,1107.0,0
56.1,3.2,25.8,22.6,1210.0,0
53.3,10.3,23.5,34.9,1361.0,1
34.6,4.2,31.3,11.8,1893.0,2
56.4,0.1,28.4,32.4,1265.0,1
60.0,0.6,23.2,11.0,1347.0,1
48.8,8.1,26.4,6.1,1669.0,0
55.6,22.5,26.7,32.1,1032.0,2
40.4,8.8,24.6,9.0,1702.0,0
62.9,6.7,26.0,34.7,1642.0,0
46.6,0.4,26.4,10.4,743.0,0
48.5,0.3,23.4,27.0,640.0,1
39.7,22.8,24.3,23.2,1872.0,2
66.7,1.4,25.5,8.7,1004.0,0
40.8,5.0,27.8,20.5,1585.0,0
66.4,4.2,22.5,12.7,1509.0,1
60.3,15.4,22.3,25.8,999.0,1
50.1,16.2,25.8,20.1,1575.0,1
52.4,0.8,29.6,19.9,1394.0,1
70.4,3.8,25.8,23.6,1303.0,1
80.8,2.9,17.8,34.9,1653.0,2
54.3,6.2,25.4,5.1,1106.0,0
61.8,17.1,29.9,33.3,1443.0,1
61.3,32.2,28.2,17.5,771.0,2
52.0,5.2,25.3,19.3,977.0,0
39.6,3.4,25.9,10.2,1607.0,0
42.4,8.4,32.6,13.0,1732.0,2
40.1,7.3,23.3,29.8,1318.0,1
81.6,7.8,25.9,32.3,1511.0,1
61.2,15.8,24.2,7.7,571.0,1
56.4,2.1,26.4,24.6,1208.0,0
76.2,25.4,26.6,11.2,400.0,2
71.5,1.1,31.3,14.2,1590.0,2
39.8,3.6,31.4,15.4,1877.0,2
69.2,3.1,26.1,20.8,748.0,1
48.2,2.0,30.9,8.3,959.0,1
64.3,13.2,24.2,12.9,2009.0,0
49.7,16.4,27.0,22.8,855.0,1
50.3,2.6,27.9,8.3,905.0,0
54.6,19.0,27.9,20.6,1419.0,1
29.4,11.9,21.7,8.4,854.0,2
56.6,7.4,23.7,22.6,1466.0,1
55.3,23.7,30.0,21.4,1061.0,2
38.2,0.6,25.8,30.5,1985.0,0
60.7,17.9,31.0,27.5,251.0,2
52.2,0.6,24.9,29.0,424.0,1
40.6,2.4,23.9,25.1,1621.0,1
62.6,5.9,24.3,17.4,879.0,0
61.0,3.9,25.8,32.8,901.0,0
82.0,31.6,21.4,12.4,444.0,2
55.0,8.6,25.3,22.7,1866.0,0
64.5,0.2,25.5,28.6,1513.0,0
46.1,4.4,26.1,8.9,1401.0,0
26.1,1.8,26.3,23.9,1230.0,2
49.9,13.7,27.9,29.3,1135.0,0
46.3,4.4,30.6,8.0,1135.0,1
41.8,4.6,24.9,13.9,1986.0,0
65.0,6.0,23.2,7.7,1945.0,1
56.6,2.9,27.1,16.1,1262.0,0
70.0,1.8,23.7,13.5,980.0,1
51.5,16.4,24.5,32.8,1254.0,1
64.2,0.0,23.6,20.3,712.0,1
52.5,13.6,25.9,28.7,1343.0,0
36.9,33.0,25.6,12.7,464.0,2
29.7,9.7,25.6,26.2,1568.0,2
40.3,5.3,30.5,16.5,1825.0,1
50.6,4.5,25.5,17.2,1694.0,0
66.0,3.5,25.7,16.4,2158.0,0
65.2,6.4,24.8,12.6,1220.0,0
44.1,8.5,23.5,28.7,1281.0,1
37.3,27.4,32.4,28.0,490.0,2
42.0,2.0,23.2,5.4,960.0,1
71.3,9.5,26.6,15.2,986.0,1
46.2,5.2,29.9,22.9,856.0,1
35.3,7.0,20.3,24.0,1222.0,2
65.9,36.2,25.9,28.1,1105.0,2
49.2,1.9,24.9,21.2,1395.0,0
43.0,2.3,24.7,33.6,1204.0,0
65.6,3.1,27.9,8.9,800.0,0
55.4,23.8,28.8,10.8,823.0,2
43.0,10.2,22.5,14.8,1434.0,1
40.4,11.7,22.6,22.4,1045.0,1
68.0,7.2,24.4,29.4,865.0,0
56.1,8.7,29.1,5.2,2356.0,1
33.0,2.2,26.0,11.1,1600.0,2
68.5,9.2,31.4,15.2,912.0,2
66.3,3.3,28.2,21.2,1470.0,1
70.9,50.0,20.1,8.8,538.0,2
66.9,16.6,23.9,6.3,746.0,1
52.6,0.6,25.5,26.6,1097.0,0
59.2,5.3,24.5,25.9,1424.0,0
57.9,1.3,25.4,21.0,1059.0,0
51.7,8.5,18.5,14.5,1732.0,2
44.7,1.1,24.4,23.0,1338.0,0
44.8,0.4,26.9,30.5,1736.0,0
61.3,0.9,23.2,11.4,1328.0,1
56.7,28.8,29.3,25.6,593.0,2
67.3,2.0,25.0,19.1,1524.0,0
35.7,24.8,27.4,7.4,1072.0,2
64.4,0.5,22.3,29.3,807.0,1
61.4,0.5,25.4,32.4,2086.0,0
47.2,0.2,30.7,23.1,1503.0,1
55.4,41.7,33.5,27.0,1140.0,2
70.0,44.5,22.5,33.0,823.0,2
46.8,3.1,28.0,24.0,820.0,0
61.0,1.7,27.3,34.2,935.0,0
63.2,4.1,25.2,17.5,1523.0,0
47.7,2.4,26.5,20.1,1603.0,0
53.3,0.3,30.9,19.0,514.0,1
43.8,4.0,28.3,9.5,2340.0,1
45.2,1.9,28.3,20.4,1264.0,1
45.8,14.3,26.0,23.8,1209.0,1
31.6,1.8,23.1,8.5,937.0,2
47.4,0.6,26.5,18.3,793.0,0
55.0,11.1,28.4,5.7,895.0,1
63.9,17.8,28.7,11.9,1000.0,1
66.4,1.2,23.3,27.6,2273.0,1
42.3,2.2,27.0,22.2,870.0,0
56.2,1.2,25.4,10.0,1640.0,0
42.9,3.4,23.0,9.6,1327.0,1
51.0,5.5,28.8,10.6,1071.0,1
45.6,2.9,33.3,27.9,2286.0,2
56.2,2.9,27.0,19.1,1863.0,0
40.4,10.3,26.6,6.0,1260.0,0
38.4,33.9,27.7,32.5,886.0,2
59.6,3.4,29.7,18.3,1317.0,1
47.8,10.5,32.2,16.0,1418.0,2
56.2,1.0,27.5,31.3,1111.0,0
41.4,1.3,23.5,14.1,1441.0,1
56.0,7.0,29.1,9.2,1135.0,1
56.6,18.1,26.1,5.1,1492.0,1
30.5,16.2,22.8,13.5,1630.0,2
65.5,0.8,26.1,12.8,1338.0,0
53.2,10.6,22.3,18.7,1290.0,1
66.0,3.7,26.6,26.7,1218.0,0
48.5,12.1,25.9,21.3,2132.0,0
70.9,0.6,30.3,28.5,2064.0,1
38.3,1.6,26.1,23.0,1538.0,0
57.3,11.8,22.4,22.4,781.0,1
45.7,5.7,22.2,20.0,331.0,1
66.4,1.5,28.1,13.1,665.0,1
64.7,0.5,25.7,9.3,1428.0,0
32.7,8.9,24.9,16.8,1465.0,2
54.9,4.9,20.3,21.5,1429.0,2
64.8,10.8,24.1,10.1,1300.0,0
65.5,7.9,25.5,7.1,1653.0,0
71.8,13.1,29.2,13.0,2230.0,1
63.1,1.1,24.6,7.7,808.0,0
61.5,15.5,23.1,32.5,1184.0,1
55.7,12.2,25.0,33.1,1586.0,0
49.0,7.5,22.7,11.3,962.0,1
69.3,1.8,26.3,18.3,1038.0,1
61.6,6.2,24.3,17.7,1094.0,0
56.1,0.9,26.4,19.5,2500.0,0
63.4,16.8,27.0,9.8,479.0,1
48.6,25.7,25.7,34.5,0.0,2
36.1,15.3,28.5,12.4,619.0,1
50.9,9.0,28.8,20.7,1317.0,1
67.7,8.2,27.6,34.3,2095.0,0
48.7,4.1,27.3,21.9,1522.0,0
52.1,5.1,27.0,6.8,406.0,1
62.0,10.9,23.8,11.8,1882.0,1
45.1,0.6,23.1,20.0,1289.0,1
56.6,50.0,22.3,16.6,472.0,2
56.5,18.3,33.6,29.6,1186.0,2
67.2,19.2,26.3,26.4,1060.0,1
56.3,20.4,25.1,34.0,1225.0,1
43.2,2.0,26.7,20.3,2049.0,0
38.9,7.5,29.9,31.6,1090.0,1
32.6,2.1,29.8,16.3,1796.0,2
56.9,17.5,28.5,31.6,1502.0,1
72.7,7.4,23.2,12.9,1613.0,1
51.2,1.5,29.5,28.9,1594.0,1
79.7,12.5,23.5,27.6,1542.0,1
36.4,9.6,27.0,29.9,2157.0,0
26.4,0.5,25.1,5.4,962.0,2
75.8,1.7,28.8,22.3,701.0,1
63.1,6.0,24.4,14.9,1799.0,0
58.4,21.6,22.7,12.4,1233.0,1
38.6,0.8,23.2,11.6,1538.0,1
64.2,25.9,29.8,25.3,1000.0,2
40.6,6.5,23.4,9.3,1033.0,1
52.7,5.5,26.5,29.7,903.0,0
26.8,20.1,24.8,12.8,20.0,2
34.6,6.5,22.3,5.7,1369.0,2
43.3,7.8,24.9,9.9,1111.0,0
44.5,7.4,23.9,23.6,1816.0,1
72.4,1.4,31.1,10.8,1187.0,2
75.8,2.6,23.1,26.3,1135.0,1
76.7,1.2,25.1,8.2,1595.0,1
49.1,41.4,25.8,34.7,470.0,2
34.3,6.1,27.1,10.2,1730.0,2
39.4,0.7,25.0,29.8,1870.0,0
35.6,3.3,24.6,20.1,1083.0,0
55.6,4.8,20.6,34.4,1419.0,2
35.7,6.8,29.1,20.3,1681.0,1
54.0,3.3,23.5,5.5,1221.0,1
65.4,1.9,22.5,19.3,1058.0,1
35.8,2.8,24.3,15.9,1542.0,0
43.5,0.1,24.6,33.9,1221.0,0
59.3,12.3,28.2,5.8,1054.0,1
74.2,0.2,25.3,22.6,1751.0,1
51.3,9.7,22.3,30.7,1424.0,1
52.9,14.6,34.2,24.2,1045.0,2
49.4,16.4,26.7,27.3,411.0,1
13.6,0.9,21.6,18.8,1351.0,2
44.4,1.6,23.6,12.4,1442.0,1
40.5,6.0,27.7,30.3,1638.0,0
43.0,12.4,29.1,15.3,714.0,1
30.1,0.5,27.5,28.5,1149.0,2
62.8,0.5,30.0,19.2,2296.0,1
52.8,1.6,22.6,21.8,1645.0,1
43.7,24.5,20.7,24.7,1705.0,2
46.6,1.9,27.5,12.4,998.0,0
41.2,20.6,29.8,20.0,1313.0,1
41.2,5.1,22.3,34.8,962.0,1
62.2,1.4,25.5,11.1,881.0,0
62.7,0.6,27.4,9.0,1208.0,0
69.7,3.5,25.2,20.5,557.0,1
74.1,13.1,24.3,20.0,1165.0,1
48.1,1.2,27.4,27.8,1268.0,0
59.5,2.0,27.8,27.7,1464.0,0
58.5,50.0,20.1,11.8,582.0,2
60.0,1.5,28.5,12.7,1194.0,1
27.4,9.2,27.7,7.9,918.0,2
35.1,20.0,27.0,27.3,1345.0,1
40.3,3.9,25.6,14.5,1137.0,0
54.4,4.2,25.7,33.5,1527.0,0
48.6,5.8,20.5,18.0,397.0,2
57.0,6.9,27.1,34.4,800.0,0
41.8,5.7,24.3,27.1,1896.0,0
43.3,4.9,26.4,24.8,1603.0,0
65.4,11.7,22.5,12.9,1821.0,1
43.8,0.9,27.2,15.0,1932.0,0
66.9,8.2,28.1,7.7,1191.0,1
31.3,3.8,28.2,31.6,1441.0,2
60.8,35.0,27.2,29.5,1308.0,2
66.3,28.6,26.0,27.5,1009.0,2
36.6,5.6,26.5,14.6,1218.0,0
64.2,8.5,26.2,28.2,992.0,0
36.4,40.8,24.1,7.9,750.0,2
45.2,11.5,22.4,5.2,1395.0,1
43.0,0.9,31.6,13.6,1712.0,2
48.6,13.2,31.8,22.4,976.0,2
44.1,3.9,29.0,10.5,1056.0,1
47.8,11.0,29.7,6.3,1651.0,1
36.4,2.7,25.0,28.7,1068.0,0
39.3,5.6,26.3,11.3,812.0,0
65.2,1.1,28.4,17.4,1178.0,1
38.2,3.2,20.6,25.8,1272.0,2
62.9,0.4,22.0,13.0,1893.0,1
62.1,0.4,22.2,34.8,2178.0,1
42.1,2.0,36.1,29.1,1527.0,2
66.5,3.3,24.6,6.0,1150.0,0
63.7,17.7,23.3,11.0,1117.0,1
63.7,4.1,23.3,12.7,1070.0,1
48.9,0.7,27.2,12.1,1070.0,0
52.2,1.4,22.4,31.9,244.0,1
50.4,0.8,25.3,33.6,1147.0,0
69.2,34.7,23.4,28.4,512.0,2
41.6,4.0,28.7,9.0,1768.0,1
66.4,19.8,27.1,21.0,699.0,1
42.0,18.5,23.7,21.4,1153.0,1
57.9,1.4,18.0,19.6,1588.0,2
82.2,10.3,29.3,7.7,994.0,1
43.0,28.1,28.9,27.7,865.0,2
50.7,1.8,21.3,17.0,1561.0,1
57.6,0.5,29.7,32.9,1709.0,1
48.0,2.7,30.8,25.0,965.0,1
56.2,7.9,24.4,32.9,1479.0,0
61.3,5.0,24.5,5.8,1471.0,0
37.7,6.4,25.7,10.5,1127.0,0
83.6,2.0,24.1,16.6,932.0,1
45.2,4.5,25.6,28.2,833.0,0
43.0,21.2,26.2,32.5,1128.0,1
36.2,16.0,23.1,28.9,1670.0,1
33.1,17.8,31.7,32.5,1248.0,2
47.3,0.1,28.3,34.0,585.0,1
56.7,6.5,23.5,17.2,1556.0,1
37.1,9.5,28.0,31.7,1762.0,1
50.8,6.6,27.0,34.2,1529.0,0
70.5,16.3,21.4,21.3,1623.0,1
61.3,5.3,22.2,26.8,672.0,1
73.4,15.3,21.5,12.7,895.0,1
75.1,5.1,20.3,34.1,1341.0,2
57.7,4.2,25.0,32.0,1578.0,0
68.5,1.9,20.0,23.6,2047.0,2
53.8,0.7,25.7,16.9,1445.0,0
70.6,33.2,32.6,27.5,1124.0,2
56.2,2.2,26.8,24.5,814.0,0
45.0,7.5,28.5,22.0,1179.0,1
59.8,5.6,22.3,27.1,1524.0,1
79.6,15.4,25.5,11.8,1391.0,1
49.5,11.3,28.5,16.9,2450.0,1
45.2,2.3,26.4,20.5,1292.0,0
48.1,2.7,27.6,26.6,1320.0,0
49.7,6.2,24.0,8.1,580.0,0
71.8,0.1,23.4,27.6,903.0,1
72.4,3.0,29.7,20.5,1590.0,1
46.1,2.5,29.4,18.2,957.0,1
58.1,8.2,28.7,22.9,723.0,1
70.4,1.8,28.3,26.9,1575.0,1
51.7,1.8,23.6,34.6,430.0,1
50.7,9.3,22.2,28.1,1211.0,1
59.9,15.5,29.0,5.4,1707.0,1
47.5,0.8,26.8,14.5,1413.0,0
60.0,20.3,24.0,6.6,735.0,1
59.2,5.1,26.9,31.6,1351.0,0
68.6,7.0,27.5,22.4,1848.0,1
49.4,1.1,26.3,5.5,1302.0,0
43.4,14.2,28.7,19.3,998.0,1
58.0,1.5,23.9,27.7,2500.0,1
46.9,12.8,22.7,29.4,1074.0,1
56.5,10.6,27.7,15.7,554.0,0
67.2,3.8,31.2,24.4,791.0,2
49.0,1.3,28.7,30.7,963.0,1
47.1,11.6,25.1,24.1,1068.0,0
35.5,9.9,29.1,30.4,1305.0,1
32.4,2.8,26.8,24.0,636.0,2
73.9,3.9,29.7,9.4,2463.0,1
54.1,20.2,28.9,20.6,1420.0,1
57.7,3.4,25.7,15.6,1390.0,0
72.3,5.8,27.3,17.0,1750.0,1
48.4,6.3,21.6,5.5,1049.0,1
45.5,8.0,27.6,20.0,1811.0,0
66.3,5.4,27.8,30.8,1049.0,0
47.7,0.1,26.3,33.8,2048.0,0
46.1,12.1,22.7,12.2,862.0,1
41.7,0.6,20.8,15.4,1808.0,2
75.2,0.4,24.4,9.9,1836.0,1
64.4,42.0,25.0,15.5,410.0,2
46.8,13.7,28.4,33.7,1751.0,1
47.7,8.2,28.1,17.3,1407.0,1
56.2,4.6,22.3,12.3,1322.0,1
59.3,31.2,28.4,10.0,716.0,2
68.6,4.0,25.0,24.9,1794.0,1
69.7,11.9,24.5,10.0,1270.0,1
68.6,24.5,22.9,32.6,592.0,2
55.9,9.0,28.3,22.8,2117.0,1
43.7,13.8,23.9,18.8,1318.0,1
31.6,5.8,24.8,11.0,0.0,2
56.5,1.6,27.0,6.3,853.0,0
39.4,0.5,22.1,33.1,569.0,1
44.8,15.9,30.5,25.1,2155.0,1
63.9,1.8,27.0,30.7,262.0,1
58.5,0.7,22.7,24.9,1476.0,1
79.0,2.4,24.3,24.5,1677.0,1
41.3,9.4,31.4,16.9,415.0,2
67.3,7.4,28.7,32.3,1345.0,1
38.2,0.8,23.9,27.4,1772.0,1
46.8,12.6,27.6,28.1,1243.0,0
64.4,5.4,24.8,26.3,1612.0,0
47.7,2.5,27.0,25.7,1510.0,0
30.6,1.7,31.0,8.5,1429.0,2
65.8,34.1,23.7,5.1,1705.0,2
57.0,24.1,22.6,29.0,1557.0,2
68.3,4.1,26.5,15.9,1603.0,1
58.7,2.8,26.5,19.3,1343.0,0
40.5,0.3,23.2,30.3,1803.0,1
58.6,4.7,28.1,31.9,1214.0,1
48.4,6.1,28.0,13.9,906.0,1
79.8,8.5,20.8,24.1,1035.0,2
53.8,3.0,26.6,16.8,822.0,0
55.3,13.0,27.1,17.3,2052.0,0
45.8,0.4,26.6,15.3,1906.0,0
55.9,10.4,22.3,33.7,1529.0,1
50.4,4.7,23.3,19.0,1055.0,1
27.6,33.2,25.2,18.4,700.0,2
48.8,18.8,27.5,5.5,1345.0,1
63.2,1.8,26.0,13.4,473.0,1
57.7,10.4,34.6,18.6,588.0,2
51.6,7.3,33.5,9.3,1615.0,2
67.4,3.7,18.4,29.0,1080.0,2
65.3,24.8,26.4,29.1,870.0,2
60.6,2.4,27.9,15.4,1785.0,0
50.3,20.4,28.3,9.6,195.0,1
49.5,2.1,25.6,29.2,1660.0,0
54.7,3.8,29.3,17.2,2500.0,1
64.2,7.3,29.7,25.0,1880.0,1
59.1,43.1,32.1,5.9,1136.0,2
66.7,9.2,27.5,34.0,1033.0,0
45.1,11.5,24.0,18.8,1294.0,0
59.8,14.1,15.7,14.1,549.0,2
46.1,5.1,23.4,6.5,834.0,1
60.9,7.4,29.4,33.9,1856.0,1
58.9,22.6,24.2,20.3,380.0,2
41.5,20.4,23.7,13.8,783.0,1
55.8,1.3,22.5,6.9,1440.0,1
45.4,18.8,25.1,15.3,932.0,1
74.3,7.8,25.7,13.8,1178.0,1
69.3,0.9,24.0,20.8,1695.0,1
75.2,20.1,23.1,26.3,717.0,1
46.7,0.5,25.6,13.9,1610.0,0
48.4,4.0,22.0,24.2,2138.0,1
59.7,11.5,26.9,34.0,794.0,0
61.0,1.9,27.3,20.0,1637.0,0
60.0,0.9,26.9,30.1,1638.0,0
66.8,5.9,20.7,7.3,890.0,2
54.0,6.0,30.8,31.8,683.0,1
50.5,1.1,27.2,20.2,2328.0,0
56.9,12.8,32.0,7.6,1598.0,2
50.3,16.6,26.1,15.1,1304.0,1
60.6,0.7,18.5,32.2,1407.0,2
37.3,5.3,24.9,21.9,2317.0,0
64.5,11.3,31.2,12.7,1589.0,2
54.2,5.8,25.9,10.4,1393.0,0
44.5,2.1,28.4,31.5,1123.0,1
50.4,13.9,20.1,11.9,786.0,2
54.9,13.2,30.5,14.4,534.0,1
39.4,0.7,25.8,13.2,1322.0,0
49.3,25.6,26.1,15.1,1294.0,2
42.2,10.9,24.4,34.1,1486.0,0
66.5,10.0,30.3,34.7,896.0,1
49.4,4.3,29.8,33.3,1857.0,1
56.1,5.9,25.1,33.8,1398.0,0
56.5,1.7,26.3,5.6,1578.0,0
34.2,1.7,30.9,26.0,1363.0,2
63.0,1.8,26.8,29.4,1385.0,0
49.6,11.5,26.1,28.2,1357.0,0
70.9,6.7,31.2,19.8,1357.0,2
65.3,0.0,24.6,20.7,1751.0,0
37.3,8.7,27.8,5.7,757.0,0
33.8,24.5,20.7,11.3,1202.0,2
58.5,1.6,27.6,24.3,877.0,0
26.2,20.0,20.6,29.1,1242.0,2
67.2,11.4,24.4,17.8,1128.0,0
52.0,12.3,27.5,18.7,1329.0,0
50.0,4.8,22.8,17.4,1677.0,1
50.6,3.5,25.0,18.9,1208.0,0
51.9,3.6,19.0,30.4,480.0,2
76.5,0.6,23.4,34.0,1102.0,1
34.8,20.1,29.9,15.9,1233.0,2
32.9,19.0,22.8,27.8,833.0,2
41.6,0.3,24.5,12.9,1372.0,0
46.0,7.1,22.1,16.5,1224.0,1
64.8,12.4,30.5,31.2,1589.0,1
47.2,3.1,24.6,20.1,1449.0,0
54.8,0.1,23.9,17.6,1049.0,1
74.4,27.0,24.1,8.1,1281.0,2
53.8,1.4,28.7,26.6,1615.0,1
42.7,4.1,25.4,5.4,1506.0,0
74.0,3.2,27.3,5.8,2412.0,1
44.5,1.1,20.8,32.4,1816.0,2
59.5,26.5,25.1,6.0,1581.0,2
68.2,1.6,27.4,6.8,235.0,1
71.1,6.6,27.1,30.2,362.0,1
59.8,8.5,30.3,19.7,2090.0,1
53.0,0.6,24.1,16.0,1447.0,0
79.6,9.5,28.3,6.2,1467.0,1
51.9,19.1,31.9,24.7,225.0,2
52.3,3.2,23.8,5.6,1732.0,1
35.6,1.4,25.8,18.9,1909.0,0
47.1,1.3,28.0,12.0,933.0,1
64.7,1.9,27.5,7.1,1320.0,0
63.8,1.2,26.4,18.2,2378.0,0
48.6,5.9,22.9,22.5,1115.0,1
79.0,11.2,27.5,16.9,1196.0,1
53.1,1.2,24.7,28.7,1269.0,0
58.0,32.5,27.0,10.2,762.0,2
51.9,3.2,28.6,21.9,1220.0,1
46.9,4.5,27.5,5.0,1946.0,0
66.0,17.5,27.4,12.4,1072.0,1
32.9,0.8,29.4,11.8,375.0,2
72.2,0.4,23.3,23.8,2473.0,1
36.4,23.4,29.1,19.8,1215.0,2
48.1,9.9,26.0,28.4,1539.0,0
60.1,14.6,28.0,26.1,693.0,1
75.6,3.2,19.0,17.2,312.0,2
50.4,2.2,21.0,17.2,579.0,1
50.3,6.8,25.0,25.0,1390.0,0
76.9,7.9,25.3,13.1,1379.0,1
72.3,5.8,24.3,19.3,619.0,1
42.3,0.6,20.1,23.4,999.0,2
40.8,5.8,28.1,5.9,1762.0,1
34.3,1.8,25.2,16.6,1064.0,2
38.5,33.7,27.9,11.4,0.0,2
63.9,1.6,29.0,8.7,1593.0,1
67.5,4.0,26.7,12.0,1799.0,0
63.6,21.9,25.9,17.3,56.0,1
43.3,0.2,25.7,6.5,987.0,0
56.5,17.3,25.8,18.4,1739.0,1
44.7,22.7,25.8,7.9,841.0,2
40.9,1.9,29.0,20.3,1304.0,1
58.8,12.5,26.1,11.9,866.0,0
47.1,11.2,25.9,26.4,178.0,1
56.8,16.5,28.7,27.4,1410.0,1
56.9,5.9,29.3,21.3,1560.0,1
59.8,20.2,25.5,28.6,680.0,1
70.4,2.0,21.9,10.1,1272.0,1
51.8,6.3,28.4,13.8,950.0,1
40.1,4.4,23.5,32.2,918.0,1
67.4,0.1,29.8,22.9,1527.0,1
54.6,5.3,26.1,18.4,986.0,0
61.1,3.0,25.5,21.8,1166.0,0
62.5,0.0,26.5,28.9,1482.0,0
69.9,0.9,25.6,24.7,1783.0,1
58.1,50.0,24.9,26.8,805.0,2
57.5,10.7,27.2,5.2,2246.0,0
54.1,23.3,20.9,16.8,815.0,2
71.8,5.2,30.3,11.7,1451.0,1
51.6,1.0,24.1,8.2,1464.0,0
77.9,12.0,26.7,32.1,824.0,1
72.6,1.8,23.8,23.3,2009.0,1
52.5,3.3,23.7,15.1,1498.0,1
69.5,3.0,28.3,34.1,683.0,1
54.9,8.9,31.5,23.8,169.0,2
68.7,7.5,26.6,24.9,1395.0,1
47.7,10.1,25.4,30.5,926.0,0
34.3,7.2,29.3,24.4,1698.0,2
53.5,2.3,27.0,30.8,1065.0,0
49.8,26.7,26.2,14.7,1558.0,2
46.8,1.5,34.1,12.0,1345.0,2
63.6,30.9,28.4,28.3,1125.0,2
64.5,2.8,29.1,23.3,1247.0,1
55.3,2.8,26.5,30.5,1169.0,0
40.3,17.2,25.3,25.2,1424.0,1
54.5,20.5,18.0,32.6,1784.0,2
64.1,0.4,24.1,26.8,1129.0,0
67.5,1.1,27.3,15.5,1607.0,0
63.7,9.7,24.1,15.4,1287.0,0
79.4,6.4,32.4,30.7,989.0,2
52.9,6.2,29.0,20.0,1050.0,1
71.0,11.9,26.8,31.7,607.0,1
67.6,7.1,25.0,5.6,1023.0,0
48.7,23.1,30.1,29.9,18.0,2
49.8,49.2,25.6,15.7,504.0,2
67.5,12.1,22.9,33.6,1723.0,1
36.6,32.4,21.1,13.8,1216.0,2
77.3,0.7,22.2,20.0,1469.0,1
28.1,0.6,23.8,22.0,1330.0,2
58.2,1.4,25.6,7.2,1345.0,0
49.4,1.7,24.4,32.9,2031.0,0
60.0,12.2,24.5,10.3,417.0,1
56.5,0.5,25.4,23.1,1406.0,0
75.7,18.1,25.3,26.7,967.0,1
45.3,28.5,19.9,5.0,1161.0,2
54.6,3.7,25.2,5.3,926.0,0
68.9,9.5,26.8,5.9,1578.0,1
59.1,7.5,26.8,29.6,1094.0,0
53.6,6.4,22.0,19.3,1652.0,1
60.3,26.8,23.1,17.9,1243.0,2
44.8,3.1,28.8,6.1,1140.0,1
68.1,8.4,24.4,9.3,1080.0,1
68.0,9.1,31.6,28.5,768.0,2
64.0,0.6,22.7,13.1,1671.0,1
49.8,2.7,25.6,21.7,1613.0,0
77.3,5.6,23.0,29.3,1002.0,1
66.9,6.5,28.2,16.9,345.0,1
56.8,8.4,27.7,9.0,1902.0,0
56.2,3.6,33.8,29.9,2025.0,2
42.2,12.5,28.5,32.7,1477.0,1
87.3,2.8,23.0,10.8,944.0,1
65.9,17.2,28.4,30.2,1568.0,1
58.7,1.9,24.7,13.2,1649.0,0
57.4,9.9,27.2,29.7,1305.0,0
62.6,0.2,23.7,25.3,2000.0,1
80.3,5.8,25.1,33.8,1625.0,1
39.4,20.0,24.6,15.4,1118.0,1
57.2,0.4,23.3,14.3,1800.0,1
57.8,5.8,26.7,6.8,618.0,0
68.2,13.4,21.3,20.4,1797.0,1
48.4,3.4,22.4,7.3,585.0,1
37.1,6.5,26.9,9.1,1733.0,0
64.2,6.8,28.9,32.3,989.0,1
51.9,0.1,24.2,21.1,1797.0,0
72.4,6.9,25.3,15.5,607.0,1
60.6,0.4,34.0,23.6,704.0,2
48.8,1.0,24.1,13.9,1364.0,0
43.0,7.3,27.1,20.7,1171.0,0
46.7,50.0,18.6,16.9,615.0,2
44.2,0.1,24.2,10.7,1592.0,0
50.2,10.8,23.0,34.5,1049.0,1
62.3,15.1,23.7,30.1,1915.0,1
44.9,0.6,22.8,19.3,1632.0,1
66.8,4.4,32.1,32.5,1784.0,2
30.4,12.2,29.1,5.9,1222.0,2
56.9,5.0,19.7,29.2,1180.0,2
50.1,0.3,24.4,19.2,1606.0,0
45.1,0.9,30.0,12.1,1440.0,1
68.6,7.5,27.8,25.9,2500.0,1
37.6,20.0,27.1,15.8,1634.0,1
64.2,3.8,25.8,19.7,1523.0,0
57.9,9.2,20.4,32.1,1720.0,2
57.5,18.6,30.1,16.2,1100.0,1
59.7,11.7,24.5,23.1,1007.0,0
46.2,0.1,34.3,28.0,1533.0,2
73.2,50.0,26.4,33.1,873.0,2
37.7,11.1,31.3,8.0,779.0,2
64.6,6.8,24.1,17.6,1189.0,0
56.3,3.6,25.7,24.2,1340.0,0
53.8,2.4,29.5,9.9,1092.0,1
64.4,5.2,27.1,32.5,0.0,1
49.0,3.8,23.4,32.8,1319.0,1
42.5,5.1,25.3,18.1,1939.0,0
71.0,2.9,28.7,8.6,1268.0,1
63.3,5.2,27.1,9.7,1537.0,0
57.9,7.7,26.2,18.5,2287.0,0
61.6,3.3,21.9,32.6,1045.0,1
39.6,14.9,24.4,20.9,2500.0,1
60.0,3.7,30.8,29.5,57.0,1
59.8,8.3,27.4,25.7,1287.0,0
48.1,1.0,23.5,12.7,2253.0,1
65.8,12.2,27.4,18.5,1431.0,0
55.2,1.6,26.7,26.2,1482.0,0
33.7,8.1,23.5,28.8,842.0,2
63.1,11.4,25.1,9.5,0.0,1
50.2,7.9,23.0,14.4,338.0,1
64.1,12.6,32.7,12.5,1220.0,2
68.2,8.7,26.9,32.8,1755.0,1
61.2,12.9,26.6,15.7,1664.0,0
42.4,3.3,25.8,21.1,2481.0,0
62.6,15.1,32.5,24.7,1292.0,2
38.6,4.7,28.5,26.4,1035.0,1
81.6,5.5,30.2,10.0,2097.0,2
31.1,4.2,24.3,15.0,1539.0,2
30.7,6.5,27.2,19.6,1790.0,2
33.6,3.0,23.0,21.9,1155.0,2
49.8,1.9,24.9,22.5,1033.0,0
45.9,16.1,21.7,23.9,1180.0,1
54.3,0.6,32.5,8.7,1593.0,2
49.7,1.0,25.2,21.0,1261.0,0
55.8,0.4,27.2,28.6,1428.0,0
50.1,12.3,26.1,34.9,1713.0,0
72.5,2.0,21.4,15.2,787.0,1
74.7,17.3,25.2,7.3,900.0,1
55.8,18.6,33.9,24.5,1086.0,2
68.5,3.3,30.7,23.4,2279.0,1
46.9,14.2,23.0,17.2,1001.0,1
52.5,0.9,18.9,15.2,2126.0,2
77.6,22.0,21.2,18.6,723.0,2
61.1,0.9,22.6,13.3,908.0,1
35.5,10.1,23.6,13.4,1322.0,1
73.1,22.2,26.5,8.6,1224.0,2
55.7,2.8,26.3,13.5,1205.0,0
64.1,22.6,27.1,14.8,909.0,2
55.8,2.7,26.9,13.7,1797.0,0
56.1,3.2,27.9,23.0,0.0,1
46.5,26.5,22.9,16.7,538.0,2
55.6,2.2,30.0,6.4,1520.0,1
52.6,9.6,25.8,11.8,1368.0,0
75.0,1.5,25.4,33.4,1470.0,1
69.0,1.0,26.9,9.0,1339.0,1
64.8,7.7,25.9,17.8,999.0,0
53.5,30.2,23.0,23.4,882.0,2
66.4,27.8,28.7,14.2,789.0,2
38.6,2.6,24.6,34.8,1302.0,0
37.0,14.9,25.7,14.7,1727.0,1
46.6,29.3,21.9,27.7,220.0,2
54.6,8.8,27.8,22.4,1355.0,0
50.2,24.6,27.7,26.8,1361.0,2
50.4,10.7,19.8,20.6,1221.0,2
59.3,5.4,29.0,9.1,1303.0,1
44.9,20.8,26.6,14.5,857.0,1
59.4,0.5,25.7,22.8,838.0,0
24.7,31.8,30.0,13.0,646.0,2
50.6,5.6,24.0,26.7,1003.0,1
57.4,0.5,27.9,30.3,1560.0,0
71.0,0.8,29.6,33.5,1167.0,1
62.6,30.9,23.9,16.4,669.0,2
72.7,2.1,26.2,20.9,879.0,1
53.8,10.3,28.3,24.7,1271.0,1
32.9,1.9,26.1,9.2,1219.0,2
60.5,1.8,24.4,14.4,1855.0,0
59.0,10.3,24.1,22.8,1224.0,0
47.7,9.9,28.0,19.4,955.0,1
57.3,10.5,28.1,21.4,893.0,1
83.8,30.7,26.0,19.8,841.0,2
62.4,3.4,28.0,5.7,2391.0,0
35.7,12.0,30.3,15.8,1057.0,1
48.8,5.6,25.1,6.6,1221.0,0
46.6,3.3,26.5,12.5,1595.0,0
55.4,35.2,27.5,32.1,1025.0,2
49.4,1.8,33.8,27.4,2158.0,2
59.8,2.6,29.4,33.0,1418.0,1
69.6,3.5,25.4,24.6,1153.0,1
51.0,9.8,26.4,18.2,313.0,1
47.8,32.4,26.1,7.2,492.0,2
40.2,5.2,30.1,13.0,730.0,1
62.4,1.4,24.2,21.9,1590.0,0
59.8,3.2,23.7,26.6,770.0,1
49.3,5.9,25.1,14.2,2337.0,0
74.1,4.2,27.4,16.7,673.0,1
74.0,6.8,28.9,7.3,1625.0,1
47.7,3.2,25.8,21.3,2073.0,0
47.1,14.4,30.3,21.9,863.0,1
48.8,0.2,23.8,12.0,1487.0,1
49.2,16.5,20.1,34.6,1229.0,2
47.6,4.0,29.9,21.8,1252.0,1
56.6,15.4,23.3,26.5,1656.0,1
44.3,18.3,22.3,32.6,1197.0,1
53.8,2.0,24.2,23.6,1748.0,0
42.2,12.0,28.7,6.1,590.0,1
54.2,2.5,30.8,31.0,1757.0,1
68.9,48.1,18.4,20.7,510.0,2
62.3,5.6,22.5,9.9,832.0,1
59.8,7.2,20.8,5.4,724.0,2
36.7,11.7,23.2,19.9,782.0,1
51.1,13.6,29.5,33.8,2162.0,1
77.1,10.5,26.5,12.5,1340.0,1
40.9,9.0,28.4,15.7,1426.0,1
68.9,11.4,23.8,7.3,1497.0,1
65.6,7.0,23.1,30.9,1073.0,1
54.0,5.6,29.6,21.9,1538.0,1
27.9,50.0,22.9,15.3,258.0,2
45.2,8.2,22.4,15.6,1088.0,1
54.0,3.7,26.4,18.8,1315.0,0
40.6,7.3,30.6,17.1,1315.0,1
68.5,50.0,23.1,23.0,486.0,2
70.3,11.5,25.8,12.3,977.0,1
58.8,25.3,31.2,12.6,1112.0,2
65.7,25.2,21.7,11.5,496.0,2
72.5,17.1,30.8,15.8,1624.0,1
54.8,0.7,24.8,15.5,2052.0,0
36.5,3.3,21.2,14.3,1888.0,1
52.6,0.1,25.8,8.7,1665.0,0
39.0,13.2,28.1,6.4,1034.0,1
55.5,2.7,25.4,18.1,1256.0,0
77.2,7.4,27.6,28.9,1260.0,1
73.6,10.5,25.1,16.1,1653.0,1
81.3,1.4,27.3,10.3,2212.0,1
48.1,12.8,24.9,19.8,1402.0,0
56.5,50.0,26.6,17.6,443.0,2
61.9,14.8,27.9,5.4,1016.0,1
80.4,4.3,22.1,9.0,1432.0,1
56.7,12.7,27.2,28.3,472.0,1
64.6,1.5,25.0,33.4,1804.0,0
53.4,1.4,29.3,21.6,2032.0,1
55.3,5.5,23.7,23.1,1584.0,1
54.0,12.6,29.5,24.8,1209.0,1
46.1,18.1,32.3,16.0,1213.0,2
66.3,8.1,27.7,32.4,1552.0,0
52.3,5.4,28.4,30.6,1303.0,1
44.1,9.2,20.8,20.5,1094.0,2
45.6,0.1,28.4,30.5,1046.0,1
46.2,20.6,27.1,33.9,199.0,1
55.3,3.7,20.9,16.2,1321.0,2
64.0,3.0,22.8,21.8,1472.0,1
37.2,1.5,25.2,33.0,1446.0,0
70.1,20.9,28.3,32.6,852.0,1
63.2,21.5,29.4,5.7,734.0,1
48.0,0.5,23.8,12.0,1247.0,1
71.0,1.2,26.5,30.3,2161.0,1
47.3,8.4,32.5,34.4,1371.0,2
37.6,0.8,26.6,28.4,1707.0,0
36.1,50.0,28.6,17.6,514.0,2
76.0,1.7,27.8,18.7,1252.0,1
65.6,12.8,28.6,12.3,1402.0,1
40.4,33.3,27.8,13.0,566.0,2
57.4,1.7,25.7,32.8,1597.0,0
54.5,14.1,21.9,16.0,943.0,1
41.2,1.7,29.2,18.0,1283.0,1
78.3,11.6,21.9,18.8,780.0,1
70.5,30.5,20.9,33.0,1024.0,2
38.7,2.4,26.4,19.5,887.0,0
57.8,1.8,24.6,33.6,1231.0,0
60.4,1.3,26.7,34.1,1563.0,0
60.6,0.7,24.7,11.8,1195.0,0
72.2,23.9,22.9,15.0,1449.0,2
59.1,6.0,28.0,28.9,1125.0,0
66.0,24.1,29.7,26.9,0.0,2
36.3,2.6,27.7,9.5,332.0,1
48.1,0.9,29.0,32.4,1591.0,1
65.6,2.3,24.9,8.2,1471.0,0
53.3,18.1,22.0,23.4,1230.0,1
71.2,1.5,21.7,34.7,1431.0,1
46.0,17.3,26.3,13.2,1968.0,1
58.3,4.6,25.4,8.5,984.0,0
42.4,5.1,26.8,7.2,1762.0,0
56.6,0.3,29.6,14.7,1396.0,1
54.0,2.9,25.8,15.9,1472.0,0
84.0,4.8,28.3,24.7,1783.0,1
60.5,2.0,24.1,18.5,1033.0,0
46.9,1.9,25.9,29.7,1727.0,0
59.0,7.2,28.4,9.6,1485.0,1
42.6,0.6,25.1,22.0,813.0,0
68.7,4.2,23.4,10.6,1021.0,1
52.3,2.5,20.4,23.8,1190.0,2
57.7,3.3,30.7,22.1,1265.0,1
50.1,14.1,22.1,22.3,887.0,1
65.9,2.1,28.8,34.6,1445.0,1
50.5,0.5,24.2,19.6,2040.0,0
47.2,17.6,20.7,31.0,1184.0,2
63.6,0.5,26.7,11.1,1970.0,0
53.5,2.3,20.3,24.9,1190.0,2
55.2,0.4,20.9,33.5,1771.0,2
84.7,0.5,25.1,24.6,1522.0,1
37.7,2.7,23.7,25.5,1003.0,1
49.7,16.2,31.1,11.1,1098.0,2
34.2,6.3,23.4,28.8,1605.0,2
47.0,3.3,24.9,32.8,455.0,1
70.9,3.4,25.0,10.6,1526.0,1
61.3,35.4,24.9,8.2,1016.0,2
45.5,4.1,27.3,8.2,1063.0,0
46.4,1.5,29.8,7.0,827.0,1
64.0,12.2,29.1,22.0,1076.0,1
62.0,11.1,32.2,34.2,950.0,2
38.5,12.1,25.3,19.9,1173.0,0
46.8,0.9,32.2,24.7,1342.0,2
64.5,9.8,26.6,15.9,1578.0,0
52.0,0.6,30.5,12.8,1958.0,1
64.3,3.5,22.4,18.5,1247.0,1
48.5,18.0,29.9,9.0,1227.0,1
66.3,7.5,25.8,31.1,1464.0,0
59.4,8.1,23.0,34.6,975.0,1
64.4,4.1,29.7,11.7,1006.0,1
49.6,6.6,21.3,19.1,2104.0,1
44.5,4.9,26.1,9.3,1573.0,0
49.8,7.2,28.3,10.7,875.0,1
39.2,0.4,29.5,15.7,1709.0,1
43.9,0.0,24.4,25.4,1753.0,0
49.4,31.7,25.4,33.7,1331.0,2
34.3,10.3,22.4,32.7,1358.0,2
65.8,2.9,23.7,18.0,2319.0,1
53.0,2.9,25.2,11.1,966.0,0
35.3,3.2,25.1,20.3,1150.0,0
51.9,3.3,28.6,18.0,1307.0,1
72.3,11.1,27.3,9.6,653.0,1
50.1,22.9,23.5,18.5,810.0,2
45.4,3.1,26.5,22.3,1810.0,0
76.6,5.0,20.5,25.0,89.0,2
39.0,2.8,28.3,29.9,1258.0,1
72.1,1.5,26.8,28.7,842.0,1
48.6,30.2,20.6,14.4,54.0,2
60.3,12.3,29.4,31.4,508.0,1
62.7,18.3,26.9,30.7,1216.0,1
62.5,5.7,20.2,31.8,904.0,2
53.9,7.2,25.0,18.9,1800.0,0
63.3,11.4,20.4,6.8,1075.0,2
53.6,7.5,24.7,30.6,895.0,0
70.3,4.4,28.0,27.9,2010.0,1
46.8,20.9,22.1,32.1,1677.0,1
63.2,18.0,25.1,10.2,840.0,1
57.4,17.4,25.0,17.5,692.0,1
46.3,11.0,22.8,32.2,1210.0,1
46.0,24.1,28.1,6.5,706.0,2
54.3,11.2,26.3,31.4,1504.0,0
59.8,0.4,26.3,12.7,629.0,0
52.4,3.1,22.7,31.3,1597.0,1
31.5,16.3,26.3,18.3,1508.0,2
39.8,1.2,25.2,12.2,365.0,1
43.9,11.7,25.9,25.9,1627.0,0
44.9,7.8,22.3,14.1,1132.0,1
52.0,41.6,25.9,10.6,821.0,2
61.4,1.1,26.7,17.4,1768.0,0
64.3,15.4,28.3,34.9,987.0,1
42.3,7.2,23.4,28.6,1035.0,1
62.4,0.6,26.4,20.7,1182.0,0
54.7,7.5,25.6,29.3,1320.0,0
68.4,2.4,19.2,21.3,1313.0,2
57.2,8.7,25.9,26.2,2428.0,0
53.6,1.4,24.0,18.8,1095.0,1
46.5,31.1,26.4,5.1,1040.0,2
55.9,21.2,26.0,12.2,1143.0,1
52.9,12.1,26.2,14.8,857.0,0
64.8,1.5,27.9,23.5,1762.0,0
52.2,6.7,23.2,10.6,1698.0,1
30.6,11.1,29.5,23.4,1343.0,2
42.4,19.9,28.6,30.3,939.0,1
49.0,6.5,23.5,7.1,1307.0,1
67.0,3.4,24.2,31.3,1386.0,0
43.8,0.2,25.4,22.8,2031.0,0
56.0,50.0,27.9,22.6,357.0,2
73.3,6.0,24.9,19.3,1750.0,1
47.9,6.4,23.9,11.6,1771.0,1
66.3,21.9,30.6,14.7,1057.0,1
60.3,2.2,17.2,21.2,1665.0,2
32.8,4.4,27.8,23.2,1330.0,2
68.5,23.2,28.9,29.3,1157.0,2
29.6,23.2,29.1,8.0,1447.0,2
34.0,0.5,16.8,20.8,1135.0,2
56.6,13.2,25.9,32.8,977.0,0
54.6,4.7,23.8,25.9,770.0,1
44.7,5.3,28.2,25.4,1239.0,1
47.7,26.8,27.2,14.1,1330.0,2
56.4,0.0,30.5,21.6,1093.0,1
45.0,3.9,26.1,13.2,2500.0,0
46.3,4.7,27.4,17.7,922.0,0
66.0,15.5,30.2,16.0,1264.0,1
55.3,3.0,21.6,23.4,1103.0,1
56.7,6.5,23.4,13.1,1653.0,1
39.2,0.3,27.8,31.6,1318.0,0
47.0,2.5,29.2,23.4,1639.0,1
59.1,1.5,30.3,32.3,1860.0,1
48.0,5.4,33.9,26.3,948.0,2
59.6,5.0,32.0,8.8,1909.0,2
72.5,2.2,26.9,5.5,712.0,1
47.7,18.9,32.6,30.4,976.0,2
47.6,4.7,19.9,33.4,1199.0,2
52.1,0.3,28.3,8.5,1350.0,1
38.7,3.4,30.6,27.2,769.0,1
52.9,13.5,30.0,32.5,952.0,1
63.9,12.4,20.7,31.7,2152.0,2
58.9,11.7,24.9,27.4,1438.0,0
55.3,14.1,26.4,19.2,2329.0,1
55.2,4.4,26.0,6.7,1159.0,0
62.4,25.2,25.1,30.0,1459.0,2
73.8,4.3,24.8,33.4,1305.0,1
48.2,0.5,19.9,31.9,900.0,2
72.6,11.8,25.3,16.3,181.0,1
54.8,6.6,24.6,30.0,2000.0,0
34.0,0.1,28.7,25.0,1644.0,2
45.6,4.0,29.5,17.0,543.0,1
43.8,1.7,25.0,23.2,914.0,0
28.8,21.2,24.2,14.7,846.0,2
55.1,16.3,23.3,13.9,2219.0,1
24.4,2.1,22.2,20.9,1242.0,2
43.3,1.5,26.5,33.0,987.0,0
64.3,8.9,31.3,18.7,983.0,2
53.7,5.3,23.6,22.8,1024.0,1
60.4,4.0,23.6,10.1,1342.0,1
81.2,3.9,21.7,23.6,1323.0,1
60.6,2.7,28.4,6.5,828.0,1
35.7,0.4,28.2,29.3,1583.0,1
57.3,4.2,21.9,19.3,912.0,1
58.1,5.2,19.4,15.3,588.0,2
37.4,8.0,31.0,17.6,110.0,1
58.6,0.6,31.3,19.4,1068.0,2
63.9,30.6,25.7,7.7,970.0,2
57.8,0.8,26.7,30.9,1084.0,0
48.7,10.4,23.8,12.3,1087.0,1
46.0,11.7,25.2,13.9,1600.0,0
69.2,3.0,26.7,33.6,2350.0,1
55.2,25.8,22.9,16.7,743.0,2
40.9,4.1,31.4,11.5,824.0,2
52.5,5.6,28.2,16.0,1328.0,1
32.5,14.7,23.8,33.4,1502.0,2
57.7,8.0,27.8,21.9,2192.0,0
46.9,4.0,25.5,15.1,851.0,0
59.0,4.2,28.7,10.3,1000.0,1
56.5,24.9,20.9,33.0,1047.0,2
41.8,27.1,33.1,11.9,1723.0,2
41.5,4.8,23.9,8.1,1702.0,1
49.7,4.2,24.2,11.8,686.0,0
55.8,17.1,26.3,28.6,35.0,1
71.0,8.6,26.1,20.6,851.0,1
49.7,19.7,22.5,22.7,656.0,1
47.7,0.6,22.4,11.4,1314.0,1
55.2,3.2,21.5,17.0,1229.0,1
59.8,3.8,27.2,34.6,656.0,0
65.6,10.0,29.0,33.3,1298.0,1
28.9,13.0,25.6,23.5,1352.0,2
47.9,1.4,30.3,32.7,642.0,1
57.6,13.5,29.1,17.6,1196.0,1
70.8,0.8,23.7,22.8,2096.0,1
54.1,14.4,24.8,9.5,117.0,1
47.0,7.1,26.7,32.6,692.0,0
47.8,2.5,27.3,22.0,1921.0,0
53.2,29.9,24.8,20.1,761.0,2
67.2,11.4,25.6,10.7,1224.0,0
54.4,22.8,23.5,7.8,676.0,2
38.1,27.2,18.4,5.1,627.0,2
67.9,4.0,25.0,18.8,0.0,1
42.2,7.9,22.8,34.8,305.0,1
37.2,6.0,24.5,21.5,1521.0,0
56.1,4.3,24.6,29.6,206.0,1
60.5,12.9,24.4,27.7,823.0,0
47.5,1.8,25.1,20.2,1977.0,0
45.7,6.9,25.1,28.0,1440.0,0
46.5,15.2,23.1,12.5,1872.0,1
48.2,3.7,25.9,31.7,1852.0,0
64.5,11.5,25.5,9.7,1000.0,0
39.0,18.8,24.6,19.8,810.0,1
78.0,31.7,23.7,8.6,993.0,2
69.8,44.3,23.1,34.5,785.0,2
65.0,5.6,25.6,10.0,1581.0,0
68.0,50.0,24.3,25.2,51.0,2
50.1,10.8,20.9,8.7,1036.0,2
55.9,9.6,27.2,9.3,1069.0,0
55.2,8.7,24.6,17.0,1773.0,0
45.9,14.2,27.3,31.8,384.0,1
61.0,22.7,24.3,28.7,607.0,2
43.2,13.8,22.6,11.2,884.0,1
42.1,33.9,32.4,25.3,1645.0,2
56.3,0.6,30.6,15.8,1750.0,1
40.6,1.1,29.2,31.4,865.0,1
62.0,0.8,27.1,32.8,331.0,1
53.4,8.6,21.9,21.1,2234.0,1
47.8,16.8,28.4,5.2,1152.0,1
36.8,10.0,22.2,7.3,1676.0,1
56.0,21.3,18.3,28.0,1113.0,2
60.2,7.0,25.8,34.7,384.0,1
77.0,8.6,25.1,27.9,1352.0,1
79.8,38.4,28.0,19.4,1447.0,2
46.2,1.1,25.2,21.0,925.0,0
56.8,1.5,27.7,26.7,1589.0,0
43.2,22.6,17.4,7.3,1207.0,2
61.3,7.3,30.5,12.2,1951.0,1
60.1,5.3,29.7,30.4,1120.0,1
62.8,6.9,29.4,5.7,1282.0,1
44.3,8.9,22.7,15.5,1597.0,1
53.5,7.3,27.2,34.8,524.0,0
32.7,0.2,27.3,10.0,2500.0,2
52.6,0.4,24.8,23.7,1838.0,0
48.9,4.3,24.1,18.8,1341.0,0
58.9,4.4,31.0,13.5,1301.0,2
86.7,15.0,29.0,31.1,1222.0,1
49.1,1.5,23.3,16.4,2196.0,1
79.7,6.0,24.9,14.8,1144.0,1
38.9,31.9,27.0,17.2,592.0,2
43.3,28.4,19.7,9.7,549.0,2
41.4,12.6,28.8,7.9,1370.0,1
70.5,5.0,26.8,16.5,0.0,1
47.5,4.4,28.2,7.0,1900.0,1
66.5,22.0,23.3,23.5,705.0,2
64.8,20.7,30.8,18.0,1257.0,1
31.3,0.3,26.3,11.9,2500.0,2
67.2,18.2,23.1,16.7,1384.0,1
47.3,8.8,26.4,21.6,806.0,0
51.4,0.6,24.7,11.3,1644.0,0
78.7,1.8,25.2,9.7,1764.0,1
55.3,4.6,29.1,6.3,1541.0,1
71.3,1.5,24.1,9.2,1219.0,1
54.9,3.5,26.3,15.7,1609.0,0
46.1,7.6,25.6,26.1,851.0,0
56.7,1.7,24.3,31.7,1660.0,0
30.6,1.8,27.8,34.3,1783.0,2
51.3,2.0,23.0,5.1,1500.0,1
68.9,6.6,22.6,20.1,1595.0,1
69.4,4.4,31.1,11.9,1073.0,2
74.0,4.4,24.3,11.2,1307.0,1
40.9,12.9,27.3,30.4,1127.0,0
51.7,6.1,28.9,34.8,875.0,1
43.9,36.0,30.6,28.6,514.0,2
43.4,12.5,27.1,25.0,1445.0,0
43.3,3.8,22.0,15.3,2096.0,1
44.6,13.2,22.0,32.9,1419.0,1
68.4,27.7,26.7,31.0,544.0,2
60.6,19.8,28.0,29.9,1334.0,1
64.6,12.6,28.7,14.6,0.0,1
49.7,1.0,27.0,6.2,1371.0,0
83.8,8.8,29.2,33.3,1343.0,1
53.4,9.9,24.5,24.6,838.0,0
39.1,5.4,21.5,25.2,1839.0,1
46.1,5.8,12.6,35.0,1267.0,2
57.2,6.4,23.3,22.2,1418.0,1
49.1,7.2,25.8,33.8,1654.0,0
46.4,7.0,21.3,12.1,1629.0,1
60.7,10.3,27.2,34.4,1383.0,0
47.5,35.8,27.9,14.7,1530.0,2
63.8,50.0,23.4,8.3,516.0,2
42.4,4.3,22.9,6.4,650.0,1
67.0,6.9,22.6,18.2,327.0,1
33.0,11.2,27.5,14.1,892.0,2
48.3,25.1,24.8,19.3,1052.0,2
60.5,8.2,24.2,7.3,1218.0,0
44.6,1.5,23.7,8.1,1271.0,1
64.2,7.6,27.3,10.9,1653.0,0
66.2,1.1,25.1,7.7,1751.0,0
59.1,7.6,26.9,14.2,1187.0,0
59.3,3.6,28.0,31.8,462.0,1
38.1,8.5,27.1,20.3,862.0,0
47.6,3.8,26.2,7.7,1561.0,0
38.0,24.2,23.6,8.1,595.0,2
57.8,7.0,27.4,12.9,1518.0,0
54.4,9.4,27.4,34.0,2500.0,0
60.4,5.7,21.7,26.1,579.0,1
69.4,12.5,26.9,18.4,1599.0,1
83.7,3.0,22.6,6.2,2068.0,1
90.1,4.6,24.9,30.4,811.0,1
48.5,12.6,28.8,11.0,1132.0,1
63.2,3.3,34.3,7.5,1378.0,2
76.4,4.9,22.4,31.3,1296.0,1
41.1,1.1,23.8,30.4,1466.0,1
49.5,1.8,21.6,24.8,1515.0,1
41.3,0.3,28.9,21.1,0.0,1
56.8,1.3,30.6,20.7,1789.0,1
70.5,12.1,32.2,32.6,1120.0,2
56.8,0.7,24.9,10.3,906.0,0
66.5,8.3,29.0,10.3,1325.0,1
57.8,9.0,23.3,29.1,769.0,1
50.8,31.9,28.0,6.7,237.0,2
58.7,0.5,28.4,21.8,901.0,1
64.4,9.1,25.1,15.3,1127.0,0
57.0,30.9,30.0,23.8,637.0,2
52.2,32.9,32.6,6.6,684.0,2
71.8,9.3,21.7,32.6,1804.0,1
68.3,3.7,30.8,9.4,1722.0,1
43.9,5.3,20.7,5.5,949.0,2
33.7,8.4,23.6,32.9,1463.0,2
73.5,3.2,24.4,19.5,754.0,1
52.4,2.9,30.4,30.6,1830.0,1
51.9,24.9,28.8,5.3,1744.0,2
54.4,3.2,30.5,29.4,1581.0,1
50.5,0.6,32.3,21.3,2273.0,2
48.7,18.5,22.8,26.2,1113.0,1
42.0,5.2,30.7,15.7,345.0,1
44.5,6.4,23.3,20.2,770.0,1
60.8,1.2,32.7,19.2,1366.0,2
49.0,7.1,27.3,26.1,1002.0,0
65.5,3.1,20.3,21.7,1058.0,2
60.3,8.5,23.0,19.4,1407.0,1
36.8,6.6,22.3,31.9,1792.0,1
48.7,6.9,29.5,27.1,2259.0,1
70.7,28.4,30.5,8.9,603.0,2
38.1,12.0,30.3,20.0,608.0,1
52.6,13.4,30.2,30.2,1619.0,1
44.4,23.2,24.5,13.5,1193.0,2
61.9,5.0,24.6,31.6,995.0,0
42.4,0.8,26.7,11.3,851.0,0
66.9,2.3,27.3,10.4,1238.0,0
59.9,21.2,24.1,7.8,872.0,1
53.9,17.4,29.2,23.1,1547.0,1
39.6,10.7,26.2,9.7,547.0,0
48.8,13.5,24.7,17.2,1491.0,0
46.2,6.4,26.3,17.8,481.0,1
50.7,2.3,26.9,20.3,1064.0,0
70.8,23.6,23.6,6.2,891.0,2
52.0,3.0,27.7,13.1,1325.0,0
61.8,3.5,26.0,5.2,1351.0,0
77.1,26.3,24.5,17.1,277.0,2
66.6,19.8,24.6,18.0,1490.0,1
85.1,24.1,29.5,17.3,619.0,2
58.2,50.0,25.0,7.4,464.0,2
35.7,15.1,25.9,18.9,647.0,1
53.6,19.6,25.5,7.9,1488.0,1
66.0,4.0,27.2,19.2,1743.0,0
40.4,4.0,28.0,31.6,997.0,1
53.5,10.9,29.3,15.2,482.0,1
62.0,5.5,25.9,11.6,1977.0,0
61.2,28.0,25.1,18.2,438.0,2
69.4,45.1,20.5,30.3,1483.0,2
64.2,5.0,26.8,30.6,1348.0,0
47.1,2.2,27.7,32.6,1882.0,0
56.9,16.9,28.7,22.1,896.0,1
54.0,2.6,26.2,33.4,1441.0,0
46.8,0.4,24.2,24.9,1932.0,0
34.8,4.4,24.2,30.7,1893.0,2
56.3,4.3,21.6,19.9,1219.0,1
69.1,13.6,27.6,22.2,872.0,1
74.5,2.0,22.1,31.4,1717.0,1
72.6,2.8,27.7,7.3,1884.0,1
32.0,21.4,28.7,23.5,1005.0,2
39.3,7.0,26.1,17.7,0.0,1
65.8,2.1,24.2,30.0,1431.0,0
51.1,4.0,24.9,11.0,773.0,0
57.7,0.5,27.5,9.5,1427.0,0
74.2,5.9,25.4,23.0,942.0,1
66.4,6.6,25.5,23.2,1300.0,0
29.8,18.0,29.3,26.0,216.0,2
67.2,3.5,21.8,11.2,2021.0,1
67.6,2.9,28.5,9.6,2148.0,1
59.8,2.2,23.7,22.9,1741.0,1
52.8,13.4,25.4,10.5,2029.0,0
40.9,11.2,23.7,17.1,1507.0,1
49.2,5.0,27.7,24.7,358.0,1
58.6,7.6,25.3,25.8,1414.0,0
50.5,9.3,28.3,28.1,770.0,1
45.6,1.4,32.0,34.4,1891.0,2
59.9,5.0,26.4,6.5,815.0,0
40.4,0.4,25.7,32.6,1884.0,0
91.0,1.3,26.7,6.7,700.0,1
83.9,10.4,25.1,25.7,762.0,1
51.3,5.4,23.1,12.4,1008.0,1
44.5,11.3,24.2,21.5,2035.0,0
59.9,23.6,23.6,8.5,1028.0,2
52.2,3.8,25.9,27.7,1656.0,0
45.6,0.7,23.7,16.9,1758.0,1
56.2,2.2,22.0,17.3,1251.0,1
41.9,3.3,27.7,30.4,1533.0,0
53.0,5.4,27.3,26.9,2148.0,0
65.9,0.3,22.5,29.4,999.0,1
53.2,20.3,23.4,29.7,946.0,1
60.6,3.1,27.1,33.3,1746.0,0
65.3,20.6,28.0,26.5,920.0,1
27.7,1.0,29.5,5.3,1600.0,2
47.5,7.5,31.9,15.3,1677.0,2
57.0,3.5,24.0,27.8,883.0,1
58.4,0.3,27.1,7.6,855.0,0
48.6,5.9,29.5,6.2,2082.0,1
47.2,4.0,28.5,25.4,618.0,1
54.6,5.5,24.1,34.8,1082.0,0
46.1,19.7,25.3,7.3,1581.0,1
53.1,1.3,26.3,21.2,320.0,1
36.6,5.6,29.3,25.4,1678.0,1
71.5,0.6,23.5,34.6,1070.0,1
51.6,18.3,29.4,5.6,575.0,1
51.3,3.2,24.6,11.8,2031.0,0
66.9,4.5,27.5,23.4,369.0,1
59.9,13.1,23.0,34.7,1554.0,1
72.6,0.2,27.1,24.4,1816.0,1
50.2,1.3,22.0,10.4,1175.0,1
41.3,3.0,21.6,21.5,1384.0,1
56.9,8.1,24.9,19.3,1816.0,0
53.7,9.3,26.2,11.6,1563.0,0
55.9,6.5,22.6,13.6,1133.0,1
62.5,9.4,22.3,19.0,1245.0,1
51.6,24.2,23.4,29.7,348.0,2
40.5,10.5,21.7,26.4,1113.0,1
66.6,6.9,26.5,22.2,1393.0,0
66.6,5.9,23.6,28.1,1711.0,1
53.8,1.1,27.1,17.1,1481.0,0
57.9,18.0,26.8,19.1,1356.0,1
59.6,5.9,23.5,20.6,1730.0,1
62.1,0.2,27.6,8.8,1102.0,0
59.6,10.9,30.1,21.6,1542.0,1
66.1,4.4,29.6,21.3,2006.0,1
58.0,4.0,23.5,25.0,1645.0,1
45.9,2.6,32.1,16.2,1876.0,2
73.1,22.6,24.8,10.3,1801.0,2
69.3,13.8,25.9,20.0,754.0,1
41.9,2.9,24.7,9.9,1673.0,0
55.6,3.1,31.9,14.5,352.0,2
47.3,6.9,23.7,26.2,2500.0,1
68.3,0.3,30.0,23.2,1688.0,1
64.3,32.8,37.2,30.1,746.0,2
47.8,17.5,28.0,19.6,1303.0,1
54.1,4.1,23.7,11.0,1381.0,1
40.2,22.2,21.8,7.7,964.0,2
72.9,7.4,28.9,23.2,680.0,1
58.1,7.8,28.2,16.0,687.0,1
60.1,0.0,23.6,31.5,1568.0,1
53.8,3.1,22.9,14.1,2228.0,1
55.3,1.0,30.5,8.7,875.0,1
57.3,9.6,25.3,31.7,1709.0,0
48.6,1.4,23.6,14.0,1814.0,1
40.0,3.0,31.4,28.8,1876.0,2
54.9,3.5,26.4,13.5,1448.0,0
59.5,3.4,27.1,32.5,1630.0,0
40.9,5.1,28.9,12.4,950.0,1
51.7,4.9,28.7,23.8,1351.0,1
63.8,47.2,29.6,19.4,919.0,2
48.2,0.7,22.8,17.7,797.0,1
47.6,35.4,25.9,15.0,773.0,2
63.3,22.4,23.8,6.8,1357.0,2
52.3,5.7,30.8,33.5,983.0,1
76.3,3.5,28.8,6.1,1656.0,1
72.8,11.3,25.6,31.2,1581.0,1
52.4,21.5,23.5,34.0,557.0,1
76.7,28.7,24.8,29.3,834.0,2
35.1,8.3,27.2,25.3,1101.0,0
51.3,0.0,26.7,18.2,699.0,0
57.7,5.2,18.2,16.4,1498.0,2
54.5,1.8,24.1,14.5,727.0,0
43.8,9.9,25.9,31.0,1702.0,0
24.4,2.0,23.3,13.0,1720.0,2
56.4,14.6,23.5,25.8,943.0,1
55.7,5.4,23.3,16.9,1690.0,1
58.5,3.7,23.0,24.3,1924.0,1
35.3,18.7,25.1,13.8,1456.0,1
54.6,4.8,28.6,26.7,1527.0,1
46.8,8.9,24.9,12.8,1468.0,0
53.8,8.4,25.5,25.0,1446.0,0
46.7,24.3,27.6,26.8,2469.0,2
57.4,12.7,27.7,34.0,1381.0,0
58.3,2.3,24.8,29.9,1297.0,0
39.3,29.3,30.1,30.7,242.0,2
58.6,7.1,32.2,34.5,716.0,2
52.8,1.8,33.3,34.6,2045.0,2
53.9,6.9,25.8,17.8,1521.0,0
69.4,25.9,27.0,30.2,83.0,2
61.7,2.5,26.3,5.2,1360.0,0
56.4,28.8,20.1,24.8,1520.0,2
49.1,50.0,25.9,34.6,464.0,2
60.7,5.3,26.7,15.0,1767.0,0
70.4,5.5,23.3,15.6,1154.0,1
63.5,5.1,29.2,23.1,1976.0,1
63.3,17.3,30.6,9.1,1297.0,1
39.8,1.1,24.8,6.2,1311.0,0
50.8,0.4,27.8,30.7,1501.0,0
65.4,0.9,25.0,17.5,1557.0,0
41.1,11.5,28.5,15.1,809.0,1
23.7,5.5,21.8,10.9,1127.0,2
60.3,0.6,24.5,13.2,1433.0,0
47.9,3.4,24.3,11.9,1051.0,0
47.3,2.9,24.9,25.7,938.0,0
55.8,4.8,26.0,24.5,1866.0,0
48.7,33.7,25.5,25.1,904.0,2
66.3,7.9,27.4,19.1,1000.0,0
57.8,23.2,23.4,30.7,857.0,2
42.2,0.1,24.3,8.4,2373.0,0
63.0,4.1,25.3,7.6,1525.0,0
76.8,2.3,17.1,25.0,2424.0,2
67.1,2.9,21.9,18.2,1717.0,1
55.1,6.1,23.7,21.1,676.0,1
59.9,10.1,26.1,31.7,837.0,0
45.7,0.6,29.0,29.2,1212.0,1
71.3,13.7,30.1,10.5,891.0,1
70.3,12.6,30.0,20.7,765.0,1
51.7,6.2,22.7,34.9,1218.0,1
39.0,0.4,23.1,31.3,1875.0,1
84.1,11.3,24.5,14.5,1551.0,1
62.6,4.1,28.2,15.3,1856.0,1
13.8,4.8,30.0,12.7,1189.0,2
40.6,7.3,25.8,25.0,1000.0,0
66.5,16.9,24.9,17.3,0.0,1
45.3,9.4,22.2,32.2,1021.0,1
40.5,4.9,25.9,27.9,2101.0,0
40.2,11.2,27.5,22.6,1409.0,0
74.6,1.0,20.6,24.4,1603.0,2
33.4,4.1,29.2,28.9,1726.0,2
72.4,24.6,27.4,18.1,1309.0,2
39.4,2.4,30.6,10.9,1347.0,1
44.4,8.8,29.1,9.2,1703.0,1
56.5,11.2,27.4,14.5,72.0,1
71.7,25.0,28.2,27.4,295.0,2
54.9,11.4,27.6,26.5,991.0,0
38.1,1.5,24.8,8.8,1343.0,0
32.0,18.3,28.5,8.8,1392.0,2
70.0,4.3,23.1,7.1,915.0,1
54.8,1.3,24.2,31.6,1519.0,0
50.1,2.2,31.4,7.0,2157.0,2
84.1,2.2,29.1,16.1,287.0,1
41.4,21.5,26.3,10.2,1028.0,1
56.5,9.3,29.0,9.8,1021.0,1
58.0,0.0,24.3,14.4,1885.0,0
40.7,5.5,22.2,5.9,689.0,1
69.2,4.2,24.9,17.5,1508.0,1
55.4,2.8,30.9,5.9,1185.0,1
69.4,8.8,21.1,26.2,564.0,1
69.0,2.2,23.7,16.2,1577.0,1
68.7,7.8,28.3,14.1,788.0,1
39.5,21.2,22.8,21.9,472.0,1
46.7,1.1,22.6,28.3,1383.0,1
73.5,1.0,24.6,9.7,2036.0,1
55.7,1.9,24.9,31.1,2302.0,0
59.0,17.6,24.4,18.5,476.0,1
27.8,3.1,24.0,15.7,1685.0,2
60.6,32.1,25.3,23.3,989.0,2
34.8,7.8,22.9,26.6,1101.0,2
72.5,12.6,28.8,25.0,2500.0,1
62.3,0.1,25.7,6.1,1481.0,0
40.9,1.1,25.6,20.4,990.0,0
62.0,16.2,27.5,16.6,1487.0,1
31.3,1.3,24.5,7.5,1493.0,2
67.2,4.5,26.9,12.1,1515.0,0
60.7,3.4,28.7,17.0,1204.0,1
35.0,0.1,27.4,21.8,1177.0,0
66.6,1.2,27.8,13.3,1825.0,0
62.1,0.7,23.2,7.7,1401.0,1
55.3,15.4,24.8,11.2,903.0,1
74.8,4.3,26.5,13.3,2071.0,1
72.3,3.1,23.0,11.2,792.0,1
55.9,9.4,26.1,33.0,1878.0,0
37.6,7.2,25.3,17.8,769.0,0
40.2,13.3,27.3,31.5,1886.0,0
63.1,13.0,26.2,20.0,1000.0,0
58.3,16.5,29.6,34.7,1139.0,1
55.5,6.2,29.2,33.6,2316.0,1
51.7,2.0,25.2,15.6,1564.0,0
47.1,2.4,22.4,34.3,2280.0,1
60.3,9.0,24.6,25.4,1203.0,0
41.2,1.4,27.8,19.6,1116.0,0
36.8,6.7,23.4,13.3,889.0,1
66.8,2.0,24.3,25.2,1914.0,0
77.6,1.9,26.3,10.7,1004.0,1
56.8,3.2,29.0,10.4,1752.0,1
51.7,6.0,23.0,19.0,2500.0,1
68.0,5.7,27.3,31.2,2033.0,1
48.3,0.8,24.3,31.4,1444.0,0
36.5,13.9,31.8,33.4,1425.0,2
67.4,50.0,25.2,8.2,235.0,2
55.9,17.8,22.5,14.1,1276.0,1
60.1,21.8,25.8,7.1,384.0,1
33.7,2.3,28.4,14.3,1767.0,2
50.0,4.6,27.6,7.0,1135.0,0
81.0,14.8,28.0,31.5,1435.0,1
49.0,12.5,21.7,12.7,1160.0,1
48.6,50.0,23.7,34.1,509.0,2
54.1,27.2,26.7,14.0,709.0,2
41.4,1.6,24.5,33.0,1529.0,0
76.5,8.7,21.1,7.5,978.0,1
72.2,10.0,18.6,33.8,1061.0,2
40.7,1.6,22.2,19.3,1918.0,1
59.2,3.1,24.9,22.5,1781.0,0
61.2,0.2,29.5,27.1,1739.0,1
58.5,1.2,28.9,29.6,1712.0,1
22.7,6.4,30.0,30.7,1964.0,2
45.5,12.3,26.8,8.1,396.0,1
50.0,0.9,29.3,30.1,1448.0,1
44.0,0.4,29.9,27.2,1385.0,1
51.7,8.3,24.5,20.9,1254.0,0
60.2,5.9,27.6,18.7,1407.0,0
62.4,27.5,31.2,7.5,337.0,2
55.2,0.2,27.8,21.0,2500.0,0
63.2,3.8,23.2,28.8,982.0,1
62.0,0.3,25.8,9.8,1741.0,0
75.8,2.7,21.6,32.3,1565.0,1
47.1,4.8,18.5,33.3,1612.0,2
69.8,0.3,26.3,28.2,1670.0,1
43.2,1.1,30.3,27.2,1307.0,1
52.2,9.1,25.2,5.2,1186.0,0
54.9,5.1,24.6,20.1,898.0,0
52.7,0.6,17.7,29.7,239.0,2
46.9,9.0,27.6,13.8,1061.0,0
73.3,0.3,25.1,19.0,2035.0,1
68.5,3.2,24.4,20.5,1952.0,1
61.1,4.3,27.3,14.1,795.0,0
53.6,7.1,26.7,23.2,1825.0,0
38.2,8.8,24.6,10.6,1360.0,0
65.5,8.1,29.9,23.8,659.0,1
51.4,0.3,29.1,22.1,1443.0,1
50.4,13.0,32.6,17.5,1011.0,2
63.1,9.0,28.4,8.2,716.0,1
54.7,8.6,22.5,17.1,1226.0,1
48.7,4.9,25.2,11.9,1636.0,0
37.7,17.0,20.9,21.5,786.0,2
71.2,16.7,26.2,30.6,920.0,1
39.3,2.2,24.1,31.1,1013.0,0
50.6,1.6,25.9,24.7,949.0,0
32.0,16.3,27.1,27.6,1001.0,2
66.0,1.3,25.4,19.3,1418.0,0
30.8,13.5,29.1,5.9,1153.0,2
25.8,21.3,31.2,12.7,721.0,2
58.5,1.0,30.2,11.9,1377.0,1
49.7,5.3,28.4,28.6,1967.0,1
50.9,0.2,21.3,24.6,1684.0,1
48.7,4.2,26.9,9.7,1391.0,0
56.4,18.0,21.4,7.4,1011.0,1
76.4,1.8,23.3,31.0,1153.0,1
58.9,0.2,24.8,24.6,931.0,0
64.7,4.6,26.0,11.6,1084.0,0
66.2,10.4,30.3,11.3,487.0,1
53.9,2.9,25.2,15.0,1578.0,0
40.5,5.8,28.0,31.0,385.0,1
52.2,15.0,27.0,10.4,1405.0,1
49.9,2.5,28.9,21.7,942.0,1
49.3,0.0,24.2,27.9,1207.0,0
30.9,7.4,25.6,5.9,830.0,2
60.2,2.9,21.4,28.0,1591.0,1
56.6,11.6,30.6,10.6,1493.0,1
45.0,6.2,26.6,19.8,1789.0,0
42.0,3.2,27.2,14.0,1263.0,0
39.6,7.6,25.5,18.8,1911.0,0
61.6,50.0,26.6,7.7,0.0,2
53.8,0.1,21.9,15.6,1039.0,1
42.2,18.4,23.1,25.3,1009.0,1
62.4,0.1,20.8,8.6,1328.0,2
43.6,10.3,30.2,11.2,1636.0,1
54.7,13.2,27.7,35.0,1222.0,0
70.0,20.7,23.7,33.8,827.0,1
59.1,9.0,22.5,10.2,752.0,1
47.3,4.7,23.5,8.6,990.0,1
65.7,5.4,32.1,11.7,2500.0,2
56.8,3.7,28.4,27.1,1846.0,1
50.5,2.1,26.7,11.6,392.0,1
72.3,39.3,25.9,12.7,850.0,2
70.3,8.4,23.7,27.5,1915.0,1
50.1,0.2,23.2,7.4,1466.0,1
42.5,6.3,22.4,8.3,1666.0,1
57.9,0.5,23.7,13.8,1662.0,1
54.8,3.1,24.0,35.0,1414.0,1
64.0,50.0,25.3,29.9,769.0,2
61.2,8.7,24.5,21.4,682.0,0
29.7,1.9,21.4,25.7,1773.0,2
56.5,4.3,27.2,26.9,1265.0,0
69.4,10.5,27.8,18.0,1627.0,1
53.1,5.9,27.0,22.2,741.0,0
49.6,0.3,23.1,15.9,338.0,1
57.9,2.6,22.7,11.3,273.0,1
51.1,7.5,26.1,10.0,792.0,0
50.3,50.0,28.7,28.8,430.0,2
53.4,1.9,28.9,21.7,2500.0,1
56.1,27.4,23.5,28.5,1540.0,2
52.8,0.0,24.1,18.9,886.0,0
83.0,9.9,21.1,32.5,1288.0,1
56.8,7.6,23.4,22.8,1080.0,1
33.8,1.0,30.4,28.1,1395.0,2
29.3,40.3,25.9,12.5,1050.0,2
36.1,0.7,20.4,18.9,1707.0,2
68.8,18.7,22.8,10.8,439.0,1
53.4,0.6,25.8,19.2,1194.0,0
50.2,1.9,27.3,6.2,304.0,1
60.2,4.6,28.6,9.7,1121.0,1
62.6,6.5,22.0,27.0,1914.0,1
60.4,23.9,20.3,31.4,451.0,2
52.4,1.2,23.1,23.0,1433.0,1
43.1,2.1,29.5,15.9,2082.0,1
53.4,12.6,22.2,8.5,1447.0,1
45.7,14.2,25.8,12.8,1936.0,1
59.8,8.4,30.9,9.4,1476.0,1
53.5,0.7,32.9,6.4,2267.0,2
46.2,0.8,33.0,23.9,723.0,2
23.2,19.9,28.8,14.2,864.0,2
57.6,6.1,31.1,32.9,1044.0,2
25.3,16.2,30.9,7.0,1474.0,2
61.0,3.4,30.6,22.4,1792.0,1
73.2,8.3,23.3,25.0,911.0,1
55.0,0.3,21.2,26.6,1091.0,1
62.6,28.2,34.0,27.8,507.0,2
56.3,3.0,25.6,15.0,903.0,0
46.9,2.9,24.9,18.8,2222.0,0
54.9,1.0,29.3,17.7,337.0,1
73.6,13.1,30.8,22.5,1668.0,1
53.0,7.1,27.1,14.6,1509.0,0
51.7,2.4,30.5,16.5,1048.0,1
47.9,15.5,24.3,5.5,813.0,1
54.2,25.3,25.1,16.1,933.0,2
61.5,2.4,26.0,11.1,1413.0,0
70.3,3.6,26.6,7.6,1273.0,1
47.0,1.5,24.3,30.1,1122.0,0
44.5,8.5,22.8,13.9,528.0,1
38.9,4.3,25.4,11.5,772.0,0
47.3,4.2,27.1,28.8,1181.0,0
50.8,0.5,30.7,21.7,790.0,1
64.6,1.6,29.8,30.8,682.0,1
32.4,13.8,29.8,30.3,1282.0,2
42.8,0.2,21.2,27.2,1375.0,1
78.0,2.7,29.3,24.4,1167.0,1
68.3,7.2,33.8,21.6,918.0,2
78.2,1.7,23.6,29.1,1593.0,1
55.4,8.8,25.9,31.0,815.0,0
51.5,13.0,26.9,17.8,88.0,1
70.5,27.1,23.6,17.2,874.0,2
70.7,5.4,28.5,13.4,544.0,1
40.5,4.6,31.0,13.8,1767.0,1
54.6,0.5,27.8,8.0,1100.0,0
45.2,8.8,22.3,30.3,1512.0,1
35.1,7.1,28.8,22.5,1360.0,1
53.1,17.9,27.9,24.2,1017.0,1
44.6,10.3,29.0,22.9,491.0,1
41.7,0.7,25.2,14.3,1630.0,0
55.8,0.1,30.0,27.6,1247.0,1
88.1,16.2,22.3,31.8,165.0,1
49.2,0.6,23.0,31.5,1096.0,1
78.0,14.8,24.6,8.1,1314.0,1
64.7,7.9,22.8,6.3,942.0,1
69.6,11.1,20.3,14.7,1716.0,2
74.5,2.1,25.3,10.9,1280.0,1
55.7,3.9,26.9,34.2,731.0,0
72.8,5.3,23.4,20.8,1350.0,1
59.1,6.6,23.4,25.3,1023.0,1
57.7,23.9,26.7,21.6,1110.0,2
57.6,0.8,27.4,14.5,1200.0,0
69.9,1.3,27.7,32.4,1528.0,1
56.6,2.6,24.4,9.2,2180.0,0
42.1,2.0,28.3,6.1,1532.0,1
36.9,6.3,24.6,9.2,1063.0,0
59.7,9.3,26.8,16.7,1329.0,0
62.9,4.2,23.7,30.8,1471.0,1
53.9,24.0,31.8,17.0,1531.0,2
63.0,7.9,27.6,10.4,509.0,0
56.0,7.0,18.9,15.7,1177.0,2
73.9,11.5,26.0,28.7,1046.0,1
57.0,1.0,21.0,18.7,1420.0,1
51.0,3.7,17.3,28.4,1454.0,2
54.0,8.5,25.2,15.4,948.0,0
54.9,7.7,29.4,18.7,955.0,1
61.1,50.0,25.1,13.3,32.0,2
66.8,0.5,27.8,26.6,973.0,0
56.1,4.1,26.3,8.5,1583.0,0
61.2,0.7,23.6,27.7,943.0,1
60.4,1.0,23.8,11.6,1019.0,1
66.6,5.7,27.2,9.7,1440.0,0
42.4,12.2,24.8,29.5,1139.0,0
56.9,4.5,23.0,34.6,1499.0,1
53.4,0.8,26.0,17.6,1315.0,0
45.3,1.4,29.2,27.9,1803.0,1
49.1,7.3,28.0,25.1,538.0,0
63.7,3.7,22.3,23.9,1455.0,1
45.2,8.3,31.9,15.2,1214.0,2
60.9,1.9,23.9,24.9,1029.0,1
66.6,1.2,21.5,33.7,1335.0,1
56.5,7.4,28.3,10.3,619.0,1
69.5,9.7,23.4,21.3,1415.0,1
51.4,9.5,24.8,33.2,1872.0,0
60.2,35.9,26.7,27.0,1065.0,2
38.2,3.0,26.1,27.6,1866.0,0
50.3,0.5,28.2,11.0,472.0,1
73.7,26.0,27.2,11.3,808.0,2
39.0,11.4,25.7,16.3,602.0,0
40.1,3.9,30.2,33.1,1095.0,1
24.9,11.6,23.6,29.4,1904.0,2
59.3,3.9,22.3,19.0,1789.0,1
24.0,46.7,24.6,11.3,443.0,2
60.4,8.0,26.9,17.0,581.0,0
43.4,14.2,30.6,23.5,1631.0,1
47.3,8.4,25.3,20.3,1379.0,0
45.3,1.3,27.0,9.7,1444.0,0
44.0,1.7,27.0,23.8,1275.0,0
31.9,13.9,25.0,29.9,984.0,2
36.8,6.2,27.2,7.4,1732.0,0
74.9,39.9,27.5,19.3,769.0,2
44.1,2.4,25.4,31.5,1997.0,0
31.1,3.8,23.6,23.8,2162.0,2
70.4,2.9,29.9,12.6,985.0,1
66.0,36.6,24.0,11.5,588.0,2
53.6,3.8,22.8,11.4,2062.0,1
65.3,6.5,24.7,8.1,1711.0,0
62.7,4.9,25.0,9.1,1245.0,0
71.5,4.5,27.2,6.2,1306.0,1
48.7,5.8,25.3,29.6,1826.0,0
48.9,2.6,24.8,17.8,1870.0,0
59.6,21.1,25.9,30.8,1040.0,1
49.1,2.3,23.7,31.2,1496.0,1
41.2,5.1,22.1,11.0,1115.0,1
52.1,3.9,21.5,5.9,300.0,1
74.1,7.6,28.0,33.6,1565.0,1
80.0,8.2,25.4,10.0,1125.0,1
62.9,11.3,27.2,24.9,1381.0,0
54.1,9.9,25.5,24.9,1187.0,0
79.4,4.2,28.3,19.6,1304.0,1
43.8,12.0,24.0,34.9,1244.0,1
65.7,29.2,25.1,12.2,391.0,2
36.8,33.5,30.1,20.5,1360.0,2
37.0,2.1,28.6,25.8,1171.0,1
60.4,4.5,28.4,29.8,399.0,1
50.0,4.5,22.5,7.8,1621.0,1
58.2,1.2,22.6,32.1,1359.0,1
54.7,12.7,22.2,31.3,2121.0,1
63.4,42.5,23.5,25.5,441.0,2
42.6,22.0,25.8,25.3,1035.0,1
21.8,10.0,23.1,9.4,486.0,2
71.7,26.8,23.5,14.3,567.0,2
62.4,8.7,29.6,25.5,1647.0,1
52.7,3.1,22.4,29.0,1399.0,1
67.3,10.2,23.7,18.5,960.0,1
68.5,3.1,24.4,24.6,1380.0,1
32.9,8.7,27.8,23.0,646.0,2
45.1,12.0,22.8,10.5,1273.0,1
45.5,14.0,23.9,10.0,1600.0,1
59.8,14.0,22.3,26.1,1236.0,1
49.5,8.9,20.2,17.0,1572.0,2
43.0,5.4,19.1,16.0,1136.0,2
60.4,8.6,21.3,18.5,1734.0,1
61.3,3.0,24.6,25.3,704.0,0
53.9,3.0,24.2,32.6,1009.0,0
68.1,12.0,19.1,15.1,705.0,2
64.2,10.9,28.5,23.1,245.0,1
57.9,5.0,23.7,27.7,1562.0,1
54.1,10.4,27.2,6.7,1313.0,0
55.4,43.3,19.0,34.1,652.0,2
56.8,6.4,27.1,26.1,544.0,0
40.8,8.4,27.4,19.5,1312.0,0
36.9,25.1,23.7,25.5,583.0,2
70.0,1.6,27.7,32.3,1930.0,1
60.4,0.8,25.5,23.5,844.0,0
49.6,28.4,25.8,10.7,0.0,2
67.5,0.8,29.6,31.0,639.0,1
65.2,8.1,25.8,33.9,950.0,0
61.2,24.0,25.0,17.3,1488.0,2
40.0,49.5,24.9,24.2,768.0,2
35.3,1.2,21.2,29.5,830.0,1
77.2,6.0,26.9,12.3,1123.0,1
46.8,8.4,29.8,32.9,1147.0,1
33.0,13.1,31.6,18.7,1809.0,2
75.3,34.9,25.7,28.0,775.0,2
45.8,12.0,20.0,19.7,1917.0,2
46.1,1.4,21.3,6.0,1241.0,1
39.9,4.6,21.0,13.4,571.0,1
44.1,2.2,29.1,29.1,829.0,1
44.2,0.8,27.4,32.4,1963.0,0
59.5,0.7,24.5,22.0,1086.0,0
77.2,43.3,27.0,22.2,1186.0,2
34.3,7.5,23.2,25.8,1464.0,2
63.0,4.1,20.4,20.9,1094.0,2
67.0,2.4,20.8,33.6,1450.0,2
41.5,0.0,30.4,23.0,2122.0,1
55.4,1.5,23.5,13.5,699.0,1
49.1,2.1,24.4,12.1,1267.0,0
31.5,50.0,25.3,29.4,250.0,2
53.6,0.7,24.3,12.2,1625.0,0
35.5,0.7,21.9,28.0,1882.0,1
41.7,8.7,28.1,10.9,1310.0,1
56.6,1.1,22.3,33.9,1287.0,1
38.7,15.5,22.7,13.6,1240.0,1
70.6,8.8,24.4,21.0,1756.0,1
43.0,18.5,27.2,28.2,776.0,1
41.6,15.4,19.6,10.3,1088.0,2
48.2,22.6,24.7,20.3,693.0,2
54.6,6.8,24.1,10.0,1349.0,0
46.2,11.1,28.2,24.3,762.0,1
64.0,7.4,29.9,33.7,1251.0,1
57.1,50.0,27.8,20.5,534.0,2
52.2,1.9,22.3,10.1,1317.0,1
42.4,31.7,24.0,9.0,524.0,2
51.4,1.1,21.8,9.2,1040.0,1
59.5,1.9,29.5,32.0,1823.0,1
46.1,28.9,25.1,19.4,916.0,2
60.0,12.1,31.2,9.7,1704.0,2
39.9,18.6,26.7,9.6,1428.0,1
54.4,18.4,25.8,10.8,803.0,1
56.5,15.7,26.3,7.1,1285.0,1
27.9,0.3,21.8,8.8,1258.0,2
40.9,26.9,24.4,9.1,779.0,2
63.7,8.8,29.3,30.1,1222.0,1
62.4,7.7,24.6,25.9,788.0,0
76.2,3.7,26.3,18.1,1013.0,1
30.3,6.4,26.3,20.3,1454.0,2
47.3,42.5,27.8,19.3,1135.0,2
59.9,3.0,29.3,17.5,1809.0,1
65.5,9.9,26.2,15.6,1285.0,0
45.2,50.0,28.8,7.1,495.0,2
48.9,25.8,24.5,24.4,461.0,2
56.5,18.9,30.2,18.2,881.0,1
50.1,12.9,27.7,21.2,1780.0,0
61.6,4.0,30.6,18.3,1730.0,1
66.2,12.4,23.9,13.7,1203.0,1
63.3,11.6,25.4,11.9,1332.0,0
71.8,1.2,25.8,16.7,2354.0,1
62.3,0.4,29.9,31.5,1605.0,1
60.0,2.9,27.6,34.7,947.0,0
55.6,6.5,25.7,20.2,1425.0,0
52.4,13.2,27.6,13.1,796.0,0
79.6,1.7,25.9,28.5,377.0,1
61.2,0.8,23.6,27.2,1854.0,1
36.2,15.6,28.8,9.5,1502.0,1
42.6,50.0,25.8,12.1,617.0,2
44.0,1.4,26.8,13.8,695.0,0
36.9,8.8,26.9,27.6,2379.0,0
60.1,7.9,26.8,19.1,1075.0,0
56.2,2.2,22.1,21.4,1968.0,1
51.4,20.5,27.1,25.5,1307.0,1
57.1,8.9,22.0,20.8,1378.0,1
46.1,3.2,30.7,29.4,1319.0,1
50.1,3.0,28.4,31.2,1695.0,1
62.4,14.3,24.7,14.7,322.0,1
63.2,4.0,23.4,12.6,1096.0,1
41.9,0.8,27.5,18.4,1781.0,0
45.3,13.8,26.5,33.7,1319.0,0
58.2,2.8,28.7,23.8,1621.0,1
43.8,6.0,25.7,32.7,1457.0,0
64.1,8.3,22.7,9.8,1506.0,1
57.2,1.1,29.1,5.7,1220.0,1
38.2,4.5,21.4,22.7,1844.0,1
55.6,7.9,23.3,32.8,1130.0,1
55.8,12.5,22.7,15.2,1692.0,1
59.0,10.5,22.4,29.3,246.0,1
65.3,6.6,32.7,24.5,804.0,2
52.5,8.1,22.4,23.3,1894.0,1
59.1,0.4,29.4,14.7,630.0,1
60.2,1.5,21.4,30.2,1042.0,1
60.8,12.3,24.7,28.7,457.0,1
57.8,4.9,28.4,5.6,2188.0,1
62.4,0.9,23.1,16.2,744.0,1
65.8,17.2,25.5,32.5,987.0,1
60.3,7.1,28.4,17.5,997.0,1
60.6,3.3,23.3,8.2,413.0,1
41.6,2.1,20.7,23.5,1245.0,2
57.0,23.6,24.3,33.8,0.0,2
65.9,6.1,25.4,14.5,1762.0,0
46.5,1.2,22.8,7.4,11.0,1
47.1,5.7,23.3,32.2,1792.0,1
83.8,27.5,31.1,26.4,769.0,2
57.6,20.2,31.7,8.8,641.0,2
61.9,13.4,19.0,23.4,1105.0,2
57.1,0.3,26.0,25.8,1246.0,0
60.7,6.4,30.7,33.3,1321.0,1
45.9,1.7,28.8,27.5,1580.0,1
39.7,8.6,28.2,28.7,1010.0,1
63.8,6.8,26.9,29.9,1132.0,0
65.0,12.4,24.2,6.6,590.0,0
44.3,14.6,24.4,8.4,1202.0,1
53.0,1.2,26.2,29.4,1123.0,0
52.0,1.0,22.6,30.1,1516.0,1
56.8,1.2,27.7,6.7,263.0,1
46.9,3.0,26.2,8.0,1524.0,0
49.1,50.0,25.6,21.7,692.0,2
52.8,5.0,27.3,23.1,1474.0,0
55.5,1.4,23.0,19.8,1191.0,1
56.9,1.5,25.6,30.5,913.0,0
72.1,24.2,20.6,18.1,1005.0,2
59.3,15.0,26.3,27.3,803.0,1
51.3,8.0,20.8,13.6,1635.0,2
69.3,0.6,31.4,27.5,1860.0,2
45.6,0.4,22.0,21.1,1581.0,1
65.5,10.2,26.8,6.5,1054.0,0
63.2,17.6,26.6,26.4,895.0,1
42.0,6.0,21.7,10.8,1457.0,1
58.2,5.6,27.0,17.9,838.0,0
44.8,3.3,28.1,21.0,1772.0,1
77.6,2.5,26.1,8.3,733.0,1
65.7,30.3,26.8,20.1,1154.0,2
42.4,0.1,26.1,21.9,2069.0,0
67.8,7.5,24.7,24.3,1941.0,0
66.7,9.8,27.8,27.5,1209.0,0
60.6,3.3,30.9,14.4,2316.0,1
42.3,15.7,28.5,34.3,1029.0,1
37.6,2.9,31.9,15.4,1811.0,2
62.6,20.9,25.7,22.6,1225.0,1
37.1,7.0,26.4,26.4,418.0,1
58.9,2.7,27.6,15.1,537.0,0
81.4,45.8,30.1,17.2,565.0,2
44.9,1.0,21.1,31.6,1528.0,1
47.6,5.9,24.8,23.6,1017.0,0
65.6,2.5,21.9,32.2,1274.0,1
41.4,21.9,26.5,7.1,1504.0,1
56.3,3.9,26.5,26.0,1084.0,0
43.9,20.3,25.2,14.3,3.0,1
57.4,0.3,33.1,10.6,1341.0,2
54.4,16.7,21.7,28.2,1441.0,1
38.5,2.3,25.8,24.3,1736.0,0
45.1,2.7,29.1,5.3,1691.0,1
40.3,13.6,29.7,15.4,1171.0,1
41.6,10.1,25.9,33.8,822.0,0
62.3,18.3,29.6,22.0,302.0,1
69.8,3.7,27.4,14.2,1619.0,1
46.1,15.8,28.0,19.8,143.0,1
49.1,4.6,24.8,17.4,1303.0,0
49.9,15.1,27.6,17.8,627.0,1
70.3,2.7,30.7,29.4,1988.0,1
58.2,4.8,23.6,7.7,1367.0,1
43.8,3.7,28.2,18.6,1389.0,1
59.3,16.4,24.6,21.2,1480.0,1
59.9,18.0,25.5,33.0,1533.0,1
50.7,5.8,24.5,25.7,1426.0,0
41.5,16.0,22.6,26.6,1853.0,1
70.5,7.3,29.7,5.2,982.0,1
61.6,2.2,29.2,33.9,1508.0,1
41.7,20.0,24.2,6.9,1034.0,1
63.8,7.4,27.9,16.3,1347.0,0
60.3,3.4,27.2,7.4,1826.0,0
28.7,3.3,24.2,26.2,1972.0,2
51.3,0.1,27.5,8.4,1260.0,0
81.6,2.0,25.4,18.5,1152.0,1
41.7,2.3,25.9,22.0,1588.0,0
55.1,6.6,29.7,21.1,848.0,1
49.6,5.0,26.9,25.7,1013.0,0
61.8,6.6,24.9,7.6,718.0,0
65.9,5.2,25.7,14.7,1975.0,0
65.6,3.7,21.7,25.8,1307.0,1
57.7,0.0,27.0,19.3,1461.0,0
69.7,0.5,23.8,16.7,1059.0,1
68.6,5.1,30.3,29.4,1004.0,1
49.3,8.3,23.5,20.8,1304.0,1
53.5,1.1,24.3,12.6,1937.0,0
56.4,0.4,25.8,33.4,892.0,0
64.1,0.9,25.3,11.4,1176.0,0
49.1,1.1,30.6,25.4,1162.0,1
68.0,3.1,27.6,10.0,1548.0,1
80.0,3.5,28.9,24.6,858.0,1
50.8,7.7,23.2,32.7,1667.0,1
67.7,8.1,24.2,15.3,1283.0,0
40.3,1.8,26.6,13.8,986.0,0
65.5,4.0,29.9,29.8,2010.0,1
55.2,9.9,28.1,23.5,1267.0,1
48.4,8.6,24.6,30.5,1371.0,0
31.6,0.1,21.7,10.9,1082.0,2
69.4,1.2,24.8,8.4,774.0,1
60.0,0.7,26.8,6.6,1110.0,0
47.0,16.1,30.4,34.0,738.0,1
50.9,0.8,25.6,21.9,2030.0,0
58.2,11.8,27.2,23.5,2377.0,0
60.9,3.6,25.8,19.6,917.0,0
46.3,2.4,26.1,33.1,651.0,0
68.4,50.0,22.0,14.5,922.0,2
73.4,13.3,24.1,34.5,911.0,1
71.6,6.0,19.9,22.9,1534.0,2
54.4,2.4,22.7,12.8,1584.0,1
57.0,2.7,24.1,5.4,526.0,0
51.5,10.1,24.5,19.1,1028.0,0
44.9,0.3,27.0,5.1,2000.0,0
46.5,3.8,24.6,18.2,1634.0,0
50.6,2.9,28.2,22.0,2251.0,1
46.5,2.1,25.8,18.1,1615.0,0
57.6,3.6,25.9,7.0,1473.0,0
51.7,10.5,21.0,15.4,1710.0,1
59.0,3.4,27.3,19.8,991.0,0
46.2,20.4,27.1,5.6,379.0,1
45.8,13.2,25.5,8.3,1843.0,0
65.7,2.9,23.4,11.0,1850.0,1
61.0,0.7,29.7,23.8,1484.0,1
57.9,0.6,26.3,34.9,1753.0,0
53.6,20.4,30.6,9.2,1766.0,1
46.7,9.7,22.1,22.3,581.0,1
48.7,23.0,27.6,6.9,783.0,2
68.9,36.8,20.6,28.9,1234.0,2
32.9,50.0,27.5,19.0,275.0,2
35.4,17.9,29.7,27.7,1043.0,1
60.9,5.0,26.2,25.1,1176.0,0
57.3,34.7,29.5,26.8,445.0,2
51.6,17.9,23.6,33.0,1559.0,1
58.9,2.2,25.1,5.2,524.0,0
33.9,1.7,27.2,10.5,1554.0,2
55.0,6.3,23.5,13.4,595.0,1
59.0,9.4,24.2,19.3,1957.0,0
57.3,32.4,22.3,33.6,527.0,2
40.8,4.6,31.4,8.7,1748.0,2
51.0,11.5,23.1,19.4,801.0,1
47.1,12.6,29.0,20.6,809.0,1
66.7,2.9,24.2,9.8,1668.0,0
51.1,15.9,25.3,16.8,1417.0,1
70.5,18.7,27.9,22.5,289.0,1
41.6,50.0,24.1,32.9,417.0,2
47.0,3.9,21.9,28.8,1776.0,1
67.2,0.6,27.1,23.9,592.0,0
46.0,3.8,25.7,8.3,637.0,0
76.2,7.5,32.3,23.2,1170.0,2
53.5,2.8,25.9,8.9,1960.0,0
36.2,5.9,26.9,8.5,1368.0,0
50.8,1.7,26.6,23.6,1209.0,0
61.7,14.9,24.3,5.2,430.0,1
59.8,5.9,24.0,19.1,1424.0,1
51.2,2.8,24.9,23.9,1040.0,0
63.3,5.5,18.9,33.2,1036.0,2
50.5,8.0,24.9,19.3,932.0,0
76.5,20.4,22.7,7.5,607.0,1
54.8,8.9,27.8,29.6,928.0,0
58.7,19.5,23.8,23.6,1470.0,1
63.7,8.6,21.9,24.1,2459.0,1
65.3,9.9,34.5,6.7,1307.0,2
53.4,3.2,27.9,34.1,1870.0,0
56.0,6.0,26.7,15.2,994.0,0
59.8,8.9,25.1,13.8,1734.0,0
64.0,1.0,29.4,26.8,1521.0,1
55.2,7.3,30.9,10.7,855.0,1
55.3,4.5,23.9,9.2,1068.0,1
44.7,2.0,28.8,26.0,494.0,1
66.2,7.1,33.1,16.4,1023.0,2
61.1,4.6,29.7,33.7,1259.0,1
59.6,15.0,24.8,13.2,1594.0,1
71.6,6.3,26.9,12.4,1774.0,1
69.0,3.5,27.4,11.2,1543.0,1
69.5,22.4,23.9,13.3,1266.0,2
46.2,1.7,29.3,21.9,1898.0,1
68.8,12.4,27.0,12.3,1850.0,1
56.0,3.8,34.1,18.3,1167.0,2
35.6,16.2,27.6,8.8,1549.0,1
42.6,9.5,23.8,21.7,1525.0,1
64.3,22.9,23.3,14.9,886.0,2
65.2,3.0,29.0,15.8,1730.0,1
50.6,0.2,24.0,17.6,913.0,0
54.4,0.6,25.0,10.1,2116.0,0
39.2,50.0,32.7,29.6,341.0,2
58.0,30.6,28.1,18.5,897.0,2
68.9,9.7,29.1,5.4,2072.0,1
52.3,12.0,28.9,6.5,920.0,1
66.8,3.3,24.7,16.4,1198.0,0
66.9,1.3,25.8,20.5,1587.0,0
57.8,2.0,27.6,5.6,1429.0,0
48.3,19.4,25.2,33.2,1016.0,1
59.7,1.5,21.6,5.6,587.0,1
47.9,7.8,27.7,24.7,814.0,0
62.8,12.9,25.7,11.0,593.0,0
39.3,2.5,25.3,32.4,1974.0,0
86.4,2.2,24.0,26.0,994.0,1
59.4,28.6,25.6,22.3,263.0,2
60.1,6.6,25.0,28.4,690.0,0
62.3,8.9,27.1,19.4,1758.0,0
64.0,23.8,29.1,13.6,511.0,2
36.8,2.4,32.7,5.3,790.0,2
55.5,3.6,26.1,29.5,701.0,0
51.8,3.4,25.9,13.4,1701.0,0
64.2,5.4,26.9,15.9,1239.0,0
37.7,0.3,28.7,19.4,964.0,1
41.4,8.0,23.9,23.8,1598.0,1
61.0,3.0,28.7,27.5,1572.0,1
59.6,3.2,29.9,10.2,1722.0,1
41.1,0.2,31.1,6.0,1364.0,2
50.4,1.5,24.6,5.5,1759.0,0
62.8,18.0,23.7,7.4,662.0,1
55.7,0.6,22.7,27.2,1636.0,1
56.9,15.9,25.1,17.3,1089.0,1
76.6,7.3,27.6,28.8,1426.0,1
53.1,15.7,23.8,14.4,940.0,1
67.9,17.8,25.7,34.5,1224.0,1
57.9,3.6,26.0,15.3,1358.0,0
66.0,16.3,26.6,27.8,686.0,1
54.2,0.2,26.4,9.9,1977.0,0
40.9,1.3,23.9,8.9,1988.0,1
59.4,8.8,23.4,15.0,1274.0,1
51.0,9.4,25.6,31.6,965.0,0
63.3,10.6,25.6,31.7,1383.0,0
35.3,1.2,27.9,30.3,1672.0,0
59.5,11.1,25.1,9.5,1104.0,0
64.7,2.0,21.7,11.8,1449.0,1
57.5,35.8,29.5,19.2,799.0,2
40.6,2.7,29.0,14.2,1421.0,1
49.3,9.8,27.5,15.7,1461.0,0
46.8,1.7,26.9,31.7,1134.0,0
38.2,0.1,27.9,32.7,1798.0,0
65.8,6.9,19.8,18.8,1120.0,2
54.8,6.0,26.5,21.3,536.0,0
89.2,10.1,28.7,15.5,1045.0,1
46.7,8.4,27.8,27.9,1244.0,0
58.4,2.8,28.4,12.0,1640.0,1
51.3,7.9,24.8,15.7,1360.0,0
49.8,4.0,25.4,16.0,1811.0,0
64.4,21.9,25.6,5.8,520.0,1
57.4,7.6,28.0,24.4,1288.0,1
61.1,1.0,28.7,18.2,870.0,1
43.3,10.1,22.9,26.7,2500.0,1
52.2,1.6,27.6,13.9,1521.0,0
57.4,14.5,25.8,27.8,1129.0,1
52.2,0.9,23.1,34.0,2029.0,1
49.0,12.4,29.8,25.0,807.0,1
55.5,0.4,26.9,15.5,1457.0,0
42.5,8.9,31.5,32.6,1091.0,2
36.9,17.8,27.2,19.1,1108.0,1
64.5,1.8,23.4,14.5,1913.0,1
62.7,2.4,30.6,20.2,1223.0,1
54.1,13.7,26.8,19.5,927.0,0
60.5,6.5,24.8,7.2,109.0,1
56.0,0.8,20.0,28.5,1443.0,2
43.5,1.9,29.7,10.5,1496.0,1
72.3,12.0,23.5,25.6,603.0,1
45.3,1.8,22.5,24.4,1248.0,1
43.8,8.1,24.9,16.7,1762.0,0
48.9,19.4,25.8,14.9,836.0,1
30.8,6.1,24.6,32.9,2357.0,2
56.1,5.2,23.8,27.3,1319.0,1
45.7,8.6,26.2,5.7,267.0,1
40.6,4.5,25.0,33.0,2346.0,0
78.5,2.1,28.3,10.8,1261.0,1
44.4,11.6,28.0,26.4,323.0,1
67.3,0.2,21.7,30.1,1696.0,1
41.6,4.3,27.6,13.5,1702.0,0
50.9,17.2,30.7,8.8,1516.0,1
66.8,12.0,25.8,28.2,1991.0,0
44.6,7.5,25.0,19.7,820.0,0
40.7,5.6,21.8,8.2,1600.0,1
63.8,27.3,29.7,32.1,533.0,2
63.5,21.6,23.7,13.0,869.0,1
43.8,4.8,24.8,15.4,1707.0,0
29.3,21.8,20.0,12.5,148.0,2
72.6,4.0,25.7,24.5,1929.0,1
42.0,19.2,24.0,21.3,1193.0,1
70.1,24.5,24.9,17.1,1262.0,2
60.7,2.6,25.2,16.5,867.0,0
71.4,1.9,25.9,22.0,860.0,1
73.5,2.7,25.3,27.0,1111.0,1
43.0,0.8,28.4,5.3,1291.0,1
54.6,24.8,27.2,14.9,654.0,2
69.1,6.1,27.3,13.8,1015.0,1
67.0,9.3,26.6,17.2,1048.0,0
52.1,20.0,26.5,8.0,989.0,1
60.1,6.4,21.6,16.6,1924.0,1
44.9,11.2,27.2,7.2,1128.0,0
60.0,4.6,20.0,15.1,1057.0,2
61.0,19.0,22.8,30.6,709.0,1
47.6,2.4,26.6,8.5,737.0,0
47.1,10.0,27.3,24.7,1727.0,0
38.8,23.5,21.0,6.2,556.0,2
77.5,1.9,23.0,14.1,2075.0,1
61.7,1.7,28.8,27.7,1690.0,1
50.6,25.3,26.7,8.0,1588.0,2
59.7,10.9,29.2,27.0,1297.0,1
56.4,14.3,24.9,14.4,171.0,1
53.1,12.9,24.9,11.2,1049.0,0
62.4,9.1,28.7,23.5,987.0,1
59.1,9.3,22.4,8.1,2120.0,1
62.4,16.8,35.8,22.5,891.0,2
46.8,0.0,23.6,10.7,0.0,1
61.0,0.0,27.1,11.6,1055.0,0
49.2,2.0,25.3,30.9,0.0,1
52.8,2.6,27.8,5.4,1941.0,0
62.9,13.9,20.9,33.1,1362.0,2
70.8,10.5,23.6,7.8,1052.0,1
58.5,3.8,27.1,14.8,948.0,0
52.6,3.7,23.8,5.6,1265.0,1
65.2,28.7,31.6,22.2,1193.0,2
57.7,6.8,27.2,12.3,1844.0,0
33.3,1.5,26.5,16.5,1612.0,2
36.9,1.6,25.5,31.8,1293.0,0
58.3,3.6,24.6,13.1,1628.0,0
63.9,40.7,25.7,25.4,1202.0,2
54.2,10.2,25.3,34.6,783.0,0
49.1,0.1,26.0,26.5,1801.0,0
59.7,17.4,25.1,23.7,683.0,1
30.6,10.9,29.7,21.3,1312.0,2
55.3,19.8,28.7,32.1,1454.0,1
45.8,1.8,30.3,17.3,715.0,1
53.8,2.0,26.0,7.3,1057.0,0
44.7,0.7,27.4,14.0,1924.0,0
41.8,3.9,24.5,9.8,1058.0,0
65.2,4.5,27.5,26.6,1395.0,0
49.4,14.0,27.5,11.7,2358.0,0
44.5,2.5,22.3,17.7,1384.0,1
46.0,31.2,27.9,6.3,634.0,2
69.1,2.0,28.2,5.9,1388.0,1
59.1,9.6,26.9,27.2,1073.0,0
47.0,8.7,21.0,25.2,1886.0,1
64.5,22.8,24.6,8.4,1187.0,2
56.1,4.3,28.4,29.5,260.0,1
54.4,6.9,26.1,14.0,1057.0,0
42.0,9.3,21.8,30.2,1622.0,1
70.7,3.7,23.0,34.7,2085.0,1
51.3,15.2,26.7,9.8,281.0,1
59.3,0.6,26.7,33.0,1683.0,0
61.3,28.7,25.0,7.4,1110.0,2
37.7,0.2,21.8,25.1,2045.0,1
62.5,4.0,25.9,10.1,1383.0,0
39.9,21.8,25.5,31.8,855.0,1
50.7,6.2,26.2,12.3,1232.0,0
65.6,1.5,22.6,16.9,773.0,1
57.7,0.4,23.9,25.6,2403.0,1
58.3,1.4,22.3,8.7,1583.0,1
51.3,2.0,25.3,5.6,353.0,1
57.9,0.3,25.2,8.0,1003.0,0
48.1,7.0,26.3,25.1,1383.0,0
49.4,8.0,26.5,34.6,606.0,0
51.4,7.5,27.5,22.0,1713.0,0
53.5,6.1,25.3,12.2,1716.0,0
60.7,2.5,26.4,33.6,1656.0,0
39.3,19.4,19.3,32.7,1206.0,2
57.3,4.0,25.3,7.3,1737.0,0
60.2,5.6,27.0,26.8,1016.0,0
60.9,10.0,23.4,11.4,2344.0,1
65.8,8.7,24.1,31.7,1247.0,0
66.7,18.2,30.2,10.7,829.0,1
40.2,2.1,22.6,33.6,857.0,1
69.4,0.4,23.8,22.2,1249.0,1
68.1,1.5,21.8,5.9,1118.0,1
62.1,1.6,28.4,12.1,1598.0,1
59.6,2.9,30.6,29.3,1476.0,1
57.9,2.5,24.7,31.0,1739.0,0
70.9,18.9,21.6,12.6,1701.0,1
53.5,8.9,24.9,30.5,2438.0,0
55.0,1.7,26.2,15.9,1870.0,0
35.6,0.9,27.3,10.0,2198.0,0
34.8,0.5,28.1,16.1,1731.0,2
60.4,2.3,22.7,27.9,903.0,1
71.7,16.5,23.1,10.8,1249.0,1
67.9,7.2,22.8,12.5,1959.0,1
40.9,3.7,27.4,13.8,907.0,0
65.9,0.6,23.8,5.0,937.0,1
58.1,29.1,27.3,8.2,373.0,2
66.9,9.7,23.6,10.7,1734.0,1
55.0,6.5,24.7,10.4,1704.0,0
47.1,15.3,25.1,31.7,948.0,1
37.3,6.0,27.2,29.6,698.0,0
57.9,1.3,26.6,25.2,2346.0,0
53.9,13.3,27.4,34.5,1274.0,0
53.2,2.5,23.3,9.1,1315.0,1
58.0,18.0,27.1,27.2,1317.0,1
57.0,47.4,26.3,12.3,1199.0,2
51.2,2.6,22.4,23.3,1842.0,1
66.5,12.4,26.8,23.6,1419.0,0
57.5,7.0,26.4,21.6,134.0,1
79.7,11.6,22.3,29.2,707.0,1
55.6,3.6,28.3,21.7,1266.0,1
53.2,0.7,28.0,11.7,1753.0,1
48.6,6.4,29.6,20.7,1391.0,1
69.3,36.0,24.8,25.3,399.0,2
68.1,15.5,28.0,31.6,1011.0,1
55.6,37.0,26.8,18.2,390.0,2
52.9,14.5,26.9,30.6,1249.0,1
53.4,11.5,24.9,20.3,557.0,0
46.9,1.2,22.0,23.9,1701.0,1
59.9,4.5,24.5,5.5,1974.0,0
33.6,38.3,24.5,7.2,1444.0,2
35.8,34.7,22.9,13.9,786.0,2
64.1,1.5,27.6,25.5,1427.0,0
81.3,4.9,26.7,34.5,1453.0,1
54.8,16.9,26.1,35.0,1203.0,1
62.5,3.7,26.5,30.8,1033.0,0
43.4,2.5,23.4,10.9,1607.0,1
43.4,0.9,31.2,10.1,1474.0,2
57.8,46.5,23.6,5.1,488.0,2
45.8,6.6,31.7,30.5,1287.0,2
33.0,16.8,28.1,14.1,920.0,2
70.8,1.2,28.5,16.2,2129.0,1
60.2,33.3,26.2,5.5,1923.0,2
61.2,5.5,28.7,15.0,1285.0,1
40.1,17.3,28.2,24.9,1570.0,1
45.1,17.3,20.1,31.8,664.0,2
44.4,9.9,25.6,7.1,958.0,0
39.8,6.6,22.5,19.4,1912.0,1
47.4,30.5,25.4,25.9,1050.0,2
65.7,2.2,22.2,10.5,1196.0,1
58.2,18.1,22.8,6.9,898.0,1
32.9,1.1,23.8,15.6,1697.0,2
48.4,4.5,24.2,23.0,634.0,0
72.1,2.1,31.0,29.3,1242.0,1
57.1,9.3,25.9,12.9,1525.0,0
75.0,6.0,28.2,25.9,1592.0,1
58.2,0.6,27.8,13.0,0.0,1
48.9,6.8,22.6,13.0,1764.0,1
52.6,2.0,25.9,14.6,1371.0,0
40.6,8.9,25.6,15.2,1536.0,0
63.5,6.8,23.4,24.2,1643.0,1
45.1,17.2,24.3,12.4,446.0,1
51.9,4.2,23.6,25.6,1267.0,1
37.2,3.2,28.3,27.2,928.0,1
63.4,2.2,21.8,18.9,1734.0,1
55.6,2.2,25.6,15.8,1383.0,0
48.8,8.2,24.4,26.6,939.0,0
70.8,1.3,28.6,32.2,1184.0,1
64.6,20.4,23.0,32.2,1010.0,1
44.4,21.6,28.2,16.5,1242.0,1
60.9,1.7,24.9,29.6,1020.0,0
63.9,5.3,27.0,24.5,1637.0,0
56.4,1.6,30.4,27.4,1017.0,1
42.8,2.7,28.2,13.1,703.0,1
28.4,13.1,20.4,32.4,818.0,2
38.9,0.3,21.9,20.1,1059.0,1
50.6,0.5,28.2,21.1,1754.0,1
71.9,8.9,25.8,9.8,1430.0,1
36.2,5.2,25.0,33.5,870.0,0
56.2,3.9,27.8,16.8,1135.0,0
62.4,8.6,28.0,21.1,947.0,0
63.4,14.4,29.7,33.2,1125.0,1
33.3,0.3,27.2,10.8,1479.0,2
56.5,4.9,25.3,33.3,724.0,0
55.7,0.2,27.5,33.3,198.0,1
42.5,1.8,28.8,31.1,1156.0,1
41.2,0.1,20.0,18.9,823.0,2
39.3,13.8,24.0,8.6,1218.0,0
30.7,0.3,23.8,24.4,1569.0,2
48.2,11.2,25.3,17.5,0.0,1
50.6,0.8,25.3,20.6,1434.0,0
53.0,28.9,26.9,16.7,479.0,2
56.3,0.6,26.7,13.8,1893.0,0
66.2,5.4,22.3,30.3,1716.0,1
46.0,0.1,29.3,20.1,1352.0,1
82.9,7.5,28.2,27.7,1744.0,1
53.8,6.4,26.5,29.5,977.0,0
71.8,1.5,22.1,27.3,1954.0,1
43.4,20.4,27.9,13.4,818.0,1
66.4,1.0,27.7,32.7,1768.0,0
42.1,4.0,22.9,25.9,788.0,1
34.6,7.1,27.7,10.8,643.0,2
36.5,7.1,24.7,10.8,1681.0,0
44.2,12.3,25.2,16.8,1335.0,0
52.5,12.4,25.8,25.1,889.0,0
58.7,5.9,24.9,23.4,1594.0,0
60.1,23.8,27.8,5.2,812.0,2
42.5,1.9,29.7,28.6,1713.0,1
35.0,10.1,19.3,34.8,1324.0,2
38.8,12.4,28.5,18.1,1581.0,1
40.3,4.7,24.3,19.8,739.0,0
38.8,7.6,27.8,7.2,942.0,0
63.5,3.0,19.1,7.5,1584.0,2
36.6,19.9,24.9,17.0,341.0,1
58.9,3.2,31.4,34.0,646.0,2
52.2,5.9,25.6,17.4,623.0,0
52.7,3.0,29.8,27.5,1237.0,1
64.5,6.1,28.7,12.1,1193.0,1
51.3,4.8,26.2,9.1,1793.0,0
32.2,5.0,25.0,29.6,1474.0,2
63.0,7.7,26.4,12.0,352.0,1
69.3,2.7,24.2,17.1,1658.0,1
54.5,1.7,23.1,18.7,1021.0,1
51.0,1.6,26.0,17.3,1957.0,0
60.0,0.2,27.9,5.1,933.0,0
49.0,23.2,24.8,20.8,474.0,2
50.5,37.7,23.7,25.3,711.0,2
53.4,2.2,25.4,34.4,1431.0,0
54.3,5.3,20.7,21.5,1186.0,2
55.2,3.8,26.9,31.3,961.0,0
43.6,5.6,25.1,27.5,669.0,0
64.3,6.1,25.7,30.2,1611.0,0
32.6,15.8,28.7,5.6,782.0,2
38.1,1.8,24.4,13.5,1272.0,0
56.0,24.4,24.4,5.6,1152.0,2
51.5,10.6,24.6,32.1,835.0,0
60.2,2.7,26.7,31.3,1677.0,0
30.4,3.2,23.3,25.6,1406.0,2
51.7,17.7,26.8,9.6,1102.0,1
49.4,17.7,27.8,13.9,1531.0,1
52.4,7.7,23.5,15.5,1196.0,1
34.1,12.7,28.7,10.1,979.0,2
37.8,11.9,25.6,26.6,1533.0,0
64.7,3.1,24.1,17.5,1929.0,0
45.9,6.5,23.2,8.9,469.0,1
57.3,0.7,19.7,29.9,1033.0,2
71.8,6.8,23.9,32.8,1118.0,1
54.7,22.8,21.5,18.5,1129.0,2
57.3,9.5,24.6,23.0,598.0,0
72.8,39.7,27.5,25.0,197.0,2
72.4,16.9,27.1,9.4,1095.0,1
48.6,8.1,27.5,9.8,1663.0,0
49.7,1.1,22.9,34.5,1073.0,1
44.3,1.3,31.1,7.8,908.0,2
55.6,2.5,23.2,33.8,1442.0,1
38.2,12.7,20.4,6.4,1395.0,2
56.0,1.8,22.1,21.3,773.0,1
53.8,1.3,24.7,27.9,1371.0,0
71.7,1.0,28.3,27.9,2067.0,1
62.8,3.2,30.5,15.7,549.0,1
45.4,1.4,25.5,7.5,1417.0,0
42.0,16.7,26.0,15.4,1105.0,1
53.5,1.5,29.1,24.3,1214.0,1
45.0,0.8,28.5,10.2,1740.0,1
44.1,0.8,27.4,30.6,1355.0,0
67.6,19.8,30.8,17.0,1220.0,1
55.4,0.7,29.1,28.9,2314.0,1
63.4,20.2,27.8,34.0,1360.0,1
57.9,1.0,21.6,18.9,1160.0,1
40.6,3.7,30.0,28.3,1603.0,1
54.9,3.3,24.4,32.9,1329.0,0
58.8,9.4,26.7,33.9,1663.0,0
43.7,2.9,25.1,6.4,1581.0,0
70.3,0.0,27.6,20.8,1487.0,1
57.7,5.6,25.3,31.4,659.0,0
86.1,37.0,26.2,8.9,1240.0,2
41.7,1.6,17.8,11.7,1354.0,2
49.3,8.3,22.3,32.8,1516.0,1
40.7,13.5,28.4,9.0,740.0,1
59.6,0.5,22.8,15.6,1469.0,1
44.0,1.9,27.4,26.8,1594.0,0
44.9,5.4,30.6,32.1,1223.0,1
55.6,6.1,27.7,30.8,1262.0,0
74.5,4.6,26.9,21.4,722.0,1
71.0,1.9,23.4,29.9,926.0,1
71.3,9.3,19.5,22.1,1122.0,2
42.1,12.8,25.4,25.1,1456.0,0
58.6,3.5,27.0,22.9,1847.0,0
68.4,6.2,24.7,29.1,1107.0,1
63.8,2.0,28.0,22.4,1235.0,1
57.1,18.6,24.6,28.9,747.0,1
38.9,7.9,28.5,20.0,1232.0,1
51.8,0.5,18.5,20.7,1856.0,2
70.8,20.7,25.0,17.4,520.0,1
68.9,7.9,22.9,34.6,1006.0,1
44.7,14.2,25.1,6.1,1330.0,1
59.2,7.5,25.2,7.3,1276.0,0
65.9,9.0,26.5,28.8,434.0,1
69.9,9.6,30.6,13.9,380.0,1
51.0,6.0,28.8,10.1,807.0,1
55.3,8.9,23.1,7.9,2156.0,1
47.8,2.2,24.8,31.2,1358.0,0
45.7,3.6,30.9,17.6,1076.0,1
41.8,19.1,23.6,14.7,1627.0,1
57.1,24.3,32.0,24.6,111.0,2
31.6,9.2,25.1,10.5,1251.0,2
49.6,1.0,23.7,19.1,1870.0,1
49.3,18.3,25.4,21.3,578.0,1
64.9,4.1,17.7,7.7,1255.0,2
37.8,3.5,26.5,27.7,2500.0,0
54.0,2.9,24.1,18.0,915.0,0
71.4,10.2,24.2,25.1,999.0,1
44.5,1.5,26.6,34.6,1651.0,0
40.0,2.2,27.0,13.4,1913.0,0
40.1,0.7,27.2,9.0,224.0,1
52.7,5.8,26.1,26.7,872.0,0
60.5,7.8,21.5,11.5,487.0,1
57.7,9.6,27.0,6.5,937.0,0
66.6,19.2,25.5,24.3,874.0,1
40.8,0.9,28.9,27.3,2034.0,1
66.8,1.2,27.0,20.1,1191.0,0
45.7,1.8,23.2,20.6,1662.0,1
71.3,6.0,27.2,5.9,358.0,1
73.4,6.8,26.2,8.7,1515.0,1
41.9,19.4,31.9,15.4,1313.0,2
39.9,9.4,24.4,18.0,560.0,0
31.5,5.3,26.0,25.0,2057.0,2
51.8,4.1,24.7,29.1,1842.0,0
63.3,6.4,23.7,33.4,973.0,1
52.0,2.1,26.3,12.6,1855.0,0
58.4,9.4,23.1,8.3,943.0,1
58.6,0.3,28.6,30.8,1859.0,1
68.6,3.3,24.4,32.7,1497.0,1
49.4,0.9,29.3,30.5,1814.0,1
67.3,12.0,27.3,28.7,701.0,0
59.3,2.0,24.8,10.8,1178.0,0
61.7,5.8,26.7,26.8,1421.0,0
59.1,1.4,29.2,7.7,1288.0,1
53.1,5.3,25.1,32.7,1502.0,0
53.8,4.1,29.8,21.4,1496.0,1
63.7,13.4,26.6,18.7,924.0,0
57.4,1.2,29.6,5.5,1954.0,1
52.9,2.2,29.3,20.6,2500.0,1
63.9,6.5,29.0,18.8,853.0,1
54.3,0.9,31.4,22.2,1490.0,2
69.3,3.1,25.2,26.6,1796.0,1
42.6,11.9,22.8,8.7,1096.0,1
65.7,6.6,23.5,19.9,939.0,1
57.9,9.3,23.4,30.0,583.0,1
76.7,15.1,26.0,7.6,1147.0,1
78.2,7.5,23.1,19.1,1606.0,1
60.2,4.4,26.8,29.9,1389.0,0
64.8,10.7,19.1,29.9,2216.0,2
61.2,17.4,18.2,29.9,803.0,2
47.8,6.9,28.6,27.5,1436.0,1
52.4,1.1,26.1,9.4,1382.0,0
64.2,28.6,22.4,23.0,1222.0,2
37.1,2.6,21.3,15.5,521.0,1
61.6,10.4,25.7,19.9,1990.0,0
61.0,3.0,23.9,25.5,1883.0,1
61.2,0.8,26.6,31.0,1684.0,0
61.0,4.8,24.9,25.7,1339.0,0
45.6,3.8,27.5,21.5,904.0,0
68.0,34.8,24.4,24.8,853.0,2
47.1,17.0,27.8,10.9,545.0,1
70.6,10.7,19.7,13.8,534.0,2
68.7,4.6,23.8,24.5,769.0,1
57.7,12.3,24.7,24.9,419.0,1
73.0,4.5,26.8,28.0,605.0,1
45.4,14.8,29.0,20.3,1063.0,1
64.2,4.4,30.5,22.1,1504.0,1
58.8,12.6,23.6,29.6,1250.0,1
53.9,2.5,26.1,32.2,2314.0,0
66.1,0.0,26.6,17.8,2026.0,0
32.9,2.1,24.8,19.7,1613.0,2
53.1,16.6,18.9,32.3,413.0,2
60.0,4.0,28.7,7.6,1502.0,1
36.0,11.8,26.7,14.0,1088.0,0
69.0,2.4,27.0,31.7,1327.0,1
54.5,12.1,31.3,24.7,409.0,2
40.5,2.6,30.1,14.4,1651.0,1
62.8,0.4,27.7,12.6,1511.0,0
50.6,5.5,30.3,5.4,1009.0,1
42.5,2.1,29.8,34.3,1115.0,1
77.6,1.3,22.4,15.6,873.0,1
63.0,1.4,28.5,12.4,1088.0,1
70.4,31.4,26.4,11.6,522.0,2
63.2,9.9,22.7,20.8,959.0,1
77.9,0.7,25.0,19.0,1043.0,1
60.6,7.4,26.6,23.6,1403.0,0
59.8,15.8,25.9,17.6,1349.0,1
75.6,25.7,27.5,33.1,946.0,2
48.8,1.4,26.7,24.3,1526.0,0
66.6,22.3,19.6,21.7,1211.0,2
33.7,6.5,26.0,28.3,983.0,2
57.8,27.3,27.2,15.9,1662.0,2
49.6,2.4,23.1,8.1,1450.0,1
55.5,7.5,25.2,19.5,1316.0,0
73.0,13.0,25.5,20.2,911.0,1
42.4,2.4,27.9,9.8,2037.0,0
57.7,5.1,26.1,17.2,1487.0,0
53.7,40.8,25.2,26.2,827.0,2
52.9,38.7,27.2,32.4,239.0,2
58.9,6.7,32.0,26.0,1531.0,2
35.3,3.5,23.4,29.1,1496.0,1
54.8,1.3,24.6,17.0,1437.0,0
54.4,10.9,23.4,20.7,779.0,1
53.7,10.1,29.3,6.1,947.0,1
47.8,3.4,25.7,28.6,2500.0,0
45.9,4.9,29.3,27.4,873.0,1
69.5,1.5,25.6,12.5,2301.0,1
52.9,16.1,27.2,30.0,517.0,1
38.9,19.9,26.3,23.4,923.0,1
48.9,1.3,26.4,21.9,1832.0,0
50.3,38.0,32.1,18.3,1628.0,2
68.7,0.7,29.3,14.5,1385.0,1
72.7,4.5,23.3,34.1,987.0,1
52.3,4.0,26.2,26.3,1281.0,0
54.0,2.6,23.2,27.3,965.0,1
57.9,3.8,25.3,14.9,2329.0,0
56.2,16.1,28.7,11.5,802.0,1
64.8,9.2,29.2,32.5,1356.0,1
62.9,13.9,24.2,15.6,1832.0,0
57.8,7.2,33.0,17.5,2122.0,2
58.9,6.7,24.4,19.3,1784.0,0
56.1,35.3,22.7,19.3,947.0,2
70.1,1.2,29.1,17.8,843.0,1
61.3,24.3,24.4,18.7,426.0,2
60.5,4.0,21.6,13.7,2038.0,1
60.7,1.2,22.1,14.0,953.0,1
65.8,0.9,26.4,19.4,2168.0,0
46.6,16.6,21.5,6.5,870.0,1
59.0,2.4,25.7,14.8,1369.0,0
50.6,0.9,19.5,32.0,1550.0,2
57.3,20.3,30.5,23.9,1618.0,1
26.4,0.4,24.2,11.0,1937.0,2
71.7,5.1,25.8,19.7,1862.0,1
52.4,23.3,23.9,33.4,775.0,2
48.8,2.8,25.8,27.7,1335.0,0
34.4,2.6,23.4,19.1,348.0,2
45.4,37.8,25.2,10.4,870.0,2
81.6,0.7,27.5,11.5,1755.0,1
43.7,4.3,27.2,13.7,1842.0,0
57.3,8.7,24.0,23.4,1528.0,0
64.6,4.8,23.9,26.7,968.0,1
45.9,6.0,26.9,25.0,37.0,1
59.5,5.7,25.3,10.4,1289.0,0
64.0,15.2,22.9,27.5,1332.0,1
50.6,1.9,28.3,13.0,957.0,1
65.2,0.9,25.5,31.0,1901.0,0
54.2,16.2,26.8,31.4,1054.0,1
47.7,1.4,33.0,23.9,858.0,2
37.8,5.8,22.8,12.5,754.0,1
26.6,18.0,25.2,10.2,863.0,2
59.5,0.3,27.8,32.7,1045.0,0
73.6,2.8,27.4,26.0,935.0,1
46.5,21.0,29.5,25.0,693.0,1
56.5,2.8,24.0,6.1,875.0,1
57.3,4.8,21.2,26.3,895.0,1
56.7,18.2,23.3,17.5,1072.0,1
60.5,13.3,26.9,18.6,883.0,0
39.8,15.6,26.6,23.5,1688.0,1
50.8,1.2,24.1,16.5,1161.0,0
36.5,1.7,26.1,14.6,1368.0,0
54.3,2.3,23.5,13.2,2034.0,1
39.1,25.3,28.0,25.3,730.0,2
92.2,3.9,28.8,25.0,1212.0,1
80.3,12.9,26.6,6.1,1489.0,1
55.0,6.9,29.8,21.5,997.0,1
65.2,4.7,27.3,17.4,2500.0,0
56.8,11.5,25.1,6.2,1735.0,0
61.4,0.4,27.7,22.9,1292.0,0
75.3,6.9,29.0,22.9,83.0,1
57.2,3.8,23.7,5.2,1345.0,1
68.0,20.9,27.6,8.8,1593.0,1
63.8,4.6,26.5,6.8,1323.0,0
54.0,1.4,22.6,11.2,1476.0,1
68.2,18.9,23.0,25.9,561.0,1
64.6,6.1,24.7,17.0,1156.0,0
62.5,5.2,28.3,32.7,1314.0,1
52.4,7.6,23.9,23.8,1551.0,1
62.4,2.6,23.6,34.4,746.0,1
56.5,5.6,23.9,22.9,1389.0,1
52.1,16.3,26.3,15.7,1679.0,1
13.9,3.9,23.2,17.0,958.0,2
51.1,5.3,26.9,18.5,1617.0,0
65.9,3.4,30.1,13.2,2369.0,1
37.2,0.2,27.5,18.0,1970.0,0
52.4,7.8,28.8,34.9,794.0,1
40.9,4.0,23.3,8.3,1455.0,1
83.0,4.2,21.9,6.2,1947.0,1
52.5,7.2,28.0,31.6,1401.0,0
61.5,2.3,29.7,5.3,1585.0,1
57.5,9.6,19.8,25.8,774.0,2
64.3,11.8,27.1,12.6,1192.0,0
51.6,9.0,23.1,5.1,1507.0,1
47.1,10.4,25.9,9.0,163.0,1
56.0,16.5,29.9,22.6,1411.0,1
70.3,4.3,21.9,34.7,1482.0,1
50.5,0.2,29.0,10.3,1689.0,1
56.8,24.6,24.9,15.5,458.0,2
42.3,6.9,23.5,12.3,1234.0,1
45.7,0.1,23.2,5.8,1622.0,1
56.4,2.7,29.7,23.0,2135.0,1
65.9,50.0,26.7,13.8,1152.0,2
54.2,15.2,24.1,10.3,269.0,1
75.0,0.8,26.1,11.4,1413.0,1
58.4,3.3,29.0,22.6,1750.0,1
60.1,6.8,33.4,21.0,755.0,2
59.3,10.4,21.3,17.8,932.0,1
68.6,4.2,23.6,30.4,1619.0,1
45.3,7.0,27.9,17.6,1283.0,0
37.2,4.1,23.5,34.4,1388.0,1
72.7,20.2,29.2,8.1,683.0,1
35.9,7.4,24.2,15.7,1770.0,0
62.0,9.0,31.9,9.7,1720.0,2
50.9,1.8,21.4,24.5,1759.0,1
64.7,5.7,27.0,31.1,883.0,0
47.3,9.4,24.6,25.4,1289.0,0
51.0,10.9,34.8,13.9,259.0,2
73.6,10.3,28.2,12.7,1730.0,1
61.4,3.3,30.0,19.3,792.0,1
41.8,1.8,22.5,27.8,276.0,1
54.7,0.9,26.3,31.1,930.0,0
55.9,0.8,22.3,32.0,1416.0,1
60.9,5.6,25.5,30.8,1967.0,0
61.1,7.5,28.5,9.8,1394.0,1
50.8,0.3,22.5,33.1,1579.0,1
58.7,15.0,25.5,26.0,2026.0,1
58.5,7.0,18.0,17.3,266.0,2
49.6,0.3,26.5,25.1,1747.0,0
68.5,5.3,22.4,15.7,983.0,1
55.8,0.4,24.7,22.5,1746.0,0
74.7,1.4,27.9,6.5,1577.0,1
61.8,6.5,24.6,27.9,994.0,0
37.9,3.3,21.0,23.0,1354.0,2
53.5,2.1,21.9,5.7,1507.0,1
57.3,2.0,19.4,5.7,1236.0,2
41.2,50.0,28.1,34.5,661.0,2
66.7,24.1,29.9,17.8,1360.0,2
52.3,5.6,24.7,22.2,500.0,1
73.6,7.4,22.5,31.6,1101.0,1
57.2,3.3,32.2,28.0,1729.0,2
44.5,23.0,22.0,12.0,1055.0,2
54.2,1.7,22.0,25.9,1734.0,1
53.4,1.2,25.7,15.0,1156.0,0
67.4,1.2,28.6,31.9,739.0,1
50.9,1.0,27.3,29.7,2090.0,0
51.9,3.9,25.5,28.7,1350.0,0
50.6,14.3,26.5,9.5,1836.0,1
61.0,22.6,25.5,14.6,857.0,2
39.6,0.5,25.6,31.3,1061.0,0
73.9,4.8,25.2,30.3,1530.0,1
67.1,1.0,27.2,25.6,1602.0,0
73.1,0.3,21.4,34.8,1501.0,1
20.8,12.5,22.1,13.1,670.0,2
57.3,31.2,28.5,27.6,992.0,2
53.7,2.9,21.2,33.9,938.0,1
76.4,1.3,28.1,22.2,1678.0,1
54.9,7.1,26.6,17.8,923.0,0
58.4,15.3,27.7,31.5,747.0,1
55.2,4.0,28.3,18.2,1733.0,1
53.7,14.6,24.2,13.2,922.0,1
43.5,3.3,29.3,10.9,785.0,1
51.1,1.0,29.5,15.8,1002.0,1
52.4,1.1,26.6,10.1,1099.0,0
58.3,4.7,29.0,6.2,1175.0,1
56.2,21.5,27.6,14.8,675.0,1
54.5,33.8,22.8,17.5,1154.0,2
64.5,16.3,26.5,10.3,482.0,1
51.1,1.9,25.8,33.8,972.0,0
56.2,6.6,30.9,14.8,1147.0,1
71.1,6.2,34.6,20.0,1623.0,2
51.8,6.4,26.9,15.9,1030.0,0
52.7,0.7,25.1,27.6,1644.0,0
59.9,0.9,29.6,10.7,1387.0,1
57.5,6.7,23.5,6.0,1350.0,1
62.8,1.8,25.1,14.4,1592.0,0
65.3,25.6,26.1,17.0,447.0,2
50.2,5.2,26.8,23.1,1916.0,0
13.6,0.1,24.1,14.7,1334.0,2
37.6,17.8,20.4,17.7,533.0,2
86.2,29.7,23.2,22.0,720.0,2
73.4,26.0,20.0,15.8,1219.0,2
53.3,0.6,25.0,6.3,2130.0,0
64.8,8.4,29.2,9.2,1077.0,1
68.9,1.0,22.8,7.4,1065.0,1
70.5,3.2,30.8,15.2,463.0,1
71.9,5.6,27.3,29.1,894.0,1
52.7,3.7,29.5,28.3,1843.0,1
86.0,4.8,29.7,29.0,1779.0,1
47.7,0.8,32.0,6.1,1524.0,2
59.1,0.4,22.9,34.2,1149.0,1
68.6,10.3,23.2,5.7,1695.0,1
68.6,3.0,24.4,23.7,1023.0,1
69.4,9.4,25.6,14.7,937.0,1
67.4,1.8,31.7,7.6,1908.0,2
66.0,10.6,26.6,14.9,1787.0,0
62.8,6.3,21.5,26.8,980.0,1
58.9,9.4,27.8,26.6,1055.0,0
52.2,12.1,24.3,12.0,441.0,1
48.8,37.3,28.8,34.3,761.0,2
61.7,16.9,26.2,12.7,1350.0,1
40.8,18.1,27.2,29.0,20.0,1
46.9,15.7,23.8,27.1,1345.0,1
57.4,3.5,25.9,5.8,1538.0,0
70.5,2.8,26.9,5.1,1629.0,1
62.1,0.6,26.8,19.0,1808.0,0
60.2,1.3,21.3,13.8,1421.0,1
39.1,30.5,25.9,22.5,770.0,2
61.8,1.1,26.9,24.5,2212.0,0
62.7,13.4,22.7,22.8,823.0,1
50.4,3.1,26.8,11.7,1535.0,0
68.3,3.8,26.1,24.5,1193.0,1
59.9,13.5,27.2,11.4,1859.0,0
49.4,8.1,26.1,34.6,1157.0,0
52.5,0.9,27.7,12.5,2191.0,0
49.1,1.9,28.7,11.4,1201.0,1
56.7,9.4,29.4,34.7,885.0,1
38.3,10.9,23.8,24.5,1109.0,1
78.0,1.7,28.8,25.0,1439.0,1
55.5,4.0,21.6,32.0,982.0,1
46.0,2.0,29.6,27.9,1009.0,1
54.7,10.7,23.0,20.8,1603.0,1
48.9,4.4,25.9,14.8,1842.0,0
43.7,1.7,27.6,24.0,1336.0,0
38.7,0.4,26.6,26.0,1919.0,0
60.9,21.3,25.8,23.7,915.0,1
94.6,5.0,25.2,25.7,1699.0,1
47.3,6.7,26.3,24.4,1527.0,0
54.0,11.4,31.3,20.5,1327.0,2
67.3,2.4,27.4,8.8,1716.0,0
48.9,4.5,26.9,12.8,1916.0,0
59.9,17.1,28.1,34.0,1297.0,1
71.5,24.6,25.3,33.2,2078.0,2
58.4,7.4,26.4,18.3,1228.0,0
54.7,11.1,26.1,24.5,1498.0,0
52.0,4.3,29.7,8.3,1542.0,1
51.4,6.7,25.4,14.8,2241.0,0
51.4,9.2,29.6,17.0,1553.0,1
41.5,8.3,26.1,34.1,1618.0,0
66.9,6.9,23.8,21.0,542.0,1
45.4,5.2,21.0,28.8,1373.0,2
50.7,5.9,29.2,13.9,851.0,1
54.6,1.8,23.3,10.7,1061.0,1
48.9,33.0,23.9,10.9,1251.0,2
61.4,5.1,27.6,26.1,1968.0,0
57.5,1.8,27.8,10.6,1756.0,0
38.7,5.6,25.7,18.5,1691.0,0
69.7,4.6,23.9,23.9,203.0,1
49.6,0.0,32.3,30.3,2161.0,2
54.8,8.1,24.8,15.6,1244.0,0
71.4,0.2,25.4,16.2,1574.0,1
66.8,2.8,28.7,20.9,1908.0,1
66.4,4.5,26.8,32.1,2073.0,0
54.4,0.4,26.0,23.4,1889.0,0
62.4,0.6,23.3,30.2,2193.0,1
75.0,1.4,30.4,14.1,1410.0,1
50.2,2.5,24.5,12.9,990.0,0
60.9,3.3,23.6,5.7,1424.0,1
74.6,10.1,21.2,20.6,829.0,1
66.9,8.7,31.5,6.8,1106.0,2
58.2,27.4,29.4,24.9,762.0,2
67.2,0.3,24.6,26.2,1558.0,0
33.2,5.4,25.8,16.4,1609.0,2
79.3,28.2,22.9,20.2,1770.0,2
52.7,6.5,22.9,33.7,1037.0,1
48.0,5.4,31.3,30.9,1737.0,2
77.5,26.1,26.5,18.5,784.0,2
35.3,6.7,31.4,11.3,1080.0,2
51.8,1.6,23.9,8.9,900.0,1
60.5,4.8,25.8,17.1,656.0,0
33.2,12.0,27.0,26.0,2500.0,2
81.3,16.1,24.2,19.7,550.0,1
67.7,7.0,28.8,19.8,1686.0,1
55.0,3.5,27.3,33.1,930.0,0
52.4,28.6,20.1,28.2,657.0,2
72.8,8.5,26.0,11.2,810.0,1
32.4,8.3,29.5,5.3,1138.0,2
86.8,15.4,27.7,21.1,1203.0,1
42.4,8.8,20.3,32.7,1510.0,2
54.9,4.9,26.1,8.7,1575.0,0
47.6,4.0,22.3,33.0,1136.0,1
50.4,0.9,26.3,15.9,1848.0,0
56.5,0.2,27.7,6.9,1342.0,0
65.4,2.1,21.4,25.6,1575.0,1
63.8,9.2,20.4,15.5,1501.0,2
63.3,11.5,26.5,26.1,1748.0,0
66.9,2.5,29.0,12.3,1037.0,1
66.4,5.1,30.1,5.2,1173.0,1
40.7,25.0,25.7,14.7,366.0,2
67.0,8.5,26.7,7.2,1329.0,0
58.2,13.1,28.9,24.1,1255.0,1
62.6,8.8,22.4,13.5,1248.0,1
53.8,3.9,22.9,26.0,116.0,1
57.2,3.6,17.3,24.7,1755.0,2
32.2,12.4,26.0,21.6,304.0,2
52.5,6.8,24.9,9.1,975.0,0
66.0,6.9,27.9,25.6,1778.0,0
65.7,12.2,25.3,12.3,641.0,0
56.0,2.7,24.6,18.1,1159.0,0
45.7,23.9,23.5,29.9,1761.0,2
61.3,11.8,26.2,32.9,838.0,0
56.6,7.5,33.1,5.4,1424.0,2
76.3,0.7,28.9,24.2,1761.0,1
64.8,2.7,26.8,26.8,1530.0,0
58.7,8.3,28.5,32.5,1253.0,1
30.8,1.6,31.9,7.8,1311.0,2
52.9,19.4,26.1,17.1,1520.0,1
55.5,12.4,23.5,13.2,68.0,1
48.4,6.0,27.7,31.3,1294.0,0
64.6,4.6,25.7,25.5,1381.0,0
53.8,2.7,23.9,24.5,1032.0,1
46.4,2.3,16.8,21.0,886.0,2
62.9,46.2,27.6,9.4,155.0,2
61.2,19.7,26.6,14.1,434.0,1
45.1,21.2,30.5,11.5,445.0,1
65.7,0.1,25.2,8.7,986.0,0
41.5,18.9,24.5,24.9,539.0,1
61.4,16.1,26.8,9.9,863.0,1
43.5,3.0,22.1,14.2,1369.0,1
68.8,12.3,23.9,19.8,1207.0,1
30.2,0.4,24.3,26.1,1541.0,2
51.6,1.5,25.7,26.9,803.0,0
48.0,5.0,28.4,8.5,568.0,1
49.4,13.5,24.3,19.1,2284.0,0
55.4,15.1,27.4,12.1,1744.0,1
62.9,9.9,29.6,31.7,1436.0,1
61.3,10.2,33.7,16.0,674.0,2
55.9,1.8,25.2,12.4,1564.0,0
70.1,1.2,28.3,12.8,1080.0,1
57.6,12.8,26.3,10.3,1335.0,0
50.3,3.3,27.4,25.8,1515.0,0
70.8,29.1,20.9,5.2,390.0,2
50.5,0.3,23.7,25.8,386.0,1
52.4,1.5,26.1,34.5,2141.0,0
48.8,4.8,27.6,31.4,782.0,0
44.3,2.4,28.3,11.0,1135.0,1
57.4,7.5,28.7,12.8,1342.0,1
57.4,12.3,23.9,32.3,155.0,1
51.3,31.2,23.1,21.9,945.0,2
68.7,6.3,30.0,12.5,1739.0,1
50.3,2.9,25.4,7.0,1642.0,0
52.9,12.2,26.5,32.8,909.0,0
30.9,3.0,23.8,35.0,1103.0,2
52.9,6.6,26.2,14.8,1635.0,0
62.9,28.2,23.1,30.6,1278.0,2
64.2,2.0,28.4,20.9,137.0,1
64.8,4.7,27.3,24.7,799.0,0
60.9,47.3,31.8,13.2,748.0,2
57.2,4.0,25.0,29.3,1534.0,0
58.7,0.2,26.5,14.8,1425.0,0
57.0,3.0,26.4,11.4,1859.0,0
67.8,8.8,30.7,15.0,1341.0,1
67.5,10.5,31.9,10.0,1972.0,2
44.8,5.2,28.4,10.3,2074.0,1
57.2,20.7,26.9,8.3,951.0,1
53.1,9.1,20.6,29.8,1482.0,2
50.4,2.8,26.8,31.4,1657.0,0
54.3,2.6,27.3,27.8,1501.0,0
61.3,1.6,32.3,21.8,1530.0,2
64.9,25.8,25.1,5.6,1555.0,2
80.6,11.0,29.0,26.2,1417.0,1
63.5,15.0,31.9,29.3,851.0,2
45.2,11.8,30.4,8.8,1711.0,1
31.5,2.8,31.2,33.0,1054.0,2
60.7,0.9,30.7,25.4,1162.0,1
56.7,5.1,29.5,7.0,1056.0,1
46.3,9.4,27.0,20.2,1437.0,0
41.7,10.8,26.9,26.6,1763.0,0
77.2,2.7,23.8,26.9,1087.0,1
55.7,5.2,26.7,18.0,1441.0,0
53.5,7.8,30.1,5.1,346.0,1
57.3,8.0,22.0,28.5,1037.0,1
59.9,11.4,25.1,26.4,1436.0,0
48.0,0.2,26.8,29.5,1805.0,0
59.7,22.3,22.4,24.7,734.0,2
53.4,8.1,29.2,12.0,1499.0,1
55.4,40.4,20.5,10.4,1220.0,2
63.7,6.4,26.2,7.8,1862.0,0
63.6,1.9,29.5,21.4,1157.0,1
52.9,4.1,24.3,23.9,941.0,0
45.0,7.4,26.2,6.7,1202.0,0
71.6,2.8,25.4,20.7,1111.0,1
52.8,19.2,30.0,7.0,857.0,1
59.2,10.1,25.4,19.6,726.0,0
36.9,4.3,29.9,9.8,650.0,1
51.0,8.4,25.5,25.7,1255.0,0
58.1,13.1,25.3,23.9,1463.0,0
47.6,8.9,30.6,25.0,1653.0,1
58.6,6.8,26.7,11.7,945.0,0
52.1,2.9,23.9,10.4,1179.0,1
81.0,11.5,25.7,17.8,1781.0,1
58.2,12.9,24.0,19.3,1361.0,0
53.8,0.8,26.8,19.9,1473.0,0
58.5,7.6,28.0,32.6,1227.0,0
63.8,2.5,26.0,32.5,1347.0,0
51.6,13.7,25.9,30.8,1318.0,0
77.2,29.2,27.0,32.2,698.0,2
88.4,5.7,24.5,27.1,760.0,1
53.4,2.4,26.2,20.9,1136.0,0
32.6,0.1,24.8,27.4,1463.0,2
80.8,2.4,19.7,24.2,1810.0,2
46.5,1.3,23.7,6.2,1558.0,1
46.0,21.9,23.4,14.7,350.0,1
32.9,4.4,26.8,24.5,1659.0,2
63.7,9.4,23.0,25.9,360.0,1
75.1,5.6,23.6,28.9,1673.0,1
63.5,4.6,28.0,7.8,1435.0,0
47.0,3.0,25.8,26.5,1822.0,0
67.9,5.1,27.7,18.4,1561.0,0
46.6,1.4,23.0,20.8,1559.0,1
65.8,1.0,31.9,6.7,1330.0,2
33.1,25.5,27.5,27.9,996.0,2
46.7,14.5,25.4,28.6,799.0,1
49.7,27.3,27.5,30.8,784.0,2
52.4,22.1,24.8,17.9,919.0,2
38.2,3.9,28.3,28.6,814.0,1
58.6,0.7,22.4,25.8,1687.0,1
43.9,22.2,21.3,20.7,1415.0,2
61.4,19.6,25.5,22.0,1291.0,1
48.3,0.1,24.8,14.2,1543.0,0
47.7,4.8,24.8,26.1,722.0,0
52.5,4.2,25.2,11.6,2051.0,0
50.4,17.4,22.3,16.4,850.0,1
51.0,11.4,18.9,25.9,795.0,2
54.8,1.4,24.4,17.7,1135.0,0
55.5,4.0,25.9,8.2,1458.0,0
54.4,8.5,25.9,11.0,1419.0,0
40.8,11.7,30.8,15.2,709.0,1
27.9,13.7,24.3,29.2,121.0,2
57.9,3.0,25.5,8.4,1615.0,0
59.6,6.6,22.4,22.0,1047.0,1
58.8,6.0,24.8,30.7,1096.0,0
82.5,16.2,25.2,31.8,1369.0,1
66.0,3.2,25.4,27.5,820.0,0
66.7,30.2,29.0,29.2,1010.0,2
50.3,5.6,23.0,32.3,1205.0,1
59.2,0.9,27.6,29.4,1410.0,0
49.7,7.5,26.1,26.4,1673.0,0
59.2,5.1,23.7,16.6,1853.0,1
52.7,4.4,26.0,18.1,1796.0,0
49.4,24.4,30.3,5.3,726.0,2
37.8,15.9,30.5,14.7,599.0,1
44.8,24.1,26.6,19.4,529.0,2
58.9,0.4,30.9,13.2,1386.0,1
62.6,3.6,18.9,25.8,1728.0,2
35.7,6.6,24.5,13.2,1491.0,0
61.0,4.1,30.0,29.4,1288.0,1
64.3,9.0,22.3,21.0,1126.0,1
49.2,7.6,25.5,33.1,1131.0,0
31.5,24.4,30.8,5.2,924.0,2
55.7,50.0,30.9,15.1,30.0,2
60.9,1.2,31.9,11.4,1305.0,2
75.3,1.7,23.7,23.3,1178.0,1
67.7,2.9,30.3,12.1,1312.0,1
59.5,6.0,21.1,15.4,1964.0,1
62.4,10.5,23.6,27.0,966.0,1
67.6,2.9,27.0,13.3,1486.0,0
65.1,25.2,17.9,23.0,565.0,2
55.7,9.2,26.3,17.3,1440.0,0
69.8,9.8,29.3,26.7,2098.0,1
36.2,10.8,21.6,34.6,1427.0,1
38.3,0.1,22.7,26.5,1642.0,1
59.5,40.0,24.6,15.0,212.0,2
65.1,10.0,26.3,9.8,1477.0,0
55.0,8.3,20.0,16.4,1400.0,2
49.9,0.1,26.4,28.2,941.0,0
50.0,4.2,27.1,21.6,971.0,0
54.4,4.3,25.7,30.9,2176.0,0
55.6,4.6,29.0,30.7,1383.0,1
42.0,50.0,24.8,34.7,733.0,2
45.7,0.0,27.0,20.5,1560.0,0
50.1,0.6,27.9,11.4,1133.0,0
75.0,4.0,24.4,5.0,1599.0,1
40.3,9.9,23.4,23.0,2094.0,1
53.4,16.2,24.0,11.6,1526.0,1
40.1,6.0,26.9,9.9,1078.0,0
61.1,9.6,25.7,13.3,992.0,0
47.3,0.6,29.8,25.8,1545.0,1
61.6,1.2,27.1,10.5,1081.0,0
49.4,4.8,28.9,10.3,868.0,1
46.6,12.9,21.9,27.8,795.0,1
31.6,3.7,23.1,26.1,2047.0,2
36.2,6.7,26.3,15.0,1007.0,0
41.6,2.7,22.9,17.1,1264.0,1
68.8,9.2,24.1,31.5,1504.0,1
46.4,10.1,30.6,9.7,1069.0,1
59.6,1.1,22.9,24.3,2111.0,1
82.9,2.6,23.0,17.8,2030.0,1
61.3,0.7,22.7,5.9,689.0,1
57.8,3.3,29.5,6.3,2150.0,1
57.3,1.1,25.4,20.2,1446.0,0
47.8,2.2,26.0,27.1,880.0,0
71.6,4.1,31.6,10.8,1477.0,2
81.3,20.7,20.5,16.9,653.0,2
32.0,0.8,30.2,28.4,1872.0,2
74.0,28.1,35.0,34.5,1675.0,2
31.9,11.6,30.3,29.9,1186.0,2
59.6,5.1,24.5,17.0,1502.0,0
62.9,3.7,23.3,11.1,1092.0,1
41.2,0.1,26.4,29.6,1939.0,0
62.0,6.5,25.0,27.6,1137.0,0
50.0,3.0,26.8,8.2,1408.0,0
68.6,25.2,21.8,10.2,741.0,2
68.8,9.6,25.9,8.2,891.0,1
60.8,18.0,28.6,34.6,968.0,1
38.2,0.4,25.3,8.1,1711.0,0
58.3,2.3,26.8,11.0,1503.0,0
60.2,11.8,27.2,31.9,559.0,0
63.1,8.0,27.1,5.5,1995.0,0
67.1,2.5,23.8,26.8,979.0,1
54.0,3.9,28.0,31.4,2110.0,0
67.3,35.2,25.5,28.9,580.0,2
49.9,29.5,21.6,19.6,1092.0,2
58.4,0.9,29.2,33.1,1033.0,1
47.8,0.7,23.6,28.6,998.0,1
42.1,16.0,24.9,21.7,1330.0,1
42.5,3.2,23.5,21.7,1387.0,1
51.8,11.1,23.9,34.4,1169.0,1
41.0,4.1,25.3,18.0,1463.0,0
37.5,8.3,28.6,22.8,2003.0,1
45.1,2.9,24.3,27.0,1392.0,0
61.1,15.3,23.8,34.6,1062.0,1
59.5,2.3,23.4,6.8,1753.0,1
56.9,4.1,23.9,25.1,803.0,1
52.0,49.6,22.2,23.4,709.0,2
66.8,1.4,21.1,29.5,1064.0,1
57.5,1.7,29.9,24.4,2351.0,1
53.0,28.9,24.8,33.7,563.0,2
68.7,4.4,27.3,30.6,677.0,1
65.6,3.4,25.7,7.3,2012.0,0
50.8,0.8,26.3,26.2,1910.0,0
45.5,13.2,25.4,7.3,1339.0,0
59.2,7.8,23.0,32.5,2438.0,1
51.0,4.5,22.9,22.8,1278.0,1
78.3,13.3,25.5,23.8,1116.0,1
50.5,44.0,20.1,21.2,838.0,2
46.4,8.1,24.2,18.0,1269.0,0
55.3,2.4,24.6,22.4,1096.0,0
41.4,25.7,22.7,23.6,606.0,2
65.0,48.5,28.8,10.8,430.0,2
67.2,27.6,25.9,8.8,1166.0,2
85.2,1.1,22.2,16.9,2069.0,1
78.6,7.8,26.5,30.2,1287.0,1
46.9,19.3,27.0,21.9,1756.0,1
54.3,2.4,29.8,25.4,829.0,1
60.8,17.7,29.1,9.7,690.0,1
52.7,0.0,25.0,23.5,1296.0,0
64.0,3.5,24.0,14.0,1194.0,0
59.1,36.3,28.7,18.9,857.0,2
52.1,4.1,24.7,21.2,358.0,1
50.8,48.2,24.9,28.2,616.0,2
63.5,6.5,26.1,34.5,1635.0,0
61.4,26.9,25.7,31.5,652.0,2
44.9,4.6,22.6,27.0,1871.0,1
41.9,17.0,22.7,12.4,1393.0,1
68.2,2.2,22.8,31.3,1317.0,1
46.8,18.7,29.6,12.5,363.0,1
74.9,2.9,26.7,26.5,1922.0,1
56.9,23.0,30.0,30.1,1443.0,2
63.7,0.5,31.5,30.9,1188.0,2
48.2,9.0,27.3,5.0,1132.0,0
53.1,2.5,29.6,12.7,1304.0,1
37.8,14.7,23.6,18.7,1287.0,1
43.4,3.7,26.2,10.9,651.0,0
68.1,7.9,21.0,31.8,1112.0,1
48.1,12.9,28.5,28.8,1242.0,1
64.6,11.9,29.2,20.2,1408.0,1
64.8,0.1,26.2,5.9,1614.0,0
48.3,7.7,27.4,13.0,1161.0,0
64.8,22.3,23.9,27.3,110.0,2
51.9,20.5,26.9,16.2,240.0,1
65.0,3.5,26.0,26.7,1744.0,0
42.1,38.8,25.1,31.0,1049.0,2
52.0,7.7,16.9,15.4,1327.0,2
70.0,25.4,29.3,21.6,441.0,2
45.5,26.3,29.1,18.5,572.0,2
50.3,10.6,27.4,6.5,1094.0,0
69.9,17.8,23.7,19.0,490.0,1
82.5,8.3,24.8,26.7,1349.0,1
52.8,8.4,26.4,23.3,1496.0,0
50.3,9.7,23.8,22.3,827.0,1
56.7,0.4,23.9,14.1,1830.0,1
70.8,11.3,25.9,13.6,1715.0,1
42.7,7.2,20.5,25.9,992.0,2
60.9,1.8,25.5,32.6,1020.0,0
55.9,6.3,24.5,13.7,950.0,0
62.8,13.9,27.8,15.2,925.0,0
46.6,2.6,23.8,6.9,1918.0,1
64.4,1.7,23.4,25.1,1163.0,1
52.3,18.4,28.2,27.2,776.0,1
75.5,0.1,28.2,27.0,2200.0,1
72.0,4.1,30.2,7.0,1281.0,1
41.2,14.9,27.2,24.6,994.0,1
39.0,8.9,18.9,21.6,1023.0,2
40.0,3.5,21.5,35.0,959.0,1
78.0,1.8,31.9,18.5,1505.0,2
39.0,31.6,26.4,8.7,821.0,2
61.3,2.5,23.4,33.5,977.0,1
61.1,0.3,24.9,6.7,993.0,0
60.5,3.1,32.3,29.7,2071.0,2
36.0,5.7,28.6,9.0,1834.0,1
62.0,2.7,24.0,19.8,1854.0,1
49.5,8.8,23.7,16.7,922.0,1
44.8,5.8,26.5,5.7,510.0,0
29.5,1.5,26.1,25.8,2242.0,2
72.7,27.3,27.9,28.7,1523.0,2
55.5,9.2,28.5,34.2,1344.0,1
40.2,6.7,29.2,6.2,955.0,1
50.1,8.3,23.2,17.3,1671.0,1
38.8,1.3,24.8,24.4,1272.0,0
75.9,6.9,26.1,21.3,1266.0,1
59.7,2.3,25.0,25.5,414.0,1
52.2,23.7,24.1,23.7,2325.0,2
50.2,1.8,24.2,17.4,872.0,0
27.4,5.3,24.8,26.1,1277.0,2
66.2,4.4,26.1,28.9,1173.0,0
65.1,2.6,27.5,7.7,778.0,0
48.0,6.9,32.5,24.1,1597.0,2
53.2,5.4,31.5,10.0,1275.0,2
62.3,5.3,28.3,26.9,1261.0,1
77.8,0.7,20.8,28.6,1031.0,2
50.9,5.0,27.9,10.5,1756.0,0
58.1,2.3,23.3,25.7,1137.0,1
63.2,0.1,26.6,8.2,1712.0,0
46.7,2.4,28.1,17.3,1129.0,1
73.6,12.5,21.2,32.1,409.0,1
95.0,7.5,26.0,15.9,1644.0,1
34.0,3.0,30.3,18.4,2500.0,2
59.6,10.8,29.6,33.1,1091.0,1
50.1,22.3,26.6,27.2,511.0,2
53.1,8.9,30.6,24.3,1173.0,1
45.8,13.0,24.1,19.6,1005.0,0
70.9,5.6,25.2,23.5,1252.0,1
51.6,5.8,24.3,11.3,2322.0,0
36.5,1.5,24.4,31.1,1580.0,0
57.1,39.6,21.9,10.0,379.0,2
53.3,4.2,26.7,34.7,787.0,0
56.4,1.1,22.1,18.2,1741.0,1
55.0,15.4,23.2,23.9,702.0,1
64.4,14.6,28.4,33.7,967.0,1
51.5,2.9,29.9,13.3,1315.0,1
40.3,1.2,21.8,21.0,2310.0,1
38.4,12.5,26.1,15.4,1677.0,0
36.8,3.9,23.6,34.2,1015.0,1
54.0,1.1,23.9,33.0,1039.0,1
57.2,6.4,25.2,10.9,1488.0,0
61.2,7.3,23.8,31.9,2193.0,1
52.2,0.2,31.0,11.2,682.0,1
77.2,3.8,26.9,17.7,1900.0,1
67.3,32.2,25.8,5.2,360.0,2
51.5,4.7,28.2,20.1,1973.0,1
49.8,8.7,28.9,25.9,1523.0,1
64.9,7.1,28.3,30.3,945.0,1
55.1,4.7,23.2,30.6,1620.0,1
49.1,26.0,26.7,32.7,767.0,2
39.7,12.5,27.2,23.1,1305.0,0
72.9,3.3,25.0,13.6,821.0,1
63.9,14.0,27.9,11.1,1458.0,0
44.7,7.6,25.1,9.7,1655.0,0
55.3,0.5,26.4,28.0,2043.0,0
54.9,5.4,28.6,7.4,786.0,1
53.1,42.2,17.0,18.8,445.0,2
49.5,2.1,26.0,24.7,1604.0,0
51.7,4.6,28.2,21.2,884.0,1
36.5,8.5,26.4,16.5,798.0,0
51.1,2.8,30.9,32.4,1296.0,1
41.3,3.0,27.1,19.3,1225.0,0
36.9,5.5,30.3,15.4,1179.0,1
59.6,4.2,27.4,18.4,1254.0,0
65.5,3.1,29.8,33.0,949.0,1
46.4,2.8,29.9,18.7,736.0,1
43.6,7.9,29.7,12.0,1469.0,1
66.7,5.8,26.0,34.7,799.0,0
68.7,4.5,27.9,13.6,1101.0,1
45.2,5.9,29.8,26.7,1072.0,1
67.4,3.6,32.7,18.5,1757.0,2
61.0,2.8,28.7,23.7,1281.0,1
47.0,2.4,31.6,8.0,888.0,2
52.7,14.1,33.8,13.8,1663.0,2
50.2,5.8,30.0,11.1,1165.0,1
59.2,24.6,23.0,28.4,1132.0,2
44.5,2.7,28.9,31.6,418.0,1
61.4,1.6,30.1,10.9,2142.0,1
73.9,10.2,23.7,7.0,481.0,1
61.4,10.7,24.4,33.9,876.0,0
38.0,0.1,20.8,5.7,436.0,2
69.4,12.7,30.3,18.0,1226.0,1
56.1,2.1,25.0,34.1,946.0,0
50.2,6.1,24.2,30.9,1670.0,0
38.6,8.3,29.0,29.4,626.0,1
55.1,8.8,26.1,7.9,1366.0,0
40.6,8.3,28.6,15.6,1521.0,1
49.3,17.8,25.5,19.0,1524.0,1
66.8,5.8,31.2,5.6,1929.0,2
56.3,18.8,19.2,34.6,847.0,2
73.9,0.3,27.8,17.4,1942.0,1
64.2,7.2,26.7,22.2,1204.0,0
50.9,5.0,28.0,32.6,2066.0,1
49.5,0.1,23.3,21.4,1318.0,1
44.3,2.4,25.8,6.8,1684.0,0
53.8,11.3,22.8,14.7,904.0,1
58.5,1.2,30.8,16.5,1559.0,1
75.7,50.0,21.1,17.2,311.0,2
59.4,5.8,26.1,21.8,900.0,0
60.6,18.0,24.5,10.8,1201.0,1
52.4,16.6,28.1,34.6,889.0,1
51.8,14.6,27.1,7.0,735.0,1
44.7,7.8,27.0,25.1,340.0,1
60.3,4.1,26.0,9.6,1672.0,0
67.0,18.8,26.9,21.4,1655.0,1
67.5,2.5,25.3,24.7,1533.0,0
61.3,8.2,32.7,14.2,1924.0,2
50.2,5.4,25.4,32.2,998.0,0
57.1,21.1,22.1,6.9,594.0,1
50.5,5.8,27.2,27.0,1498.0,0
51.1,0.5,25.8,6.6,1780.0,0
53.2,8.0,29.5,17.9,1146.0,1
54.3,4.2,27.1,8.6,1206.0,0
60.9,5.0,24.8,17.3,918.0,0
62.6,2.1,27.6,23.7,1676.0,0
44.8,2.4,28.2,5.5,1243.0,1
51.8,4.6,25.1,6.0,555.0,0
75.3,1.4,24.8,14.7,1090.0,1
63.5,23.7,26.1,27.3,400.0,2
35.0,10.5,20.8,25.1,1491.0,2
51.1,2.5,23.5,9.7,1824.0,1
49.1,12.7,32.5,6.4,1380.0,2
36.6,0.1,23.3,34.2,1898.0,1
70.3,3.3,25.3,29.2,1744.0,1
44.3,4.8,23.4,14.9,1985.0,1
70.8,9.4,29.7,13.7,1249.0,1
57.8,9.5,24.0,9.7,1034.0,1
55.7,2.2,20.4,22.7,2181.0,2
56.2,6.1,23.8,11.6,1348.0,1
54.2,0.2,30.7,27.8,714.0,1
54.6,14.7,25.1,14.6,0.0,1
57.7,7.0,23.5,28.5,1235.0,1
41.4,2.4,32.6,31.2,1503.0,2
52.7,1.9,17.8,21.4,1187.0,2
65.4,15.7,20.3,8.0,1867.0,2
50.0,10.4,24.3,13.8,1371.0,0
43.5,32.8,27.5,5.4,500.0,2
79.9,1.4,30.7,10.9,2349.0,2
53.3,7.0,32.1,13.2,2345.0,2
31.4,17.3,28.5,10.7,948.0,2
57.2,6.3,26.1,32.4,1642.0,0
52.5,9.8,34.1,18.3,843.0,2
56.1,3.7,31.8,10.8,1185.0,2
58.3,20.3,25.0,7.8,615.0,1
87.1,6.2,30.0,34.7,1561.0,2
61.0,6.9,24.9,18.4,1997.0,0
68.6,6.3,23.1,10.1,1533.0,1
46.7,20.5,31.5,26.3,1603.0,2
63.2,0.4,26.1,31.6,804.0,0
58.1,3.5,29.4,12.2,1213.0,1
38.8,4.4,25.0,14.9,1756.0,0
42.4,6.8,25.1,30.0,1024.0,0
59.3,33.1,22.9,27.5,1097.0,2
49.0,7.9,25.9,20.2,1528.0,0
80.5,10.4,25.1,22.9,681.0,1
38.6,8.6,25.3,6.3,542.0,0
50.1,4.8,26.2,7.2,1189.0,0
57.5,1.3,22.7,12.7,1971.0,1
57.1,2.8,25.6,16.3,654.0,0
68.6,9.5,22.9,27.3,754.0,1
60.1,11.0,29.6,35.0,554.0,1
59.4,4.8,28.2,31.5,1242.0,1
77.7,26.4,25.0,30.7,1961.0,2
55.9,9.5,21.1,16.9,1169.0,1
61.0,5.5,20.8,11.8,1632.0,2
64.9,16.5,25.1,6.1,1085.0,1
56.4,5.3,24.7,23.1,1043.0,0
41.6,6.6,23.9,10.8,1717.0,1
34.7,21.5,25.3,29.4,730.0,2
64.5,13.7,26.6,6.3,1158.0,0
41.0,19.5,28.3,26.5,1333.0,1
53.8,4.2,26.1,18.2,1851.0,0
54.8,3.2,27.5,7.4,971.0,0
45.5,0.3,27.4,13.5,1222.0,0
43.6,15.5,27.1,27.9,1318.0,1
45.3,7.8,22.4,29.2,851.0,1
44.3,9.1,24.9,11.2,1318.0,0
19.0,15.4,23.7,26.8,855.0,2
73.1,3.3,31.7,30.3,1533.0,2
45.9,6.7,24.7,27.7,1201.0,0
45.7,1.9,28.2,25.0,1116.0,1
51.8,6.0,29.7,13.3,1701.0,1
65.9,1.7,26.8,34.3,1485.0,0
86.3,0.3,25.8,6.7,1505.0,1
52.7,12.7,26.0,18.9,2215.0,0
52.1,5.2,22.2,14.4,1886.0,1
34.9,2.7,23.1,13.2,1593.0,2
53.2,20.0,26.7,12.9,1520.0,1
42.5,3.3,29.6,21.8,1263.0,1
61.6,6.0,22.9,17.2,1055.0,1
73.9,6.3,26.8,10.4,266.0,1
83.6,3.7,27.9,28.7,2142.0,1
58.0,4.6,25.6,20.9,1330.0,0
65.9,1.5,25.7,29.1,1445.0,0
60.4,16.5,26.1,32.4,659.0,1
49.2,1.7,29.8,14.2,590.0,1
63.8,14.9,26.7,25.1,1279.0,1
57.9,10.2,27.1,11.4,952.0,0
69.3,3.4,19.9,33.6,1280.0,2
59.2,9.4,29.8,13.2,816.0,1
72.8,21.4,27.1,27.4,1160.0,1
69.8,21.2,29.2,27.8,1091.0,1
45.7,15.5,27.2,24.4,1034.0,1
42.3,17.6,22.7,27.4,1851.0,1
45.2,8.2,29.4,14.4,2280.0,1
54.7,50.0,19.7,13.0,401.0,2
70.1,10.6,30.6,24.4,2030.0,1
66.9,8.6,20.0,7.2,1826.0,2
63.4,23.9,23.3,14.0,689.0,2
51.3,6.9,27.7,19.3,1573.0,0
56.8,3.9,25.3,32.4,1327.0,0
44.7,3.7,25.3,12.8,1985.0,0
68.5,4.3,31.6,23.2,2237.0,2
45.5,0.2,22.9,23.2,2500.0,1
40.7,1.2,24.5,16.1,1004.0,0
64.7,0.1,24.3,7.9,1822.0,0
53.4,5.7,16.4,10.7,589.0,2
43.2,0.2,23.9,12.9,751.0,1
29.4,8.1,21.9,20.7,802.0,2
52.9,0.4,30.6,32.5,1218.0,1
62.7,1.8,26.9,17.1,1178.0,0
70.6,3.3,20.2,18.4,1402.0,2
65.1,0.4,26.3,7.4,1781.0,0
83.1,0.2,24.1,30.3,2013.0,1
61.7,14.7,25.3,6.4,1226.0,1
79.0,2.0,26.8,13.6,1405.0,1
63.2,3.7,30.4,16.9,1374.0,1
46.9,4.0,27.8,24.6,1263.0,0
67.0,30.7,27.5,15.4,410.0,2
60.0,10.2,25.5,22.1,1063.0,0
78.1,3.2,28.5,30.3,1795.0,1
52.4,11.5,27.8,30.0,1539.0,0
53.8,5.4,24.3,12.8,553.0,0
48.0,8.1,22.0,22.5,1010.0,1
69.4,13.8,24.8,11.7,1607.0,1
49.0,2.1,29.3,9.1,1451.0,1
45.8,1.1,29.6,26.3,989.0,1
75.2,4.8,24.8,14.1,1365.0,1
39.1,6.1,25.1,15.8,935.0,0
52.1,3.6,25.8,8.5,804.0,0
53.7,21.4,25.9,11.4,1043.0,1
62.2,18.3,28.3,20.7,1033.0,1
54.2,6.9,25.5,8.1,1234.0,0
65.0,18.5,26.8,15.2,313.0,1
75.5,26.3,24.3,10.8,750.0,2
37.7,2.2,29.6,30.2,1376.0,1
75.2,3.6,24.2,10.4,1909.0,1
69.3,13.2,29.9,14.4,1485.0,1
59.4,4.7,27.8,19.5,1297.0,0
54.7,12.8,26.5,22.8,1354.0,0
78.4,3.4,19.0,22.2,1295.0,2
51.7,50.0,30.3,14.3,468.0,2
63.8,9.4,20.0,30.8,1442.0,2
52.5,2.8,26.5,29.3,1725.0,0
32.9,2.6,23.5,25.6,845.0,2
31.0,8.3,27.8,31.1,1099.0,2
61.3,38.1,20.9,20.0,0.0,2
51.8,6.7,26.6,18.4,1701.0,0
43.1,11.3,25.7,9.5,1661.0,0
64.5,1.9,30.3,11.5,1829.0,1
55.2,4.5,27.3,18.5,1773.0,0
45.9,10.5,27.8,7.9,1560.0,0
35.3,9.6,25.0,21.3,766.0,0
39.3,4.1,24.1,28.6,1079.0,0
46.3,5.6,35.6,13.1,702.0,2
56.2,9.1,27.0,24.0,1475.0,0
59.4,4.8,28.2,7.4,1028.0,1
61.8,12.6,27.3,10.4,1510.0,0
63.7,14.2,23.4,23.7,468.0,1
53.7,11.6,25.1,22.5,1492.0,0
42.2,26.0,27.0,5.2,664.0,2
48.4,1.9,23.2,10.5,1640.0,1
67.1,0.4,25.8,32.4,1313.0,0
60.8,5.3,28.1,15.7,1698.0,1
65.1,5.8,27.3,7.0,1012.0,0
61.2,15.2,23.7,29.0,1231.0,1
65.5,2.9,28.3,13.6,1723.0,1
36.0,0.1,28.8,28.7,1389.0,1
53.6,7.8,29.4,23.6,1284.0,1
50.8,3.8,24.9,14.9,1159.0,0
54.7,6.0,19.2,18.6,1317.0,2
53.2,4.9,25.4,15.7,1158.0,0
47.0,2.4,24.4,20.5,1878.0,0
50.6,32.7,25.8,16.4,657.0,2
62.0,38.4,26.2,26.6,713.0,2
56.9,31.9,22.7,9.8,838.0,2
53.4,15.4,28.4,11.2,769.0,1
53.2,50.0,31.0,11.0,679.0,2
51.6,5.6,21.8,15.9,1707.0,1
45.2,5.8,26.6,14.4,2388.0,0
58.0,18.8,24.0,14.5,1426.0,1
57.1,7.5,28.6,5.4,1451.0,1
76.1,12.1,25.9,5.1,904.0,1
48.8,6.7,29.7,26.5,1417.0,1
41.6,6.6,29.7,24.4,1381.0,1
54.7,23.8,23.3,6.8,963.0,2
40.8,24.8,24.9,13.3,1340.0,2
48.9,2.5,23.4,16.5,1986.0,1
64.9,5.6,24.7,14.9,1305.0,0
57.3,8.2,28.4,5.7,1945.0,1
82.9,16.0,28.0,23.9,1332.0,1
64.3,3.6,26.5,29.4,636.0,0
65.4,5.3,23.0,15.5,1192.0,1
61.6,1.9,25.8,20.9,1023.0,0
50.7,14.2,24.4,10.1,1469.0,1
92.6,1.6,25.8,20.8,751.0,1
56.7,10.6,25.1,18.3,2178.0,0
40.2,13.8,29.5,33.7,894.0,1
42.7,11.5,21.5,12.2,1345.0,1
45.0,17.6,23.8,12.8,312.0,1
56.6,3.6,24.2,9.3,619.0,0
47.4,0.7,22.3,25.1,889.0,1
62.2,1.4,29.4,23.1,1579.0,1
36.0,5.7,24.3,33.0,1774.0,0
30.6,2.0,24.4,22.6,1030.0,2
70.8,2.8,25.9,16.7,2245.0,1
44.3,24.5,27.1,11.7,722.0,2
27.4,7.0,31.4,34.0,2261.0,2
62.8,0.2,23.8,12.1,1546.0,1
67.4,2.5,30.3,29.9,578.0,1
54.9,48.0,28.2,18.8,543.0,2
54.7,10.3,21.9,21.1,1556.0,1
71.4,3.5,25.7,30.7,1825.0,1
41.7,7.5,26.1,24.9,1197.0,0
53.0,30.9,26.3,23.5,625.0,2
39.0,5.9,29.0,9.4,51.0,1
65.7,5.7,26.1,29.1,1244.0,0
54.3,3.3,30.6,30.9,2017.0,1
23.9,7.2,29.2,16.4,1011.0,2
45.0,0.4,24.4,19.8,1240.0,0
55.9,0.3,23.2,28.8,1675.0,1
62.7,0.0,23.4,16.7,1730.0,1
50.8,12.2,26.1,27.6,1278.0,0
63.9,4.5,26.6,30.1,1183.0,0
80.3,2.2,28.6,22.9,1521.0,1
52.0,7.6,29.0,17.7,1826.0,1
79.8,5.4,25.1,24.6,568.0,1
57.0,0.1,23.7,11.7,873.0,1
68.0,2.5,28.9,11.9,1588.0,1
52.5,3.1,27.0,19.2,1079.0,0
44.1,18.8,28.6,13.3,0.0,1
60.6,2.4,26.8,23.1,1378.0,0
45.7,21.8,21.4,21.1,746.0,1
62.1,4.5,27.9,21.9,1434.0,0
59.0,12.3,25.1,9.7,1239.0,0
46.1,20.5,30.5,34.2,1037.0,1
52.4,4.2,28.7,31.8,1456.0,1
73.0,6.8,19.8,10.5,1181.0,2
49.8,11.4,24.5,8.0,762.0,0
65.6,0.1,26.1,10.0,2241.0,0
29.8,1.5,29.0,12.6,1246.0,2
62.0,7.0,27.6,23.4,985.0,0
28.3,14.3,27.0,27.0,1213.0,2
44.1,4.2,27.8,31.3,1830.0,0
53.5,7.2,30.6,27.2,1695.0,1
67.5,7.2,31.9,31.7,1329.0,2
62.5,1.0,31.8,9.9,957.0,2
52.4,14.9,29.8,13.9,1395.0,1
58.0,21.3,34.1,12.1,755.0,2
53.5,1.1,25.9,18.1,1882.0,0
36.5,16.7,27.6,17.1,1200.0,1
57.7,10.1,19.3,33.8,1372.0,2
36.2,1.4,24.9,17.8,728.0,0
32.6,20.9,28.7,9.6,1114.0,2
49.5,3.0,25.7,26.9,1224.0,0
43.9,2.5,20.9,29.7,2274.0,2
53.2,10.0,27.6,5.4,748.0,0
62.1,4.7,28.6,5.2,1619.0,1
57.9,34.9,29.0,11.3,152.0,2
35.5,26.9,29.7,26.1,1720.0,2
52.9,33.7,28.3,22.6,602.0,2
59.1,2.3,23.8,28.5,1596.0,1
57.5,2.5,20.3,15.3,1421.0,2
41.3,2.0,22.7,25.7,1743.0,1
45.7,5.5,27.9,15.9,1540.0,0
48.7,10.5,22.3,16.6,1486.0,1
49.7,3.4,25.8,13.5,1021.0,0
64.2,3.5,25.9,32.4,1404.0,0
37.7,2.9,24.9,34.0,1129.0,0
55.8,3.3,24.0,15.7,1674.0,1
14.3,12.7,27.0,24.7,937.0,2
79.7,38.4,30.8,24.5,795.0,2
38.3,4.6,30.5,31.6,1113.0,1
71.7,5.1,25.9,33.1,1657.0,1
55.6,4.9,25.8,21.4,1367.0,0
77.9,30.6,28.2,20.5,1013.0,2
44.1,1.2,31.4,19.1,579.0,2
79.3,1.4,24.6,14.5,1003.0,1
59.0,4.2,27.2,13.3,1314.0,0
47.2,23.9,25.8,23.1,1225.0,2
75.8,1.1,24.9,16.0,1890.0,1
62.9,48.0,26.9,30.8,1024.0,2
60.4,2.4,23.9,13.3,582.0,1
58.3,5.3,23.1,29.0,1336.0,1
54.5,4.0,28.2,26.7,1556.0,1
50.1,11.0,25.2,20.5,919.0,0
57.3,8.4,25.0,5.3,1449.0,0
75.4,50.0,25.4,9.7,594.0,2
67.2,3.7,29.7,25.0,1581.0,1
30.3,30.9,27.0,13.6,362.0,2
28.9,12.9,29.7,9.7,393.0,2
76.5,4.0,30.6,16.7,1086.0,2
45.3,5.8,26.5,26.2,1506.0,0
40.8,43.0,23.3,25.7,759.0,2
59.7,21.1,28.7,9.6,1123.0,1
56.0,3.5,26.1,11.9,1221.0,0
49.0,26.7,26.4,21.9,1221.0,2
38.1,16.1,29.0,9.0,1257.0,1
72.4,5.1,19.4,7.1,2135.0,2
53.0,30.9,24.2,20.5,514.0,2
59.2,1.1,27.0,31.9,1347.0,0
53.7,1.7,25.4,14.5,1086.0,0
42.1,5.8,27.1,6.4,1563.0,0
48.5,8.5,30.1,7.3,1503.0,1
70.6,3.8,26.0,29.6,1629.0,1
53.2,1.7,21.8,9.4,1190.0,1
74.3,14.7,31.5,30.3,505.0,2
61.3,2.9,21.7,13.2,1051.0,1
34.8,15.6,28.8,13.4,1431.0,2
44.5,10.3,29.0,19.7,1530.0,1
65.9,4.5,27.0,26.6,680.0,0
72.4,17.2,30.4,20.8,1570.0,1
41.5,1.7,26.4,5.8,1282.0,0
53.4,22.7,20.6,21.8,1138.0,2
48.5,1.5,25.4,26.8,1910.0,0
65.9,18.6,21.3,34.5,482.0,1
55.7,5.5,32.0,25.0,1354.0,2
29.7,1.7,31.2,28.1,1218.0,2
47.9,11.8,31.3,23.1,669.0,2
65.4,0.7,24.8,27.0,2032.0,0
56.5,3.7,24.6,16.6,1420.0,0
41.5,6.8,27.0,33.5,1107.0,0
71.1,15.3,28.8,14.1,1513.0,1
66.8,3.7,33.0,6.8,1344.0,2
75.5,7.4,22.4,11.1,1286.0,1
49.6,1.0,29.8,34.4,1187.0,1
62.9,3.3,27.1,9.5,843.0,0
48.5,13.3,22.6,13.7,1480.0,1
69.0,18.0,27.7,7.6,1190.0,1
72.0,4.4,35.7,6.9,997.0,2
57.5,3.8,31.0,16.7,1386.0,1
44.0,3.3,26.4,18.2,1306.0,0
63.3,12.1,24.9,31.2,493.0,1
66.8,4.2,27.5,23.2,1553.0,0
51.4,14.3,20.3,14.3,557.0,2
57.0,13.0,32.0,5.5,874.0,2
48.1,11.3,26.6,17.2,963.0,0
51.5,12.4,21.5,14.8,989.0,1
56.0,3.5,27.5,18.1,1163.0,0
61.5,7.9,31.0,20.0,867.0,2
64.4,0.5,28.2,20.5,1322.0,1
50.5,10.4,26.5,14.2,1228.0,0
45.4,5.0,22.4,34.4,1658.0,1
59.3,8.5,28.9,20.0,1644.0,1
58.8,1.0,27.8,7.9,1365.0,0
70.9,3.3,25.5,8.5,1163.0,1
48.9,21.5,27.3,26.8,1205.0,1
42.6,1.7,21.8,24.6,1036.0,1
48.9,3.6,32.4,8.9,814.0,2
54.8,0.7,27.3,22.1,1679.0,0
54.8,16.2,26.7,11.9,643.0,1
43.5,7.8,26.7,11.8,1402.0,0
61.7,5.2,33.4,5.6,948.0,2
50.6,0.3,24.8,23.9,1644.0,0
58.1,4.3,23.7,26.4,1976.0,1
51.8,8.5,21.7,34.0,781.0,1
49.6,4.7,32.8,19.5,941.0,2
57.8,0.5,23.1,5.1,1425.0,1
64.5,4.3,26.8,33.7,1319.0,0
50.9,14.2,23.1,5.4,351.0,1
65.6,48.7,24.6,7.8,747.0,2
47.8,6.3,22.7,30.2,1292.0,1
50.3,5.9,28.5,23.7,1627.0,1
48.4,6.5,26.1,12.3,357.0,1
41.0,6.6,28.7,10.5,1120.0,1
63.9,0.1,26.1,23.8,1885.0,0
44.2,4.0,30.5,19.3,1348.0,1
52.9,50.0,28.9,23.9,645.0,2
72.8,4.9,26.5,30.8,1664.0,1
54.1,7.1,25.5,15.3,1773.0,0
51.7,2.2,23.8,34.4,1061.0,1
68.6,5.5,24.2,30.8,676.0,1
58.8,8.0,32.2,23.9,1576.0,2
61.3,5.1,26.6,19.3,1103.0,0
46.0,4.5,19.5,22.7,878.0,2
64.2,7.0,27.6,22.4,659.0,0
64.7,30.8,27.3,17.1,1601.0,2
40.8,1.1,28.4,19.6,2165.0,1
55.1,3.0,24.5,16.5,1577.0,0
49.9,17.6,25.3,29.4,1025.0,1
38.3,3.5,24.9,26.6,1975.0,0
69.9,6.4,29.3,8.7,1362.0,1
50.7,5.5,25.4,11.4,1530.0,0
46.6,1.1,27.2,15.9,981.0,0
46.0,25.5,18.9,23.7,792.0,2
50.0,6.9,20.5,29.6,1460.0,2
48.0,4.2,28.9,27.8,1192.0,1
52.5,0.4,22.8,8.5,1070.0,1
49.9,1.7,23.3,27.4,1925.0,1
73.8,1.1,28.8,13.9,1394.0,1
61.1,7.4,26.2,5.2,494.0,1
66.5,7.4,23.9,15.4,1004.0,1
57.2,3.6,29.6,7.6,1523.0,1
31.0,2.9,23.3,19.7,934.0,2
63.8,5.3,22.5,23.1,841.0,1
53.9,5.0,22.8,25.8,1668.0,1
46.7,24.8,29.5,7.8,823.0,2
61.3,22.3,30.6,21.6,1307.0,2
40.5,1.8,25.8,11.9,1755.0,0
53.7,18.5,26.3,13.2,1074.0,1
68.7,10.8,28.2,9.4,1358.0,1
62.4,5.3,27.4,26.5,1723.0,0
49.8,6.2,25.6,14.5,2018.0,0
56.1,0.1,29.9,11.5,2194.0,1
39.5,0.5,28.0,9.5,1851.0,0
56.9,10.2,26.9,10.5,842.0,0
63.9,2.6,24.4,17.6,1904.0,0
52.4,6.8,28.8,5.1,1064.0,1
65.1,1.3,24.0,18.2,1480.0,0
36.3,7.9,23.7,28.7,1823.0,1
39.7,12.2,25.0,30.5,192.0,1
34.7,12.8,29.2,31.9,615.0,2
66.9,21.5,30.4,20.9,682.0,1
71.4,10.1,29.6,27.7,939.0,1
54.8,10.9,27.0,26.8,1715.0,0
65.9,5.7,25.6,7.6,1693.0,0
40.5,0.7,29.7,22.0,1679.0,1
55.2,25.4,30.6,19.4,0.0,2
42.3,8.1,30.0,10.0,2020.0,1
53.1,13.7,28.6,22.3,1598.0,1
53.4,6.9,33.6,23.1,1522.0,2
67.9,29.6,30.5,30.9,320.0,2
50.0,8.3,30.1,16.6,1307.0,1
70.1,4.6,27.8,32.4,370.0,1
37.1,32.4,19.2,19.7,1160.0,2
46.1,5.5,26.2,25.9,1892.0,0
55.8,10.4,25.7,12.2,1405.0,0
54.1,4.5,25.3,26.0,1618.0,0
50.0,11.7,24.6,22.5,1251.0,0
58.0,1.4,22.9,28.3,1634.0,1
47.3,7.0,25.4,26.3,1655.0,0
70.9,12.8,27.4,9.6,1314.0,1
50.3,39.1,22.9,9.9,1052.0,2
45.7,1.7,27.3,6.7,688.0,0
63.1,1.3,28.2,34.6,551.0,1
45.3,36.5,28.1,34.6,1085.0,2
67.4,2.9,27.2,8.9,1064.0,0
56.8,6.6,27.8,21.0,1741.0,0
61.0,2.3,24.2,27.2,1841.0,0
44.9,10.8,25.4,32.4,899.0,0
55.6,0.8,26.4,14.0,1341.0,0
53.9,3.8,30.2,6.5,554.0,1
32.2,0.1,25.6,19.9,2070.0,2
57.1,32.7,28.0,26.0,1283.0,2
50.1,0.7,23.3,7.8,1082.0,1
46.9,7.9,28.6,10.4,1552.0,1
59.4,2.5,26.7,14.4,1753.0,0
73.1,7.4,24.6,30.1,1487.0,1
39.0,3.0,22.9,10.2,2111.0,1
57.3,15.8,23.6,26.0,1404.0,1
38.6,18.7,24.8,5.3,1163.0,1
70.0,9.5,20.8,12.5,1331.0,2
47.0,0.6,27.1,32.6,1514.0,0
54.0,4.9,23.0,12.5,1325.0,1
56.9,12.5,31.2,33.4,561.0,2
61.4,3.8,23.7,27.9,600.0,1
61.1,9.4,26.9,8.8,1331.0,0
48.9,14.6,20.4,28.1,1212.0,2
45.7,14.8,23.7,17.9,1127.0,1
54.0,2.3,28.4,8.3,1307.0,1
33.1,2.4,26.4,31.2,1174.0,2
65.0,5.2,30.2,5.8,1462.0,1
58.9,2.9,27.5,9.0,1454.0,0
56.3,13.1,29.5,30.2,1223.0,1
54.5,3.2,26.7,29.7,1264.0,0
56.9,15.3,30.7,12.4,1037.0,1
56.4,10.0,27.7,9.0,1276.0,0
49.5,0.7,20.5,17.7,904.0,2
61.0,14.9,26.2,29.4,995.0,1
55.7,5.9,26.8,13.0,1596.0,0
33.4,0.2,25.5,29.5,1715.0,2
53.5,4.0,24.5,32.4,339.0,1
64.3,1.7,20.7,27.1,1038.0,2
60.2,15.5,24.5,32.4,910.0,1
60.7,3.4,21.7,13.2,1075.0,1
35.8,41.1,28.4,23.1,887.0,2
51.5,12.5,26.7,13.2,1575.0,0
64.6,25.0,25.8,19.1,438.0,2
52.2,1.1,25.5,13.7,1496.0,0
48.0,22.6,19.1,11.6,731.0,2
67.4,1.6,24.3,18.8,1262.0,0
36.6,8.0,23.9,27.8,1729.0,1
62.7,2.4,25.7,19.5,2103.0,0
51.0,6.7,21.8,34.5,1724.0,1
55.1,14.5,23.6,28.7,1410.0,1
59.8,0.8,23.5,29.3,1050.0,1
56.4,0.2,26.9,8.6,1420.0,0
58.7,3.6,28.6,28.1,1420.0,1
52.6,4.5,22.6,14.1,1299.0,1
55.4,9.2,25.4,28.1,1427.0,0
76.2,3.4,22.7,32.6,1161.0,1
61.7,17.5,26.3,16.2,1340.0,1
48.2,8.7,25.7,27.7,1909.0,0
67.9,0.3,30.0,30.6,1079.0,1
53.8,0.3,23.6,33.4,2162.0,1
55.1,18.5,33.8,19.1,1152.0,2
61.3,9.4,26.2,18.6,1883.0,0
41.2,18.0,28.8,24.1,996.0,1
43.0,13.5,24.3,18.5,1376.0,0
64.6,11.3,29.4,19.4,799.0,1
78.8,30.2,28.4,23.4,724.0,2
65.4,27.9,32.1,20.3,534.0,2
48.1,25.3,25.2,5.8,543.0,2
49.1,5.6,28.4,20.1,1336.0,1
43.5,41.4,28.9,17.1,1314.0,2
69.1,0.3,30.4,26.2,571.0,1
70.1,2.5,25.8,20.6,2107.0,1
67.7,2.5,23.9,5.9,1767.0,1
49.5,2.9,30.7,10.5,1160.0,1
62.7,12.2,26.6,31.3,1066.0,0
55.8,1.5,23.2,29.8,873.0,1
55.4,1.5,25.6,32.2,985.0,0
71.1,4.7,26.1,16.0,2182.0,1
57.2,50.0,30.2,14.4,1104.0,2
67.8,5.0,28.3,5.4,1192.0,1
50.4,6.9,26.1,7.2,68.0,1
51.7,37.7,26.5,25.1,747.0,2
76.4,8.0,24.4,21.4,1887.0,1
48.5,5.8,25.2,22.7,1784.0,0
45.1,15.9,28.9,5.3,746.0,1
72.5,18.6,28.5,12.8,1412.0,1
64.5,5.0,29.2,18.9,1272.0,1
40.8,0.6,26.7,14.6,1242.0,0
63.6,2.2,26.4,19.5,2288.0,0
75.7,2.3,22.3,18.6,1502.0,1
56.2,9.2,23.0,33.3,1120.0,1
59.6,7.5,26.7,15.4,1229.0,0
47.3,13.1,22.9,31.2,1600.0,1
61.3,3.9,27.2,25.3,1311.0,0
39.7,2.2,23.8,22.0,1041.0,1
44.6,2.9,27.8,5.2,565.0,0
56.2,1.8,25.4,18.0,679.0,0
40.7,4.6,30.7,34.1,1381.0,1
38.9,9.3,27.8,10.9,766.0,0
44.2,3.2,28.1,33.1,1567.0,1
68.5,12.7,24.4,16.2,768.0,1
58.4,46.1,23.9,25.9,215.0,2
73.7,13.4,24.7,16.6,1274.0,1
67.2,16.0,19.0,26.6,1636.0,2
47.8,2.8,25.0,25.2,966.0,0
47.8,2.1,32.1,19.5,1273.0,2
74.2,3.3,27.4,17.5,1408.0,1
49.6,7.1,27.2,16.4,1658.0,0
58.1,6.2,24.1,29.2,1730.0,0
77.9,0.8,26.8,21.8,836.0,1
55.7,6.9,23.2,26.8,1673.0,1
58.5,1.8,23.4,15.9,1582.0,1
61.3,13.4,29.4,30.1,1163.0,1
48.1,1.0,27.1,17.3,1270.0,0
73.3,50.0,27.9,23.2,853.0,2
47.4,4.6,20.6,11.0,1532.0,2
71.9,1.3,27.4,19.0,1266.0,1
46.4,10.1,25.7,10.6,2159.0,0
56.6,3.7,30.1,23.6,1557.0,1
59.8,6.4,28.7,27.7,1005.0,1
58.2,7.0,20.9,29.2,1170.0,2
44.2,28.6,21.0,14.2,636.0,2
65.7,1.6,27.3,6.1,1458.0,0
59.8,0.5,18.3,8.4,927.0,2
54.5,17.2,28.8,14.2,465.0,1
60.4,0.8,25.4,34.9,1102.0,0
49.3,11.5,24.5,13.6,1376.0,0
64.1,7.9,30.0,29.7,2022.0,1
66.4,0.5,30.5,14.2,677.0,1
53.9,1.5,26.7,28.8,1373.0,0
56.2,22.5,26.5,24.5,852.0,2
31.7,23.7,28.1,22.3,1443.0,2
68.8,0.1,24.4,30.0,1436.0,1
48.2,17.1,23.8,18.9,1375.0,1
67.1,2.7,25.4,14.7,1248.0,0
47.3,3.1,26.0,18.7,1491.0,0
63.6,2.5,24.8,27.9,1111.0,0
40.5,1.3,24.0,11.6,133.0,1
52.0,2.2,27.3,6.8,910.0,0
59.5,32.6,27.4,31.0,888.0,2
39.4,1.3,26.3,6.4,618.0,0
51.5,7.9,29.7,14.3,1835.0,1
54.7,11.8,24.2,34.7,1180.0,0
53.9,5.9,26.0,30.0,1283.0,0
50.8,29.1,31.8,23.7,245.0,2
69.9,0.2,27.6,15.2,1211.0,1
39.9,0.8,28.8,9.3,1168.0,1
68.8,17.3,27.7,23.6,1459.0,1
51.2,19.5,25.0,31.2,1091.0,1
67.0,16.3,31.2,31.9,601.0,2
62.6,3.1,23.0,13.2,1627.0,1
53.8,0.9,22.5,18.6,1885.0,1
48.9,12.8,26.0,10.8,923.0,0
44.8,5.1,26.8,5.1,1232.0,0
69.9,2.5,26.6,29.1,1428.0,1
65.6,22.6,27.0,8.1,1237.0,2
81.9,2.2,22.1,24.9,1190.0,1
50.3,18.4,23.2,8.8,949.0,1
53.7,14.1,30.8,13.8,1068.0,1
44.1,50.0,25.7,22.7,800.0,2
64.8,2.0,26.5,14.4,1235.0,0
45.6,7.5,28.8,30.2,1602.0,1
64.8,7.8,24.8,30.9,429.0,1
46.9,7.2,29.3,17.8,1177.0,1
51.0,6.6,24.6,5.3,496.0,1
46.3,3.8,24.4,7.3,1106.0,0
52.3,10.7,26.1,15.9,1591.0,0
43.3,2.9,22.2,32.6,1214.0,1
63.9,3.9,30.9,15.4,1690.0,1
47.7,7.8,25.1,20.9,809.0,0
51.7,11.4,19.7,20.2,1061.0,2
69.7,2.1,26.3,33.4,2075.0,1
73.4,0.3,22.8,22.1,1670.0,1
63.1,6.6,28.8,34.5,810.0,1
45.3,21.4,26.0,9.0,1787.0,1
45.3,2.9,28.7,18.5,949.0,1
37.5,11.4,28.6,14.7,1212.0,1
29.2,13.3,26.2,8.4,1423.0,2
54.8,2.2,28.4,5.8,1687.0,1
52.1,16.4,28.0,34.8,586.0,1
69.0,50.0,28.3,29.3,0.0,2
32.0,5.7,22.2,34.3,1920.0,2
43.7,20.6,27.6,14.5,1045.0,1
55.2,0.8,27.9,14.6,454.0,1
41.8,14.8,24.6,16.4,1071.0,1
59.5,7.3,31.6,32.3,1492.0,2
61.7,0.1,24.6,20.2,1738.0,0
49.1,8.4,23.7,6.5,1773.0,1
54.2,10.9,23.3,9.2,1075.0,1
65.2,2.2,24.2,29.3,1415.0,0
64.0,11.9,27.1,26.8,884.0,0
59.1,2.7,25.1,24.8,0.0,1
49.0,4.1,19.4,15.4,2481.0,2
48.0,0.4,24.1,17.6,1648.0,0
43.8,1.4,25.2,16.9,536.0,0
66.4,0.1,22.9,20.6,1216.0,1
55.0,3.5,26.0,8.0,1177.0,0
47.6,3.9,26.1,8.7,1653.0,0
69.4,19.7,23.7,33.2,1775.0,1
45.8,4.6,28.6,18.1,1219.0,1
68.2,5.1,24.2,32.8,2500.0,1
51.2,2.1,34.5,25.7,601.0,2
54.4,40.3,27.2,23.0,788.0,2
74.8,1.9,28.3,11.4,873.0,1
47.3,25.7,27.6,15.2,577.0,2
67.2,22.3,24.6,11.2,1423.0,2
50.3,0.7,27.8,7.0,1604.0,0
42.9,10.3,23.9,34.9,532.0,1
47.8,13.9,26.9,12.3,1541.0,0
78.7,2.6,24.3,29.6,1036.0,1
46.9,4.4,21.4,11.3,1446.0,1
48.0,4.3,27.2,22.3,1660.0,0
52.0,11.2,27.8,14.6,1441.0,0
76.5,7.6,25.3,29.7,690.0,1
59.1,7.5,24.3,26.7,1444.0,0
71.1,9.5,26.1,31.9,892.0,1
52.8,1.1,33.4,25.9,2500.0,2
45.7,13.0,27.2,17.7,1397.0,0
49.4,12.2,27.2,17.9,990.0,0
48.0,0.3,28.0,6.6,1234.0,1
87.2,19.2,25.8,32.8,763.0,1
48.7,3.4,27.4,11.9,1641.0,0
57.2,5.1,26.8,20.7,2148.0,0
76.6,4.9,25.4,12.7,1352.0,1
58.5,2.4,25.4,17.1,486.0,1
68.4,5.1,23.6,23.2,1661.0,1
46.7,1.5,31.6,25.0,1426.0,2
25.6,10.0,26.9,25.6,1358.0,2
37.1,10.7,26.8,17.0,972.0,0
38.2,15.2,26.0,31.5,865.0,1
72.1,0.4,27.4,6.8,1612.0,1
48.0,2.1,22.8,20.6,973.0,1
35.6,13.2,27.4,24.1,1180.0,0
54.9,0.5,20.3,20.2,1243.0,2
56.0,0.2,31.2,29.8,1060.0,2
60.7,3.5,25.9,32.3,1408.0,0
61.0,17.4,30.1,26.0,1054.0,1
56.0,0.6,28.5,27.2,1174.0,1
72.6,11.2,28.9,24.1,1000.0,1
65.0,1.2,25.2,21.4,1540.0,0
37.7,6.4,25.7,30.8,659.0,0
32.9,1.3,25.8,10.3,1797.0,2
75.1,2.3,30.5,15.5,1243.0,2
53.7,2.7,27.4,17.7,1134.0,0
55.6,1.3,26.9,30.1,1906.0,0
64.3,31.4,26.4,20.5,1056.0,2
54.4,5.2,24.2,5.2,1442.0,0
41.0,3.9,26.6,27.2,1920.0,0
54.7,7.3,26.8,33.1,846.0,0
63.3,5.8,22.7,13.1,1225.0,1
44.5,1.9,26.3,16.0,1440.0,0
34.8,2.6,26.1,14.5,1330.0,2
44.3,16.9,27.3,29.3,1290.0,1
76.9,35.7,23.9,27.9,776.0,2
50.4,6.2,25.5,13.8,1342.0,0
49.6,3.9,23.9,33.6,1754.0,1
75.4,6.4,25.8,12.4,715.0,1
42.1,2.1,24.5,30.8,1265.0,0
33.5,0.3,24.6,24.2,1268.0,2
50.1,2.9,23.3,11.9,1666.0,1
58.6,2.4,26.0,17.1,796.0,0
43.7,7.8,28.3,6.6,908.0,1
62.9,5.5,24.5,16.5,1814.0,0
69.0,23.8,21.8,31.4,1758.0,2
16.2,2.0,24.1,16.6,1751.0,2
58.8,10.8,26.5,18.2,1290.0,0
59.5,50.0,28.8,29.3,762.0,2
50.5,8.2,26.1,26.0,1068.0,0
36.6,1.0,27.3,31.2,887.0,0
54.2,2.0,27.7,20.1,714.0,0
76.0,18.8,21.7,20.0,1689.0,1
66.5,12.9,31.2,30.8,1537.0,2
46.2,16.4,28.3,34.7,1066.0,1
59.7,9.6,30.4,28.3,1110.0,1
74.9,20.5,23.6,21.3,1524.0,1
78.0,3.2,29.3,30.3,1508.0,1
38.2,12.8,20.0,25.5,1267.0,2
86.1,16.4,28.3,13.8,1462.0,1
39.8,1.9,30.9,6.8,1187.0,1
45.0,2.6,26.0,23.7,1869.0,0
43.3,9.0,26.2,10.5,821.0,0
71.7,0.7,24.7,16.0,2233.0,1
40.4,0.2,27.0,24.8,1844.0,0
57.9,1.9,28.8,7.5,1362.0,1
29.0,9.3,23.8,9.7,1788.0,2
50.6,6.0,24.4,10.2,1137.0,0
61.5,0.5,18.0,8.6,1581.0,2
31.9,8.9,27.5,8.0,1407.0,2
40.9,1.5,27.1,29.2,2051.0,0
57.2,19.0,29.5,5.8,405.0,1
50.8,3.3,29.6,29.6,1239.0,1
66.7,4.7,27.7,19.1,1579.0,0
60.4,9.3,27.4,31.7,1627.0,0
64.9,17.5,28.7,9.6,1370.0,1
55.2,7.9,25.4,17.4,1238.0,0
63.9,1.0,28.2,26.7,1044.0,1
70.7,2.1,25.0,11.8,1881.0,1
40.1,3.2,26.5,19.7,1809.0,0
59.6,2.5,24.7,5.5,2337.0,0
55.5,3.8,29.7,32.7,1600.0,1
35.5,7.4,22.2,32.3,735.0,1
38.5,2.8,26.2,31.0,1534.0,0
49.6,2.9,29.6,19.2,1119.0,1
38.2,9.6,24.8,15.0,1610.0,0
56.9,4.3,29.9,17.4,878.0,1
65.2,0.9,32.3,22.3,1640.0,2
27.8,27.8,30.2,5.7,752.0,2
41.6,1.8,26.8,31.5,1388.0,0
53.1,0.5,22.2,19.4,361.0,1
54.7,12.6,23.3,31.8,833.0,1
62.1,1.0,24.1,7.4,627.0,0
55.3,10.5,26.3,19.5,509.0,0
49.3,12.1,25.4,25.2,1415.0,0
37.5,7.6,23.7,10.9,1328.0,1
68.8,8.2,26.6,6.1,986.0,1
78.5,2.1,22.4,32.0,1893.0,1
48.5,14.7,24.5,18.8,1348.0,1
49.6,9.4,30.3,9.7,558.0,1
59.8,1.8,22.3,6.3,1094.0,1
37.5,9.5,30.4,14.9,1304.0,1
57.4,0.4,22.6,22.1,1422.0,1
29.5,13.8,31.3,6.0,0.0,2
49.3,14.7,22.6,10.3,292.0,1
60.0,4.3,20.5,27.7,1484.0,2
61.5,15.6,29.4,29.8,1074.0,1
52.2,2.7,19.1,28.0,1661.0,2
64.6,10.8,25.2,30.8,749.0,0
48.5,1.7,26.8,23.3,1400.0,0
67.9,1.3,25.3,12.5,865.0,0
43.1,11.1,25.2,17.9,1139.0,0
61.6,5.1,22.9,34.7,1642.0,1
52.3,0.7,27.2,30.3,1335.0,0
41.3,6.2,27.7,14.6,1161.0,0
76.7,22.2,21.0,17.4,602.0,2
60.7,0.5,29.1,5.0,1750.0,1
64.6,7.5,27.9,13.1,1211.0,0
32.1,4.3,33.2,21.8,2267.0,2
37.7,15.5,29.0,23.7,1505.0,1
42.1,0.4,22.9,14.5,1640.0,1
52.6,0.9,24.6,32.8,1179.0,0
37.9,9.1,25.9,10.3,917.0,0
45.1,11.7,30.0,22.7,1507.0,1
61.8,5.7,26.5,22.2,1750.0,0
38.8,2.8,27.3,19.8,1745.0,0
54.0,3.8,24.0,29.2,893.0,1
55.5,7.7,26.1,20.6,1581.0,0
76.6,26.6,27.6,16.6,1223.0,2
49.1,4.6,25.7,26.4,1227.0,0
56.5,11.4,21.4,15.1,973.0,1
79.7,0.4,29.3,16.7,1759.0,1
37.1,24.4,31.6,12.5,634.0,2
54.4,2.4,23.0,6.4,1050.0,1
52.5,0.2,25.2,7.2,2445.0,0
65.6,2.9,27.2,28.4,692.0,0
60.5,1.8,20.3,21.5,951.0,2
53.8,1.0,29.9,20.3,2287.0,1
57.8,2.4,24.5,34.0,1995.0,0
49.8,2.9,26.4,6.4,723.0,0
63.8,4.0,28.0,25.0,1471.0,1
51.9,3.3,26.4,16.3,1104.0,0
50.7,5.0,27.3,23.8,929.0,0
57.8,0.9,23.8,13.0,1258.0,1
43.2,6.3,26.9,33.3,853.0,0
51.2,11.1,28.2,9.3,1407.0,1
52.6,3.1,24.9,24.4,1908.0,0
55.8,4.5,27.5,29.6,1016.0,0
81.4,23.7,26.4,26.4,977.0,2
51.6,1.0,27.6,24.8,771.0,0
45.1,1.4,19.0,21.5,1022.0,2
54.5,8.2,23.7,21.6,1092.0,1
54.1,2.7,31.4,25.8,1546.0,2
65.9,18.4,31.9,9.8,1219.0,2
83.1,0.4,17.8,9.8,1962.0,2
75.8,17.9,33.1,14.9,1198.0,2
66.2,4.5,20.3,27.9,1329.0,2
36.6,5.3,28.2,16.4,0.0,1
62.2,11.0,28.6,29.1,1289.0,1
84.7,17.1,27.5,28.3,721.0,1
48.4,2.0,28.6,9.5,2188.0,1
69.8,6.0,23.3,28.9,1871.0,1
58.8,17.9,26.6,11.0,1563.0,1
39.5,1.5,24.2,29.8,1546.0,0
60.3,3.8,32.4,29.3,926.0,2
58.8,0.3,22.4,23.8,1310.0,1
34.9,13.5,22.6,24.7,1493.0,2
78.6,15.2,24.8,24.8,784.0,1
59.1,7.0,29.1,8.6,888.0,1
41.3,25.5,23.9,19.1,889.0,2
55.0,9.6,27.6,11.1,779.0,0
41.1,6.1,24.5,29.2,1775.0,0
68.8,0.5,25.6,20.0,478.0,1
61.5,33.1,29.2,27.5,470.0,2
46.9,3.1,30.9,19.6,1063.0,1
48.6,15.7,25.0,30.3,0.0,1
42.0,18.6,27.9,22.0,1477.0,1
62.4,7.6,27.4,27.9,990.0,0
33.8,4.7,23.5,28.4,984.0,2
50.9,1.8,26.7,25.9,1624.0,0
62.3,17.3,26.8,9.7,1223.0,1
61.3,15.0,23.5,24.9,1383.0,1
50.2,5.5,28.2,21.4,1566.0,1
63.2,2.0,25.9,14.1,1033.0,0
58.6,8.9,26.9,30.9,627.0,0
84.5,8.9,28.0,34.6,1792.0,1
65.0,0.7,30.5,34.5,2084.0,1
82.0,0.0,26.9,30.5,803.0,1
59.0,0.2,23.5,31.0,1503.0,1
60.0,50.0,23.4,14.2,755.0,2
48.3,0.2,23.6,31.4,1620.0,1
31.6,0.5,25.6,23.8,537.0,2
54.3,6.4,23.0,33.0,372.0,1
63.5,3.0,21.0,8.2,1152.0,2
61.1,25.2,25.2,7.1,318.0,2
41.7,9.7,25.8,6.4,1321.0,0
41.5,2.4,24.5,22.4,1248.0,0
48.7,10.3,27.8,15.0,1627.0,0
54.9,0.1,22.4,16.4,944.0,1
54.2,8.8,23.6,30.1,771.0,1
53.2,0.3,27.7,5.8,1716.0,0
48.3,0.6,25.9,18.5,1048.0,0
66.5,5.1,23.5,25.9,811.0,1
71.5,2.8,24.8,20.7,560.0,1
75.1,8.5,23.3,10.0,1636.0,1
58.6,8.7,30.5,21.7,1055.0,1
56.0,5.3,23.1,34.7,1669.0,1
53.1,5.7,23.3,8.5,1092.0,1
64.8,2.3,26.7,17.4,1650.0,0
64.4,2.1,31.0,22.0,1494.0,1
74.9,9.8,19.7,10.2,834.0,2
35.9,7.1,22.5,16.5,1288.0,1
40.3,1.3,23.0,33.5,2058.0,1
56.2,21.5,23.9,32.6,1222.0,1
45.9,30.4,25.1,26.0,811.0,2
58.2,14.4,29.2,11.7,1681.0,1
56.8,18.2,23.9,29.0,892.0,1
61.3,0.4,22.7,25.8,1759.0,1
56.9,11.4,22.5,15.0,1526.0,1
57.0,1.6,25.8,10.6,1368.0,0
76.0,36.4,25.6,20.9,963.0,2
54.7,22.1,25.1,19.1,1204.0,2
43.1,4.6,25.3,28.0,1170.0,0
71.9,2.8,26.7,7.5,1770.0,1
70.4,6.6,24.3,16.2,1772.0,1
46.1,3.4,28.9,21.0,1539.0,1
56.1,12.3,28.9,20.7,1247.0,1
53.9,22.9,24.6,30.0,1261.0,2
60.9,4.4,17.5,5.8,1329.0,2
75.9,8.3,27.2,33.6,1929.0,1
50.3,0.7,26.6,30.3,1485.0,0
55.5,5.8,26.1,18.2,715.0,0
25.5,0.9,25.2,14.6,1829.0,2
46.1,1.8,29.2,20.6,2051.0,1
53.5,25.0,24.6,30.2,1648.0,2
51.1,43.7,23.0,22.0,660.0,2
65.6,2.7,31.0,31.5,1760.0,1
35.6,12.7,25.6,16.3,455.0,1
50.7,11.1,23.9,34.0,1111.0,1
46.4,2.0,22.0,25.6,1841.0,1
58.7,4.6,27.1,9.3,1816.0,0
50.9,0.7,26.1,20.7,650.0,0
61.6,4.7,31.3,26.7,1589.0,2
57.9,1.3,27.3,32.7,2389.0,0
63.4,11.2,21.7,27.9,1466.0,1
44.7,7.2,30.3,26.5,508.0,1
57.5,13.9,22.5,33.3,713.0,1
54.1,12.8,27.6,7.8,1227.0,0
64.1,13.3,21.8,28.3,1268.0,1
38.0,0.2,23.0,29.5,1775.0,1
57.0,13.1,26.1,5.6,1665.0,0
62.8,5.0,26.8,14.0,1357.0,0
39.5,7.3,27.7,27.1,1594.0,0
60.3,0.5,18.0,24.7,667.0,2
62.8,9.4,23.7,28.2,1316.0,1
44.8,8.1,23.4,28.5,906.0,1
58.9,35.3,24.8,20.9,954.0,2
59.0,4.2,25.1,20.2,1578.0,0
80.2,19.8,26.5,33.4,1157.0,1
63.9,15.5,33.0,30.6,879.0,2
40.8,6.2,21.1,14.7,829.0,1
61.9,0.0,25.8,9.2,1794.0,0
68.9,3.7,27.8,6.7,1269.0,1
58.3,2.8,28.3,26.8,1536.0,1
50.3,1.3,28.0,5.1,1381.0,0
75.1,2.8,21.2,17.9,1815.0,1
51.1,0.9,24.4,24.7,1376.0,0
65.6,2.2,25.9,33.9,984.0,0
64.3,4.7,24.7,19.2,1290.0,0
59.7,10.8,25.0,20.0,334.0,1
32.1,13.1,26.4,34.2,1073.0,2
40.4,3.0,26.1,28.5,2500.0,0
53.6,15.6,21.5,26.9,607.0,1
38.3,2.3,28.3,14.3,1234.0,1
70.1,0.5,27.8,16.0,1639.0,1
62.5,2.9,21.6,28.3,1529.0,1
60.0,2.3,31.8,7.0,1550.0,2
67.0,1.4,25.2,20.4,1451.0,0
49.5,2.0,27.1,15.8,417.0,1
56.5,0.1,27.9,10.2,1502.0,0
48.2,1.1,24.6,9.6,2021.0,0
53.0,2.1,27.1,8.2,1868.0,0
48.3,4.3,25.5,28.3,1931.0,0
44.6,10.9,25.5,20.4,1102.0,0
40.1,9.0,26.2,27.6,1197.0,0
57.3,15.0,24.9,20.3,1227.0,1
47.0,4.6,27.3,18.2,1610.0,0
38.3,13.1,24.0,25.6,792.0,1
71.5,15.0,34.3,17.0,888.0,2
60.6,3.3,25.2,12.2,1349.0,0
60.6,4.0,25.4,22.0,781.0,0
47.1,10.7,29.8,22.9,1081.0,1
51.2,7.2,24.1,19.1,723.0,0
77.7,24.4,24.3,34.0,1157.0,2
49.7,2.2,23.6,8.8,1363.0,1
60.8,2.6,24.3,15.7,1463.0,0
45.1,1.2,22.7,29.0,786.0,1
58.3,5.9,29.1,7.4,1698.0,1
58.6,8.3,26.4,14.3,209.0,1
56.0,15.0,26.5,15.0,913.0,1
48.4,10.5,26.1,15.0,1106.0,0
70.9,18.8,24.6,25.0,1670.0,1
59.7,4.9,28.0,29.5,1421.0,0
55.0,10.1,25.2,5.9,1357.0,0
54.2,4.9,27.0,7.7,2026.0,0
45.3,8.0,26.7,20.8,1565.0,0
64.1,10.0,24.8,19.3,781.0,0
49.2,5.3,28.8,35.0,704.0,1
49.6,3.2,27.6,23.2,846.0,0
58.6,0.3,25.2,32.9,2046.0,0
57.8,13.0,20.8,11.5,1507.0,2
61.1,6.3,21.8,21.9,1795.0,1
50.3,20.2,28.8,27.5,1829.0,1
36.0,7.9,28.6,28.1,1295.0,1
48.3,2.5,28.4,32.0,1224.0,1
34.9,4.6,25.7,24.8,1269.0,2
69.5,6.9,19.7,26.7,1534.0,2
43.0,3.3,26.3,27.9,674.0,0
61.2,17.0,24.3,15.9,682.0,1
45.7,11.0,16.1,31.4,924.0,2
54.6,14.3,25.2,9.2,1046.0,1
55.1,2.5,32.2,18.2,2121.0,2
61.0,12.3,20.7,21.5,1529.0,2
66.0,12.3,21.1,15.7,860.0,1
63.2,9.0,27.5,22.7,849.0,0
59.6,0.8,26.1,11.3,2427.0,0
24.2,15.6,24.3,20.8,1324.0,2
45.8,38.5,26.2,26.0,917.0,2
71.8,3.8,31.0,25.2,1416.0,1
37.2,3.5,29.2,17.4,1433.0,1
65.5,6.8,28.7,23.7,1003.0,1
54.0,11.6,26.1,34.9,1420.0,0
63.7,21.9,32.6,10.3,996.0,2
34.8,9.0,22.5,11.5,733.0,2
65.7,5.6,29.2,16.2,666.0,1
74.7,3.5,24.1,26.5,1996.0,1
61.9,2.6,25.7,20.6,1564.0,0
78.2,4.7,26.0,22.3,385.0,1
68.2,10.8,27.0,26.5,1598.0,1
48.9,2.6,29.5,15.5,934.0,1
51.0,9.7,24.3,9.4,718.0,0
49.1,5.6,25.8,33.7,794.0,0
47.1,14.9,23.7,16.5,1041.0,1
34.5,1.1,25.5,6.9,1762.0,2
49.1,3.1,21.6,16.4,1159.0,1
35.0,0.1,23.3,32.0,1789.0,2
76.7,2.5,26.8,22.6,1681.0,1
49.4,19.2,24.9,6.7,752.0,1
65.9,0.7,26.5,14.3,1989.0,0
55.6,7.7,28.0,17.4,939.0,1
50.4,27.3,19.5,19.9,309.0,2
41.9,8.8,26.7,24.9,551.0,0
30.6,21.0,27.2,29.7,2141.0,2
52.3,5.7,26.9,21.4,1037.0,0
54.6,39.3,22.0,13.6,832.0,2
39.2,3.3,27.5,17.8,1842.0,0
61.2,14.3,24.6,25.9,1104.0,1
59.7,2.3,23.8,34.4,907.0,1
52.4,2.1,23.1,31.3,1914.0,1
59.9,2.1,28.6,34.2,1134.0,1
59.0,5.7,24.3,21.0,1429.0,0
59.9,13.3,28.9,13.2,607.0,1
55.7,23.1,22.6,34.2,621.0,2
43.4,12.6,28.4,13.9,1109.0,1
61.1,0.4,28.7,13.7,1041.0,1
56.1,7.6,29.2,18.5,624.0,1
71.1,25.2,22.5,25.8,1045.0,2
75.1,8.1,28.1,25.8,1063.0,1
58.9,0.3,26.4,15.7,1601.0,0
54.7,33.9,27.3,7.2,0.0,2
36.0,25.6,22.0,31.1,1417.0,2
39.8,1.2,30.7,21.7,658.0,1
63.1,17.6,23.4,17.4,454.0,1
49.7,6.7,25.0,9.7,1031.0,0
51.8,0.1,28.4,34.4,960.0,1
55.6,19.2,32.2,29.2,715.0,2
57.4,0.4,23.6,7.3,1215.0,1
53.0,0.0,27.1,26.3,900.0,0
63.6,2.6,22.6,32.3,1765.0,1
63.0,19.9,27.3,21.1,1557.0,1
52.4,12.2,24.2,28.9,952.0,0
52.4,7.0,29.3,19.7,1672.0,1
60.8,4.2,27.0,6.6,1003.0,0
64.6,4.2,26.4,32.3,879.0,0
49.6,29.2,28.7,30.3,556.0,2
44.3,0.4,25.7,22.8,1014.0,0
47.3,2.0,23.5,32.9,1495.0,1
51.5,11.9,18.2,13.3,1381.0,2
36.2,12.5,22.4,34.5,1493.0,1
51.0,14.7,25.8,15.8,1459.0,1
43.6,1.2,23.8,31.7,934.0,1
68.7,4.1,25.1,20.4,1483.0,1
39.5,16.6,25.7,23.9,1430.0,1
53.8,33.8,26.7,13.5,420.0,2
52.4,5.2,25.5,16.7,1082.0,0
63.2,3.4,21.6,12.1,1918.0,1
61.7,6.4,25.0,19.1,1300.0,0
62.1,6.5,20.4,13.8,1647.0,2
75.6,11.6,27.0,13.9,613.0,1
53.6,16.2,25.4,16.6,812.0,1
56.1,13.5,23.7,34.1,1593.0,1
78.5,11.0,31.4,13.3,2289.0,2
59.7,1.5,27.4,12.6,1392.0,0
69.1,8.6,29.2,20.2,894.0,1
53.1,11.7,24.6,12.7,856.0,0
37.3,7.1,25.8,10.7,2003.0,0
64.1,0.8,20.4,17.0,944.0,2
52.4,2.0,24.6,12.5,1854.0,0
61.0,7.1,18.1,18.9,1934.0,2
45.3,8.5,24.9,8.5,1392.0,0
43.6,2.1,23.8,7.5,686.0,1
52.7,38.9,26.3,23.6,747.0,2
42.3,18.9,19.6,28.2,649.0,2
68.0,4.8,28.5,26.2,1632.0,1
47.5,0.1,32.0,17.2,1397.0,2
61.5,6.0,25.0,6.5,924.0,0
58.8,13.5,29.7,22.2,1052.0,1
66.1,0.0,27.9,5.1,412.0,1
42.2,0.5,23.2,8.5,1740.0,1
59.5,5.4,23.9,18.1,2448.0,1
57.6,0.9,28.8,31.6,1070.0,1
48.7,3.5,25.8,29.8,1498.0,0
43.4,15.8,27.3,30.4,1102.0,1
49.2,4.3,28.8,15.4,2270.0,1
32.4,7.0,23.6,8.9,943.0,2
55.5,0.3,22.3,10.2,986.0,1
39.8,11.5,25.2,6.9,1210.0,0
56.0,0.4,24.0,19.0,1053.0,0
61.7,2.5,21.8,31.9,595.0,1
55.3,2.8,24.8,29.8,1633.0,0
66.6,7.1,24.5,8.8,1148.0,0
64.8,0.0,28.0,33.1,863.0,0
58.5,37.3,21.7,17.2,606.0,2
40.4,0.3,23.4,33.6,2220.0,1
47.4,20.8,28.8,6.5,1609.0,1
76.8,6.6,26.1,8.2,1127.0,1
70.2,10.1,23.3,18.3,672.0,1
59.1,12.0,23.4,29.9,1507.0,1
43.3,6.5,26.5,27.9,576.0,0
53.3,12.5,27.0,17.7,1251.0,0
58.0,3.4,29.2,27.9,542.0,1
45.8,17.0,28.4,34.5,1091.0,1
45.0,3.0,26.8,28.7,1533.0,0
73.1,5.8,24.1,13.0,1252.0,1
71.0,18.1,25.4,7.3,163.0,1
57.5,8.7,24.7,24.8,1865.0,0
66.3,2.1,27.9,13.0,1734.0,0
55.1,7.2,22.4,16.1,119.0,1
49.2,2.4,21.2,24.8,1201.0,1
58.3,1.2,23.6,24.0,1569.0,1
48.5,22.2,27.4,21.7,1098.0,2
52.2,1.2,24.6,21.6,1528.0,0
70.7,15.9,30.7,12.2,1561.0,1
46.5,16.5,29.7,12.8,761.0,1
31.4,2.3,23.3,34.4,1197.0,2
72.1,2.9,25.2,15.0,798.0,1
49.5,11.9,29.5,14.5,530.0,1
43.6,6.8,21.6,17.2,1081.0,1
33.2,7.9,27.0,14.6,1521.0,2
88.1,19.1,24.3,11.1,1092.0,1
63.2,5.0,27.1,18.6,1011.0,0
55.9,6.1,25.5,19.1,172.0,1
48.6,30.0,23.5,20.2,1214.0,2
66.5,5.9,22.6,16.5,887.0,1
55.9,7.9,25.2,25.2,1127.0,0
58.8,43.5,25.9,11.6,659.0,2
46.6,7.2,24.7,34.4,192.0,1
48.3,3.3,24.0,17.4,821.0,0
59.0,19.2,28.4,13.6,729.0,1
67.8,4.1,26.8,16.0,1416.0,0
43.6,1.0,28.9,17.0,905.0,1
37.2,1.1,22.9,12.7,1017.0,1
40.9,10.9,26.2,13.6,1808.0,0
56.0,1.9,22.7,26.3,884.0,1
76.4,3.8,22.6,20.3,1431.0,1
67.5,9.6,18.2,6.1,1189.0,2
48.2,21.9,27.5,31.7,1208.0,1
19.4,11.6,26.1,30.0,1203.0,2
73.1,4.1,26.9,7.0,1434.0,1
59.5,5.1,20.0,15.3,1185.0,2
51.2,3.3,25.4,23.0,1170.0,0
68.9,1.0,27.0,26.2,1275.0,1
37.5,4.5,23.2,16.0,273.0,1
49.1,22.7,25.7,28.7,1337.0,2
55.4,3.6,30.7,16.0,549.0,1
72.4,8.0,26.0,33.9,2035.0,1
45.2,9.9,24.4,20.5,2032.0,0
68.3,0.1,26.7,16.4,1205.0,1
62.5,3.5,29.0,22.6,1722.0,1
53.1,9.5,29.2,16.8,1926.0,1
65.3,0.3,27.8,31.2,1487.0,0
49.7,36.6,28.7,12.5,1020.0,2
33.1,13.4,25.9,15.9,1615.0,2
40.4,32.2,29.6,19.1,882.0,2
57.5,0.6,22.5,17.1,1127.0,1
67.3,7.0,24.9,19.8,746.0,0
48.5,0.6,26.0,26.7,1069.0,0
55.6,1.2,28.7,16.9,1762.0,1
46.5,9.4,21.1,21.0,1188.0,1
75.3,11.5,26.5,29.4,1216.0,1
58.1,12.6,22.2,23.0,1047.0,1
36.4,0.5,23.9,23.2,2161.0,1
37.1,0.6,29.0,11.5,1014.0,1
66.9,10.5,23.7,10.2,1186.0,1
33.6,2.2,21.1,19.7,1677.0,2
50.1,16.9,25.8,10.2,807.0,1
40.4,14.0,23.6,14.0,601.0,1
66.5,16.1,25.0,14.6,944.0,1
52.3,3.0,22.8,22.0,2357.0,1
65.2,1.0,31.5,16.4,665.0,2
56.0,5.9,28.2,25.8,1808.0,1
57.7,12.8,21.5,11.3,1321.0,1
70.7,10.3,25.1,29.8,1890.0,1
63.9,1.0,31.0,12.9,1066.0,1
43.7,18.4,26.1,8.3,1112.0,1
70.9,4.4,30.1,17.1,1209.0,1
39.8,7.2,20.7,12.9,953.0,2
49.9,2.9,29.5,29.7,1426.0,1
49.1,0.6,25.9,13.4,1455.0,0
68.7,9.5,22.5,21.1,1535.0,1
62.1,17.1,28.8,16.4,1007.0,1
54.2,19.8,22.1,21.1,1028.0,1
69.4,0.6,24.8,8.6,664.0,1
53.4,8.9,25.9,25.9,1387.0,0
61.2,11.8,28.8,30.8,549.0,1
41.6,16.1,27.4,9.5,2046.0,1
47.2,6.0,28.4,19.0,1760.0,1
41.9,2.3,28.2,29.6,1395.0,1
75.4,3.4,25.4,34.9,1378.0,1
60.9,2.3,25.6,25.9,789.0,0
46.8,3.2,25.7,20.7,1787.0,0
52.9,3.9,26.8,23.1,1094.0,0
54.9,11.4,27.7,24.9,1031.0,0
58.8,6.2,28.3,25.1,443.0,1
56.6,1.7,26.3,19.1,2352.0,0
71.1,8.0,30.4,34.1,699.0,1
48.7,2.9,26.3,9.5,641.0,0
78.6,4.9,29.0,28.9,1277.0,1
39.4,17.8,25.7,28.1,629.0,1
60.5,10.7,23.7,25.1,1094.0,1
46.7,4.8,24.2,7.3,1379.0,0
57.7,1.1,28.0,31.8,829.0,1
55.3,6.6,20.5,18.4,1342.0,2
59.6,5.5,25.4,24.2,1020.0,0
47.9,7.0,23.4,17.7,2224.0,1
38.4,4.5,27.3,20.1,2323.0,0
41.4,7.4,23.2,18.5,1543.0,1
58.7,8.5,23.1,17.5,1476.0,1
66.3,14.8,28.5,24.5,1125.0,1
65.8,10.7,26.0,12.0,1108.0,0
71.5,7.0,27.0,32.1,1992.0,1
73.3,28.2,27.6,19.1,1276.0,2
90.5,7.4,27.3,24.9,1755.0,1
46.2,3.9,19.9,12.2,1396.0,2
41.7,8.8,21.9,17.8,1052.0,1
48.6,4.7,22.4,11.8,1371.0,1
58.8,4.3,23.6,6.7,900.0,1
55.6,3.3,23.9,25.5,1463.0,1
65.4,50.0,24.0,28.7,501.0,2
75.6,10.5,28.0,12.8,1051.0,1
60.3,1.0,25.4,31.4,673.0,0
49.2,1.0,23.6,9.4,1853.0,1
56.8,0.4,25.7,9.7,1998.0,0
54.6,5.1,30.8,23.6,1706.0,1
81.2,1.9,24.3,5.1,1195.0,1
62.8,2.0,26.0,26.1,1811.0,0
46.3,8.0,29.2,18.8,350.0,1
38.3,4.5,28.1,16.4,423.0,1
56.7,12.1,28.8,13.4,1654.0,1
39.6,5.7,28.7,10.7,1742.0,1
57.6,3.1,29.7,5.7,1321.0,1
63.0,8.2,26.7,21.3,1244.0,0
44.2,5.0,25.4,19.4,999.0,0
56.2,6.9,21.8,10.5,630.0,1
34.0,39.7,25.0,10.3,198.0,2
55.1,7.7,30.4,31.2,1603.0,1
55.5,12.9,24.5,20.6,992.0,0
80.0,8.3,25.4,25.0,577.0,1
52.9,2.9,29.4,30.7,1657.0,1
48.3,0.3,27.2,19.6,1278.0,0
64.7,8.8,30.3,8.0,1084.0,1
29.8,5.4,28.1,7.7,1653.0,2
54.0,30.5,24.6,17.3,805.0,2
38.3,1.6,25.7,22.2,1238.0,0
66.2,7.1,25.2,9.1,1565.0,0
45.8,0.9,23.2,8.7,546.0,1
59.4,7.1,27.3,26.2,1210.0,0
56.1,1.3,25.6,12.9,1105.0,0
52.6,10.0,29.8,15.0,1874.0,1
63.3,9.9,22.1,26.8,1495.0,1
58.4,22.9,30.6,28.7,1063.0,2
51.4,23.6,21.2,8.6,676.0,2
43.3,1.0,27.2,32.9,2247.0,0
66.9,24.5,26.7,19.3,115.0,2
50.9,4.9,21.9,12.8,2111.0,1
40.1,17.0,27.2,18.6,743.0,1
37.1,11.0,20.6,26.9,1439.0,2
36.9,18.1,29.3,10.4,863.0,1
53.6,19.6,24.4,24.3,846.0,1
76.9,15.9,27.9,16.1,1581.0,1
44.6,9.9,31.1,18.3,1541.0,2
70.5,34.8,28.3,34.8,1035.0,2
69.5,6.6,24.8,18.8,622.0,1
70.3,6.7,28.4,34.1,1187.0,1
72.1,4.4,28.7,33.8,1065.0,1
55.3,12.7,28.9,25.2,1634.0,1
49.0,15.4,28.1,15.9,1960.0,1
57.8,3.7,21.9,19.2,1952.0,1
57.8,12.5,28.3,15.7,0.0,1
73.7,1.2,23.5,10.5,1586.0,1
68.3,8.8,20.6,34.4,0.0,2
46.0,2.2,29.0,18.5,1120.0,1
45.3,4.1,23.5,9.9,964.0,1
60.5,26.7,31.4,14.2,1183.0,2
42.6,3.8,27.6,21.1,1583.0,0
62.1,17.7,24.7,31.8,484.0,1
42.6,3.0,22.0,16.8,1218.0,1
51.1,0.4,22.4,23.3,1075.0,1
37.0,5.5,25.3,7.0,1677.0,0
59.0,17.7,25.5,16.8,226.0,1
41.3,15.9,25.7,15.4,744.0,1
41.2,29.8,22.1,14.7,505.0,2
54.4,50.0,23.5,12.0,557.0,2
45.7,3.7,28.4,24.5,1696.0,1
27.5,1.8,25.2,15.6,1748.0,2
52.2,7.6,23.1,7.0,1021.0,1
49.0,23.1,25.5,10.8,611.0,2
52.4,11.9,25.2,34.8,301.0,1
50.9,17.3,26.9,27.0,598.0,1
70.4,4.6,23.2,33.2,1792.0,1
41.9,5.3,27.4,11.8,1587.0,0
40.4,1.9,24.5,23.9,1728.0,0
78.7,21.4,22.0,28.5,510.0,1
56.8,6.1,28.3,33.9,1026.0,1
51.9,10.3,28.1,18.6,1138.0,1
60.2,19.2,26.1,27.0,1177.0,1
57.9,17.2,26.5,27.8,625.0,1
43.0,5.0,23.0,30.2,1820.0,1
35.8,4.2,23.8,6.2,1150.0,1
54.0,4.8,28.7,32.3,1432.0,1
44.5,0.3,24.7,5.1,2345.0,0
41.9,1.8,27.4,11.4,755.0,0
36.6,0.1,29.6,34.5,2028.0,1
56.9,0.7,22.4,14.9,2042.0,1
53.3,5.9,31.0,14.6,760.0,2
61.3,0.3,24.7,33.4,1363.0,0
56.5,19.7,28.9,31.1,1189.0,1
56.2,13.7,27.6,25.6,1253.0,0
71.3,7.2,28.1,18.1,1705.0,1
38.4,13.7,28.5,20.7,1664.0,1
64.6,13.4,31.0,6.6,1718.0,2
61.4,3.8,22.7,32.1,1044.0,1
52.1,8.3,23.2,7.5,997.0,1
53.3,3.4,31.4,21.3,1500.0,2
52.7,10.4,25.5,21.9,1244.0,0
51.8,9.8,26.8,22.6,1158.0,0
67.0,11.6,26.8,9.6,1745.0,0
59.4,7.5,24.9,20.5,1447.0,0
61.8,3.2,29.6,18.7,1885.0,1
47.2,3.5,31.2,26.9,2078.0,2
50.3,5.3,31.1,28.6,1350.0,2
43.4,9.9,25.2,7.3,1558.0,0
47.2,10.0,24.7,25.2,1016.0,0
47.2,6.8,27.2,15.5,906.0,0
72.7,0.3,24.0,17.8,1440.0,1
76.6,4.0,27.4,18.0,561.0,1
47.2,1.8,28.4,28.3,536.0,1
43.3,6.6,25.5,7.3,1198.0,0
42.5,4.6,26.2,21.4,1657.0,0
45.0,4.7,25.0,27.6,2453.0,0
43.2,3.5,19.7,12.4,1348.0,2
16.0,0.8,25.2,32.1,1461.0,2
58.7,4.5,24.7,5.6,948.0,0
65.8,4.1,27.1,11.3,1524.0,0
38.7,0.5,23.4,34.7,1272.0,1
63.2,0.8,21.8,31.5,1540.0,1
48.2,21.4,25.1,10.6,604.0,1
71.0,5.5,25.5,16.4,1818.0,1
57.1,2.5,29.7,11.4,1908.0,1
53.0,13.8,27.0,29.9,1205.0,0
61.6,3.3,29.6,27.5,2500.0,1
81.3,46.0,24.7,26.5,182.0,2
45.0,5.7,30.5,22.2,755.0,1
55.1,16.4,27.8,27.7,968.0,1
34.4,1.8,23.6,21.2,1067.0,2
50.2,10.9,25.5,13.9,1161.0,0
46.1,3.2,25.3,24.9,326.0,1
43.2,23.4,23.1,19.0,1311.0,2
50.5,2.3,23.1,10.5,656.0,1
62.8,23.4,23.2,5.4,679.0,2
52.4,36.4,29.7,10.4,740.0,2
55.4,8.8,27.6,15.5,920.0,0
55.5,5.7,24.4,16.7,1508.0,0
63.5,6.3,30.8,11.1,1206.0,1
62.6,6.5,24.3,33.5,414.0,1
37.4,5.8,27.7,31.1,1247.0,0
50.8,0.2,22.2,30.0,1976.0,1
65.9,7.3,24.1,19.5,1080.0,0
58.8,5.1,26.9,15.4,1462.0,0
42.2,0.3,21.7,7.9,1916.0,1
52.4,0.9,25.6,11.3,876.0,0
29.6,2.7,21.2,32.5,338.0,2
51.8,9.0,29.0,17.8,473.0,1
60.7,2.4,27.8,9.5,774.0,0
61.7,20.7,23.7,23.2,364.0,1
51.8,10.4,24.6,21.3,913.0,0
56.8,1.4,26.6,16.2,1285.0,0
63.7,4.5,21.7,32.7,1242.0,1
70.6,2.6,30.3,11.6,613.0,1
51.9,36.0,21.7,11.5,463.0,2
45.5,26.2,28.3,21.6,394.0,2
40.7,14.7,23.6,26.6,907.0,1
59.6,4.9,22.2,9.9,997.0,1
60.5,0.6,26.1,26.6,1547.0,0
50.0,10.5,29.4,7.5,1430.0,1
75.3,9.2,25.8,18.6,680.0,1
52.5,2.5,24.9,33.9,1196.0,0
54.5,6.7,29.0,17.4,1127.0,1
27.6,5.2,23.6,6.1,985.0,2
56.2,1.0,25.6,5.6,1302.0,0
58.9,2.6,27.9,12.6,1757.0,0
77.4,12.7,29.5,11.3,2404.0,1
48.6,16.8,30.1,11.4,932.0,1
78.5,0.9,31.5,22.2,1542.0,2
55.3,16.8,20.4,21.7,1707.0,2
36.2,4.1,24.9,34.4,423.0,1
54.5,2.0,27.6,34.2,951.0,0
68.0,0.6,29.4,26.6,1846.0,1
69.2,17.1,22.2,6.6,767.0,1
56.3,1.6,22.1,11.8,657.0,1
60.9,6.0,23.0,13.9,2403.0,1
56.4,20.7,25.3,32.9,1293.0,1
54.8,0.7,20.6,29.0,533.0,2
52.4,10.0,24.9,18.6,1919.0,0
48.1,5.2,34.0,28.0,1638.0,2
63.8,31.5,25.7,17.0,1161.0,2
91.8,2.3,24.2,21.5,1040.0,1
60.1,7.0,26.6,12.8,479.0,1
42.8,4.9,28.7,12.6,1107.0,1
65.9,1.9,22.2,33.5,1326.0,1
54.6,12.9,29.7,9.6,948.0,1
68.6,4.0,24.9,16.9,566.0,1
49.3,5.6,22.4,32.2,708.0,1
37.4,17.6,23.7,33.8,821.0,1
76.9,0.6,23.7,34.2,1571.0,1
27.4,5.8,25.6,17.4,1046.0,2
62.6,15.3,25.8,17.3,1397.0,1
61.9,18.0,26.3,9.8,1654.0,1
73.5,36.7,23.2,34.8,853.0,2
59.1,5.0,27.5,15.0,347.0,1
59.2,14.0,26.7,34.6,1072.0,0
62.9,7.3,26.6,27.0,1235.0,0
62.7,4.8,26.1,7.9,1772.0,0
30.2,12.8,26.5,23.4,1462.0,2
62.9,6.6,24.7,25.7,1170.0,0
45.3,8.9,28.4,28.5,2169.0,1
49.9,2.0,24.8,30.0,847.0,0
70.2,10.7,27.3,10.3,1300.0,1
50.3,25.6,23.9,16.0,2306.0,2
59.8,3.5,34.7,13.6,1549.0,2
61.5,16.1,26.0,10.5,397.0,1
62.6,8.3,23.2,27.4,540.0,1
82.2,0.5,29.3,5.2,958.0,1
55.2,1.2,33.4,14.4,877.0,2
70.8,1.9,30.2,21.4,1048.0,1
67.1,1.1,21.4,29.6,1903.0,1
65.6,7.2,20.7,15.1,999.0,2
46.1,9.9,28.3,10.9,1731.0,1
45.1,0.5,27.5,9.9,1056.0,0
81.0,5.3,27.5,32.5,1167.0,1
45.3,19.2,31.1,9.9,664.0,2
47.1,10.0,29.2,27.5,1184.0,1
85.4,6.8,28.1,33.8,1539.0,1
83.0,3.8,29.8,8.1,1458.0,1
58.1,0.3,21.9,13.8,1831.0,1
44.6,5.8,21.0,16.1,1402.0,1
31.1,1.7,25.1,25.0,1207.0,2
44.9,1.3,24.6,8.1,2096.0,0
42.8,7.0,23.6,5.1,1157.0,1
73.9,3.8,23.3,13.9,1752.0,1
65.9,13.3,23.7,14.9,1388.0,1
58.0,6.9,25.7,12.9,1769.0,0
48.6,0.4,31.6,6.6,1297.0,2
52.1,8.1,33.8,5.1,1237.0,2
75.1,3.3,25.8,24.4,481.0,1
64.7,1.0,25.5,28.0,1778.0,0
62.1,1.5,18.2,17.0,2205.0,2
46.2,0.7,24.8,14.8,1910.0,0
70.6,4.8,30.5,21.7,1676.0,1
72.2,14.5,26.5,13.6,1747.0,1
72.6,2.0,29.0,9.4,1225.0,1
59.3,21.2,20.4,30.5,1540.0,2
60.7,1.8,22.9,18.2,1396.0,1
47.4,5.5,30.2,34.8,1478.0,1
66.2,2.5,28.1,31.7,1237.0,1
53.6,0.4,28.5,22.6,1882.0,1
57.6,2.0,23.9,32.0,947.0,1
36.4,25.1,26.5,6.6,1156.0,2
42.5,13.6,19.2,23.9,1162.0,2
50.5,4.8,26.3,29.5,1206.0,0
67.8,39.8,23.8,32.9,697.0,2
63.3,8.7,31.8,15.5,1078.0,2
63.6,4.8,23.5,9.3,1780.0,1
56.8,1.5,20.8,5.8,1068.0,2
34.8,22.1,23.3,14.0,1103.0,2
57.6,40.3,24.2,22.9,0.0,2
47.4,0.2,32.4,27.8,1028.0,2
51.9,32.1,26.3,14.6,545.0,2
64.7,0.6,23.4,13.0,1167.0,1
37.8,8.9,25.9,25.4,1322.0,0
43.0,11.5,25.8,22.1,1270.0,0
69.8,11.9,28.5,7.5,2114.0,1
51.3,5.4,23.4,32.4,1764.0,1
58.0,3.9,27.9,20.8,1484.0,0
49.3,2.4,32.2,33.1,1670.0,2
71.5,2.1,24.7,8.0,329.0,1
52.0,2.2,25.7,26.1,920.0,0
59.1,1.5,22.4,26.7,2500.0,1
38.3,2.6,26.8,31.6,1704.0,0
68.9,8.4,23.3,13.9,1223.0,1
67.1,7.4,25.8,30.8,1140.0,0
32.7,4.2,26.8,30.1,907.0,2
57.4,0.6,19.3,11.2,1640.0,2
62.8,6.5,27.6,19.9,1723.0,0
47.4,10.6,23.2,12.8,1402.0,1
41.9,15.6,29.7,28.2,1084.0,1
46.1,0.8,29.0,20.1,1379.0,1
65.3,12.1,25.6,31.2,1017.0,0
76.8,22.8,27.2,32.5,1151.0,2
62.6,7.9,20.5,13.4,577.0,2
73.5,3.4,23.0,7.8,1517.0,1
35.9,4.5,26.6,19.0,1328.0,0
37.8,5.0,23.2,21.4,1819.0,1
45.2,2.6,23.6,12.2,1206.0,1
41.6,22.5,25.0,13.0,1522.0,2
63.9,7.0,32.9,27.1,582.0,2
52.0,1.6,25.6,21.6,674.0,0
50.5,0.4,20.8,32.1,1341.0,2
46.6,2.4,29.1,21.1,1918.0,1
59.6,50.0,26.8,8.5,487.0,2
57.7,17.6,26.5,14.9,2095.0,1
53.0,1.8,30.9,23.1,551.0,1
43.4,4.3,32.4,30.8,2250.0,2
62.4,4.9,26.8,16.4,1838.0,0
49.4,1.5,22.5,14.7,1430.0,1
47.9,9.6,21.8,30.0,1250.0,1
61.9,3.8,30.0,21.2,865.0,1
34.4,0.5,27.8,34.8,1967.0,2
61.5,3.0,24.1,29.2,2457.0,0
41.7,4.7,32.0,32.0,1713.0,2
75.5,17.0,29.2,27.6,433.0,1
39.2,0.5,27.1,13.9,1892.0,0
50.9,0.0,25.7,30.0,1218.0,0
57.6,1.1,30.5,7.2,1359.0,1
56.5,7.3,19.4,25.0,1564.0,2
60.0,0.1,26.9,34.3,1793.0,0
47.0,38.5,28.5,25.1,914.0,2
61.7,8.2,29.0,8.0,1590.0,1
64.0,0.6,27.0,25.9,2051.0,0
60.3,3.1,24.2,35.0,1290.0,0
54.8,32.4,24.8,9.5,0.0,2
48.4,22.2,26.0,25.4,773.0,2
85.4,3.0,26.2,11.9,1399.0,1
74.6,1.0,28.7,16.1,1171.0,1
33.8,8.0,25.6,16.4,1070.0,2
74.4,4.1,31.3,19.7,1653.0,2
58.5,11.0,29.9,10.4,1184.0,1
53.8,2.9,29.8,17.1,1261.0,1
50.3,0.2,25.1,26.4,1435.0,0
40.2,13.6,27.1,18.9,1351.0,0
50.1,14.0,26.3,30.0,1460.0,0
64.8,3.0,18.5,32.6,1706.0,2
55.6,4.3,28.5,20.5,2072.0,1
52.8,5.1,26.6,15.7,1107.0,0
52.7,6.5,23.7,16.3,2011.0,1
61.1,4.0,26.8,16.1,1197.0,0
56.4,14.5,26.7,11.1,892.0,1
53.6,19.5,25.5,32.0,1190.0,1
29.1,16.8,32.9,27.7,835.0,2
71.0,0.9,26.3,29.0,1870.0,1
56.5,4.1,25.3,26.6,1287.0,0
61.2,29.2,34.6,23.6,776.0,2
67.4,1.4,27.6,32.7,1478.0,0
88.9,9.4,23.3,30.5,2018.0,1
62.4,17.7,24.8,11.8,1044.0,1
33.5,4.7,17.9,34.6,1569.0,2
58.6,5.4,23.9,12.9,1040.0,1
66.2,1.9,23.5,26.0,1196.0,1
49.7,7.6,23.6,15.7,1943.0,1
70.1,11.4,21.1,27.5,1744.0,1
59.7,7.8,22.4,29.3,1708.0,1
62.2,15.4,28.9,30.9,1107.0,1
50.6,10.8,24.1,11.4,1433.0,0
34.9,1.6,22.8,16.3,1451.0,2
40.5,21.2,25.2,5.2,1027.0,1
56.5,26.4,26.4,29.2,344.0,2
65.5,2.0,26.3,28.7,1446.0,0
57.6,17.5,24.1,30.6,1962.0,1
43.6,2.0,25.2,13.3,1785.0,0
61.4,0.9,29.6,11.2,1020.0,1
44.0,21.8,23.0,19.0,890.0,1
54.5,4.1,32.4,29.5,890.0,2
40.5,11.7,26.6,32.4,415.0,1
56.1,10.5,26.6,19.8,159.0,1
42.3,23.0,27.9,31.0,1177.0,2
51.4,6.0,24.5,11.0,1665.0,0
62.9,4.1,21.9,18.6,1662.0,1
52.5,13.1,24.2,19.8,1132.0,0
48.9,10.3,28.5,8.4,924.0,1
62.2,12.5,28.8,6.8,1766.0,1
62.2,6.9,25.5,6.9,1698.0,0
63.0,2.7,30.6,26.5,2210.0,1
68.8,6.3,27.6,13.3,648.0,1
63.5,2.2,26.7,5.5,1786.0,0
37.5,0.9,26.9,16.2,711.0,0
64.3,5.9,28.6,29.9,1780.0,1
34.5,2.4,30.3,6.6,1455.0,2
57.6,9.1,27.5,12.7,1220.0,0
58.4,3.5,24.8,6.2,2396.0,0
62.0,4.3,26.6,19.5,1147.0,0
65.3,29.5,33.0,22.0,1067.0,2
68.5,6.4,27.1,21.2,2000.0,1
44.8,29.7,28.8,17.9,939.0,2
49.5,3.5,23.3,9.4,1445.0,1
62.1,13.8,21.6,8.3,1057.0,1
45.1,0.5,25.2,34.9,1417.0,0
56.0,8.2,21.9,21.9,1503.0,1
41.7,2.7,26.0,23.0,933.0,0
57.1,6.0,27.2,33.2,2149.0,0
43.3,5.5,23.9,28.5,1345.0,1
51.9,5.3,22.3,22.9,1639.0,1
64.9,17.7,25.4,13.6,1614.0,1
69.1,6.7,26.2,27.5,1281.0,1
61.8,5.0,30.3,28.0,548.0,1
59.3,11.8,24.5,30.2,1912.0,0
51.2,7.1,24.2,8.0,1147.0,0
58.9,7.7,23.3,21.4,709.0,1
52.7,3.2,23.0,6.1,517.0,1
37.7,13.3,21.7,19.7,1711.0,1
51.5,9.8,26.0,27.7,934.0,0
73.3,2.9,25.6,15.7,2500.0,1
50.9,14.4,24.9,13.1,1750.0,1
70.7,4.0,32.1,32.2,968.0,2
50.0,1.0,30.0,26.0,239.0,1
30.8,1.4,21.4,5.9,1581.0,2
80.5,0.5,23.0,17.4,1877.0,1
89.4,2.7,19.6,12.7,1434.0,2
58.5,4.2,27.1,14.8,1053.0,0
34.3,3.5,24.0,25.5,1778.0,2
51.3,17.9,24.4,31.0,1176.0,1
60.3,2.2,24.3,32.2,1360.0,0
48.0,7.1,29.4,27.1,742.0,1
75.6,1.1,25.8,11.6,974.0,1
60.4,2.1,23.8,26.7,1284.0,1
75.8,5.8,26.7,33.5,1258.0,1
66.4,2.0,24.2,26.4,525.0,0
55.9,2.5,26.5,9.7,1188.0,0
55.6,1.0,26.9,25.7,1234.0,0
84.9,12.9,30.7,24.2,1019.0,2
32.2,1.2,25.4,14.3,1945.0,2
47.1,0.2,26.8,13.5,1854.0,0
61.4,35.0,33.0,14.2,327.0,2
55.8,1.4,25.0,19.6,1181.0,0
53.6,4.1,27.1,15.2,2173.0,0
41.4,0.7,21.9,27.1,2192.0,1
56.4,2.2,26.9,19.1,1025.0,0
57.4,7.6,29.7,17.9,1260.0,1
41.4,6.2,24.8,22.8,1441.0,0
59.6,1.3,27.6,6.9,2014.0,0
39.6,2.2,28.3,17.0,1021.0,1
50.5,0.0,24.5,26.4,2194.0,0
70.0,1.1,28.7,19.1,1394.0,1
65.4,33.8,27.0,7.0,1362.0,2
68.8,8.1,26.1,26.6,1660.0,1
69.4,7.5,28.1,28.1,986.0,1
53.9,14.5,27.2,17.5,993.0,1
68.6,3.2,23.7,34.4,402.0,1
67.7,10.5,26.2,8.2,1510.0,0
60.9,1.8,24.9,14.0,1668.0,0
47.2,0.7,25.9,16.7,853.0,0
24.7,27.1,21.3,33.6,1214.0,2
38.6,11.9,26.4,29.6,1450.0,0
70.2,5.1,31.9,11.8,1099.0,2
58.0,7.6,29.7,16.2,1050.0,1
62.0,4.1,24.5,6.7,1639.0,0
45.0,9.9,27.2,14.3,1511.0,0
56.9,4.9,23.8,23.2,1261.0,1
59.4,30.4,28.5,27.0,734.0,2
45.1,6.9,28.3,32.6,1206.0,1
60.9,0.1,30.7,12.7,2048.0,1
75.4,1.3,29.7,8.3,845.0,1
58.5,1.0,25.7,12.7,277.0,1
44.4,9.2,22.3,26.1,1118.0,1
54.6,17.9,30.1,30.7,325.0,1
48.2,26.1,23.2,5.6,1134.0,2
60.7,1.6,23.9,18.4,1338.0,1
46.2,5.1,26.4,15.1,1453.0,0
49.9,2.1,27.4,10.0,1618.0,0
61.6,22.4,26.6,25.7,748.0,2
44.0,8.1,20.0,14.9,1327.0,2
58.6,4.4,31.5,26.8,0.0,2
58.9,6.6,27.4,10.2,908.0,0
48.5,0.5,29.2,6.9,1232.0,1
64.6,1.8,24.8,6.2,1551.0,0
60.5,50.0,26.0,18.8,760.0,2
46.9,14.2,25.9,13.6,912.0,1
54.2,4.9,23.5,18.6,1390.0,1
29.1,39.8,22.0,18.9,1571.0,2
57.7,23.6,24.1,5.1,1075.0,2
55.9,3.1,28.9,15.3,526.0,1
63.1,6.7,21.9,31.9,1184.0,1
32.5,4.1,34.0,10.5,1733.0,2
46.6,7.6,26.7,22.9,2030.0,0
72.9,11.3,27.7,5.5,1120.0,1
53.5,0.3,29.4,8.4,1727.0,1
47.0,17.3,26.3,14.6,123.0,1
59.2,0.0,26.6,29.6,1664.0,0
51.0,10.1,25.9,24.6,1559.0,0
56.3,3.1,25.8,17.3,1594.0,0
32.5,0.4,25.6,26.9,1243.0,2
54.1,3.0,23.3,21.1,1195.0,1
27.1,1.2,24.7,28.7,1335.0,2
56.8,5.5,24.6,10.7,1047.0,0
77.6,14.5,24.4,32.2,1010.0,1
52.3,17.9,24.8,16.5,929.0,1
52.2,11.2,25.9,26.4,1687.0,0
61.2,6.1,29.0,5.1,1205.0,1
52.3,13.7,23.0,25.6,864.0,1
57.5,1.5,28.3,34.1,1707.0,1
35.2,4.2,27.7,28.4,949.0,0
50.6,4.4,27.9,23.5,1004.0,0
38.7,12.2,22.7,20.0,1525.0,1
63.8,5.5,30.7,31.1,1097.0,1
72.3,3.8,23.1,9.5,1025.0,1
33.7,1.6,28.2,25.5,1793.0,2
61.5,2.6,31.2,28.1,1197.0,2
49.2,44.1,25.8,9.8,1225.0,2
26.1,6.9,25.8,5.3,1302.0,2
61.1,5.9,20.0,13.0,1423.0,2
32.5,9.2,22.3,6.7,1264.0,2
40.5,2.4,21.8,16.3,1178.0,1
54.2,30.7,24.2,12.3,2.0,2
68.8,5.0,28.3,8.8,1494.0,1
50.5,11.1,26.8,20.6,1495.0,0
49.2,9.7,30.2,20.7,1170.0,1
73.0,2.9,29.4,29.7,1248.0,1
72.3,1.2,32.1,34.3,1084.0,2
46.7,6.9,29.1,17.3,1622.0,1
65.3,14.6,23.9,28.0,1454.0,1
56.2,2.8,25.7,27.3,2123.0,0
55.7,4.9,25.0,28.5,1647.0,0
60.7,0.8,24.3,11.8,2500.0,0
40.7,0.6,23.3,13.1,1647.0,1
39.8,11.3,20.6,9.4,1593.0,2
53.0,2.6,23.3,32.8,1705.0,1
61.1,10.8,22.7,14.6,1273.0,1
62.1,5.6,27.1,22.5,1450.0,0
58.8,5.6,27.9,10.3,1251.0,0
58.2,14.1,22.5,18.5,536.0,1
60.2,20.1,26.1,21.9,1154.0,1
60.3,7.2,26.5,21.2,1432.0,0
46.1,4.7,26.6,28.0,1240.0,0
54.7,0.6,26.2,8.8,8.0,1
73.2,3.2,26.8,5.1,1500.0,1
66.4,9.1,25.8,28.5,1299.0,0
56.5,6.9,25.3,22.7,2016.0,0
67.4,1.2,26.1,24.8,1129.0,0
54.2,9.2,26.0,18.3,1813.0,0
52.9,3.2,23.6,12.7,962.0,1
45.9,8.7,23.5,14.6,882.0,1
68.8,32.1,25.7,8.0,899.0,2
53.9,3.4,25.5,22.0,1127.0,0
85.1,2.0,28.4,23.3,1559.0,1
43.2,6.3,25.0,7.8,601.0,0
35.4,1.1,32.8,12.2,2112.0,2
52.7,10.2,23.7,11.4,512.0,1
50.7,2.4,30.6,8.6,737.0,1
49.4,31.0,21.4,31.5,1046.0,2
64.7,18.6,27.8,6.7,1730.0,1
68.6,0.2,22.3,28.2,648.0,1
65.2,3.0,25.2,15.8,1663.0,0
57.6,5.0,27.1,10.0,649.0,0
71.7,2.1,25.2,28.0,2457.0,1
54.7,6.4,28.4,22.0,1177.0,1
50.1,23.6,27.4,34.8,884.0,2
74.1,4.6,23.1,21.6,783.0,1
51.7,14.2,31.3,23.3,837.0,2
64.7,2.5,27.7,25.5,1068.0,0
60.8,23.5,27.1,15.9,1150.0,2
53.2,10.4,22.3,33.7,695.0,1
48.9,13.8,27.2,5.4,56.0,1
59.0,8.1,25.5,13.0,1655.0,0
50.7,4.8,30.4,16.0,1078.0,1
46.7,0.1,22.9,15.1,1434.0,1
31.9,15.6,29.4,18.0,1770.0,2
63.1,1.0,30.5,11.9,979.0,1
66.3,20.0,23.5,26.6,1222.0,1
61.1,4.4,22.9,25.5,1621.0,1
36.0,31.0,23.8,7.5,603.0,2
69.2,17.5,20.8,18.4,1141.0,2
46.6,7.7,21.4,24.8,743.0,1
55.0,11.4,30.5,34.8,1563.0,1
74.2,22.8,24.3,20.3,1019.0,2
45.2,0.2,28.1,18.9,922.0,1
45.8,30.5,29.7,33.4,934.0,2
69.0,8.7,30.1,17.5,961.0,1
48.3,0.5,26.3,26.5,1350.0,0
58.8,0.1,36.2,28.3,1412.0,2
57.2,2.0,28.5,19.9,1430.0,1
31.4,20.1,25.2,20.5,701.0,2
72.5,8.9,19.3,21.7,1970.0,2
60.5,3.0,27.4,9.2,1007.0,0
49.2,0.8,21.6,10.5,1069.0,1
60.5,8.0,21.5,34.8,902.0,1
43.7,3.6,25.3,19.9,1599.0,0
67.6,4.5,28.3,16.1,1402.0,1
50.8,4.8,27.9,22.1,0.0,1
57.5,2.9,31.0,21.0,2259.0,1
64.8,4.7,25.3,12.4,2040.0,0
72.5,11.6,27.0,28.4,1665.0,1
36.1,2.2,23.3,33.2,982.0,1
38.9,10.2,25.3,14.4,1629.0,0
52.7,4.2,24.5,27.3,821.0,0
48.8,2.7,27.5,6.7,1479.0,0
49.8,1.5,30.6,27.5,1283.0,1
71.0,1.8,26.8,27.2,1345.0,1
53.5,0.6,24.7,28.8,1882.0,0
53.6,2.6,28.0,33.4,1345.0,1
44.2,0.2,25.0,15.7,1050.0,0
51.8,0.6,27.3,18.4,1229.0,0
81.8,3.7,26.4,32.6,1449.0,1
78.1,7.6,23.9,33.9,922.0,1
42.2,8.3,29.1,32.5,1260.0,1
59.0,1.9,23.8,26.5,2036.0,1
50.3,2.8,26.5,25.0,605.0,0
47.0,20.9,23.3,30.9,469.0,1
57.6,0.9,25.9,22.9,1580.0,0
62.4,5.4,22.9,15.4,1309.0,1
47.7,2.8,24.4,33.1,1740.0,0
64.6,12.3,24.0,6.9,1728.0,0
52.9,5.8,27.2,18.6,1349.0,0
42.0,4.0,28.8,13.9,2065.0,1
49.5,0.9,23.5,5.7,1452.0,1
46.5,0.5,23.8,14.8,1034.0,1
43.6,10.7,31.6,12.3,1412.0,2
32.1,4.3,19.2,21.4,1313.0,2
66.8,6.3,28.3,20.6,1557.0,1
68.3,10.3,25.8,27.7,962.0,1
57.2,0.9,24.9,6.4,1947.0,0
65.0,39.2,21.1,12.9,795.0,2
46.4,4.2,20.1,25.2,1729.0,2
52.9,16.9,24.1,13.8,1278.0,1
57.8,21.4,24.2,26.0,998.0,1
34.0,3.5,17.3,29.9,1162.0,2
62.2,1.1,27.1,8.0,924.0,0
41.2,4.4,24.4,21.0,1520.0,0
45.0,0.2,31.5,19.1,1478.0,2
44.4,0.5,25.1,19.4,1874.0,0
44.9,6.0,26.4,27.0,956.0,0
53.8,8.3,25.8,17.8,1604.0,0
57.5,25.3,23.9,19.2,1047.0,2
63.7,3.5,28.5,9.9,882.0,1
59.0,17.4,26.0,6.7,1086.0,1
46.8,1.3,25.9,28.5,1473.0,0
62.1,1.4,27.7,12.3,925.0,0
43.7,0.9,19.1,25.2,2017.0,2
66.9,0.8,27.7,18.0,2154.0,0
44.7,9.3,24.1,9.7,894.0,0
54.5,35.9,24.8,32.2,1663.0,2
70.2,3.5,24.6,23.3,1300.0,1
57.4,15.4,28.8,33.7,1076.0,1
57.9,12.1,25.6,21.0,1675.0,0
46.2,5.7,27.1,13.2,1915.0,0
50.6,0.5,28.4,6.5,1073.0,1
46.6,0.9,26.6,22.4,605.0,0
59.7,17.6,24.8,25.1,964.0,1
51.5,16.8,32.2,9.5,2153.0,2
56.4,15.1,25.1,19.3,674.0,1
50.8,3.3,24.0,23.8,1389.0,1
50.6,16.6,29.2,14.3,643.0,1
70.2,15.4,26.5,11.4,1163.0,1
70.2,3.1,26.8,23.3,1349.0,1
51.8,1.0,21.8,27.3,1145.0,1
33.1,2.6,21.2,35.0,1895.0,2
54.4,20.0,29.0,14.9,712.0,1
48.5,7.1,30.7,26.4,1800.0,1
58.8,20.8,26.2,5.6,1283.0,1
49.3,3.9,24.8,29.5,1308.0,0
51.1,16.7,24.5,10.9,456.0,1
65.6,22.5,29.1,16.1,1136.0,2
55.7,5.7,25.0,34.1,881.0,0
58.4,1.2,24.7,30.6,1583.0,0
61.5,40.1,27.5,31.7,367.0,2
46.5,0.9,23.0,24.3,1514.0,1
70.8,7.0,23.9,33.5,1579.0,1
48.7,1.7,21.0,15.2,1901.0,2
64.6,5.7,28.3,12.9,1507.0,1
52.5,13.8,22.1,12.2,1371.0,1
43.8,15.5,23.9,21.4,570.0,1
31.9,9.7,20.1,13.6,388.0,2
59.3,1.5,23.6,25.4,2441.0,1
54.3,16.7,28.0,5.6,997.0,1
49.5,9.8,26.7,10.8,2441.0,0
74.5,3.1,27.2,18.5,2208.0,1
47.9,38.7,29.2,21.7,471.0,2
54.9,7.1,23.4,6.1,1377.0,1
53.9,4.4,24.9,13.4,558.0,0
56.5,21.7,20.4,7.4,528.0,2
61.6,13.4,27.2,33.7,566.0,0
44.0,4.1,25.7,5.8,1299.0,0
40.6,41.3,28.7,5.5,1215.0,2
44.0,10.2,22.2,22.1,1339.0,1
52.2,5.4,21.0,9.8,1330.0,1
56.9,4.0,27.7,23.0,214.0,1
65.6,6.5,25.4,9.9,2297.0,0
62.1,1.9,25.2,28.8,199.0,1
73.3,0.8,21.1,21.9,1128.0,1
60.1,14.8,26.4,30.7,525.0,1
23.8,7.0,22.4,16.2,1495.0,2
59.3,7.6,22.9,29.5,1326.0,1
43.9,2.0,26.7,29.4,2071.0,0
66.5,3.3,24.5,21.5,802.0,0
51.9,0.3,27.6,19.1,874.0,0
53.8,4.6,28.4,32.9,1649.0,1
48.1,2.7,21.2,32.3,1212.0,1
71.7,34.3,26.4,21.9,288.0,2
45.7,23.3,28.0,31.9,54.0,2
83.7,5.7,27.5,11.4,1691.0,1
71.1,5.6,24.7,11.9,1786.0,1
71.1,0.4,24.6,10.5,2021.0,1
51.7,0.8,26.2,22.1,2250.0,0
37.2,15.3,28.1,26.8,660.0,1
59.3,5.5,31.0,28.9,1565.0,1
48.6,11.9,27.6,29.8,1433.0,0
56.1,11.6,29.1,9.9,1144.0,1
46.4,0.2,23.1,10.2,1603.0,1
54.4,28.5,30.8,30.3,1209.0,2
50.7,3.2,28.6,30.1,1437.0,1
50.1,20.5,24.3,29.1,1534.0,1
69.9,19.1,27.0,34.7,1293.0,1
45.6,5.6,23.0,7.7,1516.0,1
28.0,5.8,29.2,12.2,1405.0,2
64.0,5.1,25.2,16.7,1690.0,0
47.7,15.7,28.6,30.3,1055.0,1
59.7,50.0,29.0,24.5,554.0,2
49.3,13.1,28.5,26.6,1308.0,1
60.4,26.0,31.5,17.5,1164.0,2
54.7,8.8,29.6,12.4,1348.0,1
50.4,12.0,27.2,21.1,352.0,1
71.0,1.9,26.3,20.7,1154.0,1
57.8,12.7,26.4,7.2,1454.0,0
44.9,3.1,27.0,6.7,555.0,0
50.8,37.6,26.0,6.2,941.0,2
53.1,0.4,29.4,15.7,1103.0,1
63.7,10.8,26.5,33.7,694.0,0
55.5,22.2,24.3,28.1,1407.0,2
62.3,1.2,25.1,27.8,1949.0,0
60.1,0.0,24.2,26.4,1566.0,0
56.6,39.7,26.8,25.6,939.0,2
48.6,1.2,26.8,20.7,1306.0,0
60.4,5.0,27.7,7.8,1801.0,0
59.3,5.6,24.7,22.1,995.0,0
44.9,2.9,31.7,30.9,583.0,2
49.7,1.6,24.8,13.1,826.0,0
65.1,4.5,23.3,21.7,1296.0,1
58.1,0.3,28.3,23.8,1956.0,1
81.3,0.2,33.8,25.2,1699.0,2
54.0,1.4,30.0,20.9,486.0,1
83.7,10.4,29.0,26.5,1057.0,1
50.2,3.0,27.4,30.5,1705.0,0
70.7,2.2,23.1,14.5,1394.0,1
66.7,13.5,26.9,7.6,863.0,0
53.9,4.1,28.3,33.2,846.0,1
84.1,3.7,27.2,34.8,1421.0,1
57.1,2.8,24.8,26.4,1451.0,0
68.4,5.1,26.9,16.9,775.0,1
37.9,2.3,23.5,33.5,1399.0,1
60.0,50.0,25.0,15.6,711.0,2
43.0,14.1,22.8,22.9,2108.0,1
45.0,4.3,23.1,5.8,525.0,1
42.5,1.8,25.8,20.3,1188.0,0
59.8,13.5,25.5,7.8,1339.0,0
55.0,4.4,24.9,18.4,1856.0,0
24.4,10.7,25.8,25.4,260.0,2
52.7,7.7,29.0,5.1,1822.0,1
63.3,4.0,26.8,20.7,2075.0,0
71.8,8.6,27.5,27.3,1217.0,1
43.8,12.2,33.6,26.9,1561.0,2
74.8,2.6,24.1,16.9,1057.0,1
44.8,1.8,20.7,20.9,739.0,2
65.4,2.3,24.2,19.0,1973.0,0
59.6,13.5,24.9,26.8,1626.0,0
37.0,3.5,24.1,31.1,803.0,0
51.0,16.8,28.1,11.2,1283.0,1
27.8,6.0,23.6,11.1,693.0,2
61.3,13.4,28.5,29.6,1052.0,1
65.0,17.7,26.0,29.4,1249.0,1
54.5,1.0,29.1,8.4,1584.0,1
48.1,50.0,26.7,22.6,757.0,2
67.0,10.8,24.8,14.2,1577.0,0
69.2,18.9,26.5,9.6,636.0,1
66.2,44.3,22.9,16.9,619.0,2
37.2,9.0,28.1,22.7,1645.0,1
42.2,0.7,18.2,34.5,1292.0,2
68.5,0.2,24.3,27.2,1748.0,1
47.6,1.2,25.3,26.1,2273.0,0
41.7,6.2,24.8,15.3,949.0,0
64.0,16.3,23.5,19.3,1034.0,1
78.6,1.4,26.9,19.6,1267.0,1
54.6,4.5,27.2,24.2,745.0,0
73.6,2.9,27.7,22.1,1181.0,1
50.2,2.5,19.9,27.1,518.0,2
42.2,9.7,27.5,34.7,917.0,0
72.8,3.1,26.9,34.5,629.0,1
64.7,9.3,27.4,23.0,1890.0,0
46.0,13.8,24.3,18.3,1381.0,0
70.0,4.1,22.7,11.0,2208.0,1
72.8,0.3,20.5,26.2,1037.0,2
47.1,4.8,29.0,10.6,1031.0,1
66.3,15.9,27.9,17.0,1743.0,1
46.6,39.3,22.8,18.9,376.0,2
23.9,1.6,19.7,12.6,1121.0,2
38.4,5.9,21.6,17.0,1428.0,1
68.3,8.9,23.7,13.1,1477.0,1
62.9,4.8,26.1,9.9,1830.0,0
51.4,7.9,24.4,23.5,898.0,0
72.8,5.0,24.8,8.9,2500.0,1
86.9,4.7,24.6,8.8,695.0,1
37.9,18.5,23.7,32.3,750.0,1
48.2,0.5,26.0,23.1,1361.0,0
51.6,9.5,24.1,19.4,1224.0,0
54.5,0.3,23.8,27.2,2020.0,1
59.3,27.3,25.9,6.4,1818.0,2
64.1,10.7,22.5,32.8,921.0,1
58.0,38.5,31.5,16.0,395.0,2
49.3,0.6,26.1,30.1,346.0,1
35.0,8.0,25.9,33.8,1201.0,2
56.5,4.9,28.4,11.7,1683.0,1
57.2,48.5,26.3,31.6,835.0,2
53.9,26.0,30.2,22.3,1450.0,2
45.6,0.9,25.4,11.6,1125.0,0
53.8,0.8,20.8,19.1,1191.0,2
51.4,22.1,26.1,31.2,703.0,2
61.8,37.8,25.9,14.4,937.0,2
54.5,21.0,27.2,7.0,1043.0,1
69.0,16.8,23.6,22.9,750.0,1
62.4,11.3,30.3,17.7,958.0,1
45.2,4.6,28.3,22.5,1418.0,1
61.5,2.4,31.5,29.0,1501.0,2
56.0,0.3,26.1,14.7,1451.0,0
54.4,23.9,26.4,16.9,1262.0,2
35.9,9.9,16.0,28.8,472.0,2
52.7,0.3,23.9,13.7,1554.0,1
42.0,1.2,24.2,7.1,1802.0,0
47.7,3.7,29.3,6.3,1690.0,1
47.0,17.9,29.5,21.2,1494.0,1
43.2,0.4,24.3,22.5,1164.0,0
53.2,11.4,22.4,9.0,1125.0,1
40.5,23.4,28.5,34.9,1620.0,2
60.1,8.4,22.0,12.2,871.0,1
56.4,15.1,26.9,34.7,924.0,1
54.9,0.7,22.5,21.3,1855.0,1
50.1,3.1,26.8,11.7,1159.0,0
77.2,0.9,26.7,8.2,1631.0,1
57.8,0.6,22.6,10.6,489.0,1
47.7,8.4,26.9,30.4,1814.0,0
54.6,5.5,28.5,6.6,910.0,1
39.1,1.9,29.9,26.5,375.0,1
54.5,4.6,31.9,10.9,2460.0,2
71.3,5.1,26.0,25.8,1425.0,1
54.0,18.0,25.7,16.9,1027.0,1
47.8,16.7,26.8,22.8,599.0,1
63.9,0.9,22.3,18.2,1279.0,1
68.0,3.2,26.2,31.7,1791.0,1
77.0,3.2,22.8,28.1,864.0,1
48.3,3.0,24.4,33.0,594.0,0
68.4,1.0,19.5,8.4,1151.0,2
34.4,3.7,23.6,16.2,1338.0,2
62.3,1.2,26.7,6.2,1364.0,0
73.5,7.8,27.9,25.2,1616.0,1
50.1,9.0,28.2,18.0,1368.0,1
50.7,4.8,24.1,35.0,1140.0,0
57.9,8.1,24.6,23.4,975.0,0
54.2,3.5,24.9,17.6,1388.0,0
60.9,27.9,27.4,9.4,1177.0,2
75.5,7.7,29.8,5.4,1559.0,1
62.9,14.2,23.6,8.2,1128.0,1
54.5,9.0,24.5,11.7,1717.0,0
44.8,50.0,27.8,20.1,850.0,2
75.8,17.0,24.1,31.8,1326.0,1
59.0,5.0,24.5,28.3,1449.0,0
44.8,2.8,22.6,21.2,2166.0,1
75.9,17.8,26.5,29.2,399.0,1
61.2,1.1,24.0,8.6,1736.0,1
73.8,0.0,29.5,8.7,1345.0,1
45.2,32.5,22.7,14.2,1116.0,2
41.9,16.3,30.4,34.4,2224.0,1
63.0,0.5,23.9,31.4,2081.0,1
48.2,1.3,32.5,33.7,894.0,2
86.5,30.0,24.6,9.6,725.0,2
45.5,7.1,22.9,11.3,1380.0,1
64.5,12.8,29.3,30.2,376.0,1
45.8,0.1,26.5,28.4,1713.0,0
60.9,0.2,27.2,29.9,1457.0,0
58.6,2.7,27.0,15.2,1290.0,0
45.9,4.3,26.2,9.3,1931.0,0
52.2,7.9,32.2,31.4,772.0,2
37.5,1.4,29.6,23.6,664.0,1
37.7,2.8,21.2,18.4,1233.0,1
47.0,28.8,29.6,20.3,716.0,2
69.0,2.5,21.0,21.8,1158.0,1
55.7,6.4,24.2,30.0,1308.0,0
70.9,27.4,27.7,23.6,686.0,2
73.6,1.8,26.8,31.8,2500.0,1
30.8,4.3,25.7,8.4,2347.0,2
51.5,14.2,25.0,10.5,820.0,1
49.2,14.8,30.2,7.2,958.0,1
32.7,9.3,28.2,30.3,1613.0,2
55.0,0.4,24.9,23.4,1674.0,0
77.1,8.7,30.4,31.2,24.0,2
62.3,3.6,21.2,9.1,1176.0,1
53.5,0.2,26.2,31.5,2166.0,0
56.6,2.6,29.0,26.3,2500.0,1
64.9,50.0,26.2,7.2,0.0,2
75.3,0.4,24.5,20.4,1446.0,1
37.2,26.9,30.3,23.9,1344.0,2
58.1,39.5,28.3,19.5,480.0,2
37.9,0.3,24.3,20.2,1689.0,0
44.2,0.9,27.8,24.2,768.0,0
44.3,23.5,22.2,5.0,369.0,2
58.6,4.6,24.5,10.2,935.0,0
61.2,6.7,26.4,23.3,1569.0,0
60.5,5.8,25.6,31.5,621.0,0
55.0,6.0,26.7,12.7,825.0,0
37.4,11.3,25.7,8.9,1094.0,0
58.3,16.0,27.2,33.0,1274.0,1
51.0,9.6,24.8,8.7,1098.0,0
61.0,0.3,23.7,23.6,822.0,1
75.2,25.9,24.4,21.0,394.0,2
52.5,15.7,24.4,17.5,360.0,1
67.1,3.4,26.8,16.2,1958.0,0
43.2,11.2,29.6,15.9,376.0,1
46.0,3.7,26.2,14.6,1472.0,0
74.7,13.2,24.9,24.8,1382.0,1
63.8,2.7,24.9,33.7,1372.0,0
49.2,2.6,21.2,14.8,1533.0,1
64.2,4.1,22.2,6.4,1485.0,1
61.6,6.7,29.1,14.7,1766.0,1
57.5,6.8,25.3,29.5,1120.0,0
42.4,0.1,24.9,31.4,1562.0,0
49.5,1.9,23.6,30.4,917.0,1
67.6,5.6,24.6,18.7,1115.0,0
69.9,4.0,28.8,5.2,1751.0,1
56.8,4.0,21.2,21.7,1568.0,1
73.1,9.1,25.8,17.3,734.0,1
61.7,10.7,22.1,17.1,1067.0,1
61.8,19.9,34.1,29.6,1348.0,2
73.6,1.8,23.7,11.4,1738.0,1
55.0,0.6,24.1,17.0,1990.0,0
51.1,3.5,24.2,29.6,2063.0,0
46.3,4.1,26.5,34.9,2071.0,0
35.6,4.3,22.9,8.7,1589.0,1
54.2,12.3,30.4,32.0,985.0,1
68.8,11.1,24.3,10.7,1804.0,1
51.5,3.9,23.9,27.2,1405.0,1
80.0,8.3,24.8,5.8,1222.0,1
65.7,7.0,27.3,14.4,998.0,0
67.0,39.6,28.9,32.7,0.0,2
37.8,1.3,26.6,12.3,1270.0,0
70.4,22.8,28.6,13.8,976.0,2
58.6,2.6,26.3,28.4,877.0,0
39.3,3.3,28.1,31.1,1140.0,1
59.4,6.7,26.2,13.3,1744.0,0
44.3,8.8,26.8,14.1,1376.0,0
64.0,5.1,23.3,25.6,1454.0,1
66.1,8.8,23.9,25.3,1470.0,1
47.7,1.5,25.3,15.2,911.0,0
51.2,7.5,30.4,7.0,1101.0,1
60.9,2.3,28.5,15.2,1243.0,1
73.3,19.0,24.8,32.6,1959.0,1
68.1,6.7,21.7,25.7,1399.0,1
74.0,0.5,23.1,33.8,1305.0,1
56.9,5.1,24.8,5.3,1213.0,0
47.2,29.5,23.2,18.3,654.0,2
64.2,8.4,27.3,18.2,760.0,0
67.7,0.4,23.3,31.0,1249.0,1
52.2,0.7,23.6,5.2,1731.0,1
66.2,3.3,25.6,33.8,1599.0,0
69.0,0.5,23.6,17.9,1089.0,1
44.5,15.0,28.6,10.8,499.0,1
31.5,4.9,31.5,21.4,1470.0,2
46.2,6.9,27.8,9.8,886.0,0
71.9,2.9,29.1,26.4,1653.0,1
43.1,3.6,30.1,31.2,1085.0,1
37.4,0.7,26.1,30.3,1124.0,0
46.6,2.6,25.7,17.2,689.0,0
66.9,5.7,26.1,30.0,811.0,0
64.6,4.7,28.2,19.5,1099.0,1
67.6,2.3,23.5,21.6,964.0,1
43.9,17.5,26.0,25.0,978.0,1
68.1,1.2,27.5,18.3,1514.0,1
42.3,9.2,21.0,16.8,1172.0,1
65.4,17.6,28.0,7.5,663.0,1
51.4,5.0,27.0,17.0,417.0,1
59.7,1.1,31.8,18.6,1563.0,2
58.7,5.5,24.9,34.0,1055.0,0
62.0,10.7,31.1,13.7,1070.0,2
45.4,18.9,23.4,18.7,897.0,1
61.5,4.7,26.5,23.7,936.0,0
65.9,9.1,19.8,7.4,2045.0,2
61.8,6.4,29.6,12.0,1832.0,1
49.5,1.5,23.2,32.2,717.0,1
46.7,2.0,26.7,20.3,1067.0,0
67.2,7.0,25.2,5.5,1415.0,0
31.5,10.9,25.5,18.6,1807.0,2
65.8,50.0,31.2,26.6,513.0,2
60.0,15.6,24.1,29.9,676.0,1
49.8,2.7,25.5,27.0,1077.0,0
57.1,13.8,32.6,12.7,1627.0,2
56.1,13.0,23.3,30.0,1202.0,1
61.2,0.6,29.2,8.8,1472.0,1
58.0,4.3,22.2,9.3,1385.0,1
60.1,8.5,27.6,6.8,1500.0,0
56.8,4.3,31.3,19.5,1528.0,2
48.5,1.3,20.5,31.1,1852.0,2
45.2,11.5,24.0,22.2,642.0,0
65.5,6.3,23.3,14.9,1520.0,1
49.5,3.9,27.6,5.7,2122.0,0
72.0,2.5,24.9,32.7,1621.0,1
62.2,0.9,27.1,8.2,1249.0,0
66.9,1.0,30.0,32.1,1183.0,1
51.8,10.3,28.5,29.6,1244.0,1
40.7,2.7,23.5,28.2,1375.0,1
70.8,5.3,21.5,7.5,1397.0,1
60.8,0.9,25.4,8.0,1024.0,0
51.1,10.3,23.1,33.2,637.0,1
57.8,0.4,24.8,26.2,1385.0,0
66.2,6.7,19.5,27.5,1333.0,2
32.1,0.2,27.7,34.4,845.0,2
48.1,22.7,25.3,26.0,367.0,2
62.7,5.6,27.8,24.1,1892.0,0
60.6,50.0,21.9,32.4,609.0,2
43.3,38.2,31.5,15.9,977.0,2
75.3,16.8,32.4,33.6,1296.0,2
54.9,18.6,27.5,7.8,431.0,1
50.2,1.6,22.9,32.6,1667.0,1
61.4,6.2,31.1,8.7,965.0,2
43.1,2.5,28.7,21.3,1687.0,1
63.3,5.0,25.0,23.3,872.0,0
70.1,19.4,25.8,28.8,785.0,1
68.6,1.4,26.5,28.3,1332.0,1
51.2,9.1,24.1,10.7,1657.0,0
50.9,3.1,27.1,30.4,1324.0,0
57.1,10.9,26.4,34.5,1610.0,0
57.3,6.1,25.3,30.7,801.0,0
59.0,3.1,23.7,27.4,1762.0,1
48.6,13.0,26.9,26.9,1932.0,0
37.4,20.9,28.6,33.5,492.0,1
46.3,1.3,26.3,6.0,799.0,0
51.8,0.7,24.4,10.1,837.0,0
44.8,7.5,25.0,26.1,1869.0,0
57.3,5.5,30.1,7.1,1656.0,1
51.4,15.1,25.7,21.8,1950.0,1
51.1,1.1,26.6,11.2,1053.0,0
60.4,1.7,20.6,19.8,1961.0,2
46.0,0.9,28.9,8.4,1794.0,1
55.4,16.3,23.2,5.7,1384.0,1
58.1,1.1,31.1,17.7,1889.0,2
66.6,10.1,25.1,7.8,343.0,1
59.8,38.2,31.4,24.0,569.0,2
55.5,3.3,29.2,24.9,1630.0,1
28.3,3.1,28.5,32.2,984.0,2
60.1,2.1,22.7,25.0,2086.0,1
66.6,0.7,23.1,28.2,1050.0,1
61.9,21.1,24.5,30.3,453.0,1
71.7,0.2,25.1,25.3,1608.0,1
59.4,2.2,28.2,13.6,1428.0,1
61.2,0.1,24.4,8.3,1496.0,0
54.1,9.6,25.1,12.6,956.0,0
51.4,0.0,26.5,20.0,1959.0,0
57.4,2.4,23.6,7.4,1813.0,1
50.0,1.1,23.7,35.0,1395.0,1
53.8,1.8,24.9,34.3,1619.0,0
57.8,6.2,24.6,23.0,672.0,0
60.0,17.7,31.3,9.2,954.0,2
74.4,49.4,26.9,16.0,333.0,2
61.1,2.2,28.6,8.8,552.0,1
58.5,0.2,25.6,24.9,1829.0,0
59.6,25.1,27.0,29.3,493.0,2
42.8,9.9,30.2,27.7,998.0,1
46.3,5.3,30.2,17.8,1075.0,1
72.0,2.1,21.3,12.2,1285.0,1
69.5,3.2,23.8,20.9,1454.0,1
38.7,5.1,19.8,9.9,2182.0,2
35.2,30.3,26.1,21.9,1380.0,2
59.7,2.2,24.1,15.3,1579.0,0
49.3,0.4,29.1,32.2,1410.0,1
60.0,0.5,26.6,17.2,1479.0,0
41.7,6.5,30.5,20.2,1231.0,1
62.7,23.8,27.6,28.0,548.0,2
57.0,7.4,29.4,20.6,1638.0,1
48.0,2.0,27.4,33.1,1786.0,0
59.1,1.5,26.3,25.2,1055.0,0
64.2,4.5,24.2,25.5,2010.0,0
64.6,5.1,26.4,19.2,1037.0,0
52.5,7.6,27.7,27.7,1579.0,0
72.5,4.9,27.8,34.9,1143.0,1
52.8,4.1,23.7,8.0,1759.0,1
53.8,0.8,24.1,11.7,1785.0,0
50.1,6.6,27.0,16.5,1786.0,0
50.7,33.4,28.5,30.2,103.0,2
69.2,9.8,23.7,24.3,846.0,1
57.8,15.4,26.5,30.4,1021.0,1
51.1,3.9,27.4,7.2,1087.0,0
73.2,11.1,25.8,34.8,875.0,1
49.4,3.4,29.9,15.0,2270.0,1
77.5,13.6,24.8,8.0,1172.0,1
61.4,1.4,25.1,28.0,1380.0,0
51.2,9.5,26.3,21.2,1966.0,0
64.7,0.8,24.2,15.9,1212.0,0
33.6,3.6,23.6,18.6,1365.0,2
60.0,0.0,28.3,28.0,1475.0,1
49.8,1.0,23.3,31.4,1171.0,1
40.2,1.0,25.6,14.8,1538.0,0
40.0,1.1,26.3,26.4,1433.0,0
84.8,7.0,23.2,15.8,1924.0,1
50.7,8.4,22.9,12.9,1294.0,1
66.3,9.2,23.8,15.8,1461.0,1
51.4,3.6,22.3,25.7,1728.0,1
51.6,1.6,25.8,13.7,678.0,0
54.6,0.8,26.4,24.4,846.0,0
52.1,6.2,23.8,15.9,1021.0,1
33.8,3.5,20.5,16.7,1680.0,2
47.3,11.5,30.0,9.2,1698.0,1
35.3,1.1,23.3,23.2,1857.0,1
66.2,5.2,28.0,28.9,1089.0,1
53.3,23.9,26.4,20.3,786.0,2
73.4,2.6,26.6,15.7,2236.0,1
71.3,7.9,24.8,34.1,766.0,1
80.1,10.6,23.9,20.5,1768.0,1
54.3,3.6,28.1,34.9,1213.0,1
69.0,32.9,30.6,9.6,339.0,2
41.7,6.3,18.1,14.8,1255.0,2
31.9,8.7,23.5,8.3,2134.0,2
74.2,1.6,25.5,10.7,860.0,1
68.1,6.4,23.6,15.1,1643.0,1
52.6,2.5,25.0,6.9,390.0,1
46.4,4.4,21.0,7.2,1379.0,2
48.5,2.7,31.6,9.1,1679.0,2
64.2,0.9,23.9,12.7,1695.0,1
60.5,29.0,27.9,27.5,678.0,2
51.9,4.0,27.7,32.0,1978.0,0
62.7,4.6,31.1,14.7,840.0,2
56.5,2.2,27.1,11.0,2261.0,0
39.3,10.2,26.7,31.1,1116.0,0
45.4,12.9,25.1,7.1,1045.0,0
47.9,3.7,24.6,12.7,517.0,0
62.7,5.5,25.5,22.5,1261.0,0
54.1,9.2,28.7,12.1,618.0,1
51.3,0.9,26.2,31.3,553.0,0
67.2,22.9,22.8,29.5,907.0,2
51.1,6.7,26.3,22.0,1170.0,0
54.4,2.7,26.1,25.7,1974.0,0
51.6,6.4,28.4,32.2,1796.0,1
70.3,0.4,29.1,16.9,1036.0,1
35.0,3.8,22.5,9.6,1119.0,2
60.5,6.0,24.6,19.3,2135.0,0
63.0,9.1,22.3,30.0,936.0,1
36.9,25.5,26.3,30.8,1173.0,2
53.5,11.7,26.2,8.1,1668.0,0
65.2,8.0,25.2,13.8,1135.0,0
71.9,1.6,20.3,21.2,787.0,2
55.6,2.7,27.0,23.4,1116.0,0
36.6,3.1,25.8,13.0,1772.0,0
69.2,0.0,24.7,6.4,413.0,1
55.9,6.9,29.9,23.3,1406.0,1
46.3,16.0,26.2,17.5,775.0,1
41.6,5.9,22.4,20.4,1178.0,1
54.6,7.3,17.4,34.8,1986.0,2
40.9,2.3,29.0,14.9,936.0,1
51.0,3.3,28.0,27.7,904.0,0
62.4,9.6,22.5,5.7,1752.0,1
25.7,18.8,28.7,18.2,1000.0,2
46.5,13.1,20.9,8.9,858.0,2
63.0,2.9,29.3,27.6,1831.0,1
53.5,9.2,29.2,5.8,1765.0,1
66.9,3.5,18.9,25.3,437.0,2
84.2,15.8,22.1,28.5,444.0,1
63.9,0.2,18.4,14.4,1771.0,2
74.7,1.0,29.2,32.3,1242.0,1
71.8,27.4,26.2,30.7,654.0,2
64.0,7.2,32.3,21.5,1146.0,2
79.6,12.6,26.9,28.0,1136.0,1
50.4,6.5,25.2,32.3,679.0,0
39.9,9.2,28.2,17.9,1986.0,1
44.1,4.3,24.0,16.0,2003.0,0
58.4,2.1,24.6,17.8,1799.0,0
64.1,15.1,23.3,25.7,0.0,1
69.7,0.2,24.0,20.1,1507.0,1
67.6,8.2,30.9,23.9,1018.0,1
61.5,1.4,22.3,19.9,1748.0,1
56.5,7.3,22.8,7.2,2062.0,1
52.8,2.9,30.0,17.0,1818.0,1
18.7,1.6,29.4,28.3,1581.0,2
61.3,6.5,17.5,6.7,1360.0,2
33.4,6.4,23.9,29.5,819.0,2
46.5,1.3,24.9,22.5,1039.0,0
66.7,13.2,33.4,24.8,607.0,2
57.6,1.6,29.2,18.1,1484.0,1
47.6,3.3,24.3,27.3,1476.0,0
82.2,6.6,25.6,31.3,1066.0,1
49.9,0.7,24.0,28.1,1638.0,1
59.9,0.4,23.2,15.3,1483.0,1
36.9,0.8,22.6,8.8,1552.0,1
61.3,23.6,28.2,32.0,676.0,2
42.2,8.9,27.0,24.6,2214.0,0
64.1,28.6,27.1,32.4,776.0,2
49.6,10.7,29.2,20.3,584.0,1
34.9,2.5,22.6,27.9,1921.0,2
71.9,0.9,20.6,8.5,1914.0,2
30.9,5.1,27.6,15.1,1787.0,2
59.8,3.9,24.4,25.2,1069.0,0
60.2,14.1,26.7,6.1,1801.0,1
47.8,4.0,27.8,7.0,980.0,0
43.0,2.8,29.6,25.0,1968.0,1
81.3,9.8,30.7,10.0,1919.0,2
42.8,0.2,27.1,21.5,1099.0,0
59.8,45.4,27.7,9.3,45.0,2
44.5,5.4,29.5,19.7,1320.0,1
61.8,17.4,29.4,33.0,914.0,1
63.6,1.5,28.7,15.1,1249.0,1
54.9,20.4,19.6,28.5,520.0,2
57.7,20.4,23.8,19.3,1289.0,1
51.9,14.4,28.7,21.3,1211.0,1
63.7,6.4,25.0,31.1,951.0,0
41.2,13.7,27.6,10.9,615.0,0
55.9,15.2,30.1,8.1,1343.0,1
57.3,17.4,25.4,25.8,684.0,1
59.7,13.1,25.0,11.6,705.0,0
67.3,10.9,26.8,34.2,948.0,0
62.5,0.1,24.7,10.5,1672.0,0
65.8,8.9,23.3,24.2,1235.0,1
59.4,3.5,27.5,15.6,1701.0,0
55.2,1.8,21.3,23.0,1203.0,1
43.3,11.6,16.3,18.3,2124.0,2
62.0,4.6,24.4,13.8,2343.0,0
66.3,7.3,27.2,31.4,1996.0,0
50.7,13.7,27.6,15.1,1762.0,0
54.6,2.8,30.7,7.0,1250.0,1
37.4,5.0,31.8,9.6,1457.0,2
49.4,5.3,25.8,16.7,1877.0,0
66.2,20.3,27.5,19.0,332.0,1
47.9,16.3,24.7,18.2,822.0,1
62.5,0.7,25.5,7.6,308.0,1
59.3,10.0,22.5,29.4,1943.0,1
57.8,50.0,24.6,15.5,642.0,2
41.9,1.8,21.9,14.7,1148.0,1
56.1,30.3,25.8,23.7,943.0,2
44.0,30.1,27.6,27.4,1310.0,2
46.6,4.2,24.9,22.0,833.0,0
57.0,18.0,31.4,5.7,751.0,2
55.4,26.4,28.0,8.1,499.0,2
39.6,0.3,21.6,17.9,784.0,1
65.8,12.5,21.4,23.4,566.0,1
64.0,1.8,32.7,22.6,1047.0,2
44.2,11.9,20.8,22.0,270.0,2
73.1,8.3,25.0,16.5,1799.0,1
41.8,0.7,25.1,6.4,1879.0,0
42.1,10.3,23.6,5.8,1193.0,1
44.4,2.1,28.0,5.2,1816.0,1
51.2,4.5,26.9,26.6,1723.0,0
62.8,0.5,27.7,34.3,2045.0,0
72.5,7.7,24.3,11.1,712.0,1
67.8,13.9,31.0,8.1,1831.0,1
77.0,4.3,22.6,9.8,678.0,1
38.2,8.0,27.1,11.1,996.0,0
39.1,47.1,21.9,17.1,550.0,2
71.6,6.7,24.1,11.9,1611.0,1
63.6,1.4,26.9,26.6,1425.0,0
75.6,0.1,30.5,14.3,2500.0,2
33.5,22.8,22.1,25.1,1340.0,2
66.7,12.0,26.8,27.7,1663.0,0
48.1,3.1,29.1,31.0,953.0,1
62.9,8.8,31.3,17.8,1734.0,2
35.1,13.5,24.9,28.6,1298.0,0
41.4,2.4,29.7,24.3,1784.0,1
37.4,0.8,26.6,5.4,1215.0,0
48.1,4.5,28.0,18.3,1986.0,1
68.8,3.9,29.0,32.0,1085.0,1
71.7,50.0,30.4,21.7,503.0,2
72.2,4.7,27.5,30.3,1160.0,1
49.0,4.5,29.2,16.3,1143.0,1
65.8,10.5,22.7,18.4,1315.0,1
48.5,9.7,23.6,26.1,392.0,1
40.6,4.1,26.3,17.8,1586.0,0
62.3,0.4,23.9,15.4,1222.0,1
78.5,1.8,28.6,27.5,1770.0,1
56.2,1.6,27.3,24.7,153.0,1
57.6,15.7,20.4,24.6,1334.0,2
55.0,0.0,31.9,10.5,991.0,2
43.7,22.7,18.5,11.4,704.0,2
55.8,6.9,24.7,30.5,1439.0,0
79.3,4.6,23.8,29.2,956.0,1
70.8,0.4,32.6,21.8,2142.0,2
54.8,13.2,23.1,18.1,374.0,1
63.7,17.9,26.6,16.7,1360.0,1
59.9,4.8,26.7,21.2,1182.0,0
40.3,0.3,24.6,23.9,1203.0,0
51.1,1.3,24.4,24.8,945.0,0
79.1,13.6,21.9,17.3,1431.0,1
61.7,0.0,22.5,34.5,1417.0,1
65.8,3.7,26.8,5.1,1673.0,0
45.0,9.1,27.7,29.1,920.0,0
33.9,1.7,27.8,11.4,1457.0,2
28.6,16.4,28.9,32.8,884.0,2
57.2,18.5,29.0,23.1,1962.0,1
52.3,1.4,29.4,26.0,1329.0,1
60.1,0.1,25.2,33.5,1550.0,0
54.4,15.4,27.3,32.3,818.0,1
58.7,9.4,24.7,7.9,2032.0,0
49.8,12.3,24.9,32.9,1487.0,0
47.2,0.2,25.8,32.3,847.0,0
53.5,14.1,23.6,20.2,1396.0,1
62.1,16.7,26.0,20.3,777.0,1
38.7,34.9,29.5,17.2,505.0,2
58.4,7.0,24.3,6.7,1002.0,0
71.7,0.6,29.7,33.1,1689.0,1
39.9,3.4,23.9,21.2,1526.0,1
31.8,3.7,24.7,22.6,1347.0,2
39.3,44.1,27.9,26.9,658.0,2
59.2,2.1,23.8,6.0,2068.0,1
51.6,11.8,26.1,31.0,1426.0,0
45.0,4.4,29.3,8.8,988.0,1
47.1,0.1,25.2,34.1,1445.0,0
71.4,19.1,25.7,5.4,1579.0,1
59.7,16.2,19.4,21.8,774.0,2
79.3,5.0,22.9,26.2,779.0,1
30.7,9.9,25.6,21.3,1060.0,2
42.4,11.4,30.2,24.4,494.0,1
48.4,1.9,32.1,32.9,696.0,2
66.0,8.6,19.1,32.6,2103.0,2
55.9,7.2,30.5,10.4,1932.0,1
52.3,6.0,25.5,27.2,1263.0,0
81.3,10.1,26.7,19.3,1817.0,1
56.9,0.4,23.5,33.9,1337.0,1
50.9,9.7,30.0,16.1,759.0,1
66.1,16.2,24.9,24.4,1116.0,1
60.0,0.6,29.7,34.5,1511.0,1
54.5,10.3,25.7,23.7,562.0,0
53.7,3.8,25.2,6.0,0.0,1
60.8,8.4,22.0,25.5,161.0,1
39.4,1.5,23.9,34.8,1018.0,1
45.2,4.3,23.6,13.7,1270.0,1
65.4,3.3,27.7,32.4,1219.0,0
65.8,9.3,20.3,5.1,1066.0,2
53.7,1.0,26.5,29.1,1200.0,0
60.3,6.9,29.8,16.8,1331.0,1
62.8,5.9,29.8,29.9,1838.0,1
42.3,29.1,27.8,18.2,1118.0,2
45.4,30.6,26.0,9.8,544.0,2
45.4,13.5,24.5,16.3,1227.0,0
51.8,3.9,25.6,28.2,1146.0,0
44.9,13.6,25.7,30.5,569.0,0
56.0,8.9,28.2,28.2,1534.0,1
58.6,5.0,28.3,9.2,794.0,1
14.1,4.3,22.9,22.9,1495.0,2
66.5,0.8,27.0,11.6,1661.0,0
47.2,4.3,23.8,34.6,1120.0,1
37.2,3.4,29.1,18.1,1913.0,1
61.9,7.8,26.3,34.1,1103.0,0
50.6,0.9,22.9,8.0,1083.0,1
36.8,3.9,27.1,29.9,1934.0,0
37.1,2.0,29.9,31.5,1631.0,1
44.6,5.3,23.5,7.9,1313.0,1
69.1,12.2,19.9,13.9,1380.0,2
57.0,2.3,21.7,32.1,0.0,1
68.5,4.4,29.5,13.3,1693.0,1
59.1,7.5,26.2,13.9,821.0,0
59.7,4.0,31.7,33.3,953.0,2
37.0,1.8,21.4,13.0,1008.0,1
48.8,12.5,26.2,29.1,2147.0,0
44.2,2.8,19.9,11.9,1278.0,2
40.5,1.0,28.0,18.5,1867.0,0
60.0,2.1,26.6,18.0,617.0,0
64.3,2.9,29.6,19.6,1222.0,1
43.5,3.8,24.1,27.3,532.0,0
46.4,10.2,31.5,13.1,498.0,2
40.0,29.5,25.6,17.5,1566.0,2
67.5,36.2,26.5,31.0,903.0,2
59.8,27.6,23.8,10.0,1195.0,2
71.5,9.1,25.1,16.9,1471.0,1
52.4,6.7,28.6,14.8,1100.0,1
67.2,9.6,27.0,9.2,2334.0,0
52.8,7.4,26.5,25.8,561.0,0
62.5,17.8,25.8,10.5,1323.0,1
56.1,9.7,26.5,31.4,823.0,0
47.6,19.5,24.4,19.3,1038.0,1
58.3,5.2,29.1,13.9,922.0,1
67.2,47.6,23.3,30.3,524.0,2
66.1,1.3,26.3,10.6,1900.0,0
63.8,0.6,26.5,12.9,1635.0,0
57.9,0.8,26.9,18.4,1276.0,0
44.0,19.3,25.0,18.7,490.0,1
74.5,9.2,23.2,15.1,0.0,1
47.3,39.0,24.5,26.4,1147.0,2
74.6,4.6,25.4,23.0,791.0,1
59.5,0.2,24.1,29.0,2017.0,0
69.6,6.4,20.8,6.0,1189.0,2
56.8,25.5,27.6,10.3,489.0,2
53.7,1.0,15.7,30.0,1553.0,2
63.3,2.1,25.9,15.8,2009.0,0
44.4,15.1,29.5,33.3,1439.0,1
64.0,2.7,22.9,32.0,1435.0,1
46.3,5.2,26.8,33.4,1374.0,0
76.4,2.6,25.6,16.7,1804.0,1
55.1,9.9,26.0,6.9,878.0,0
41.3,0.2,30.5,5.6,2363.0,1
63.2,4.4,26.1,17.0,1199.0,0
47.1,42.7,30.5,16.0,641.0,2
40.3,3.9,28.5,15.9,1654.0,1
81.3,12.3,23.6,27.1,1299.0,1
66.9,5.9,25.8,34.1,1279.0,0
48.7,1.0,26.6,32.2,2429.0,0
36.0,0.0,26.2,24.2,896.0,0
55.7,36.9,23.1,32.2,118.0,2
59.4,3.3,27.4,10.2,1282.0,0
41.9,9.5,26.7,33.3,1511.0,0
64.5,0.1,28.9,24.8,1562.0,1
65.2,5.8,23.7,21.7,1732.0,1
75.6,2.0,27.3,29.6,1171.0,1
56.8,0.6,28.4,16.7,2368.0,1
52.2,5.5,23.5,31.6,1115.0,1
65.6,0.6,24.2,6.2,1046.0,0
62.2,0.8,25.3,10.8,1598.0,0
50.1,1.8,25.6,19.5,2027.0,0
78.8,7.2,26.8,34.0,1259.0,1
67.0,8.9,32.8,15.0,1423.0,2
39.4,18.9,24.0,22.5,525.0,1
63.3,1.1,29.1,5.9,1865.0,1
48.8,2.0,26.6,13.2,1090.0,0
67.0,8.1,24.9,34.8,2427.0,0
45.5,0.3,28.3,22.1,2289.0,1
61.4,11.0,30.3,26.4,2378.0,1
44.5,1.2,26.5,24.1,1148.0,0
55.4,16.3,24.1,14.5,670.0,1
70.7,11.7,22.2,34.8,1415.0,1
44.9,8.4,22.9,31.3,2088.0,1
63.6,1.3,23.7,9.1,1523.0,1
50.7,17.6,28.4,14.7,684.0,1
36.3,0.2,25.7,31.6,1227.0,0
36.5,13.3,29.9,22.4,988.0,1
41.7,3.9,24.2,22.0,1368.0,0
42.7,6.2,20.6,23.3,1040.0,2
60.8,2.3,28.8,33.3,711.0,1
61.3,1.8,31.5,11.0,1849.0,2
58.5,12.3,22.9,10.5,1971.0,1
49.1,7.8,30.0,24.2,0.0,1
56.2,6.6,30.1,10.4,1663.0,1
51.4,2.6,28.9,18.8,1273.0,1
58.8,0.6,20.2,10.6,2013.0,2
88.7,4.5,25.1,6.6,1620.0,1
60.2,14.9,23.3,34.5,1654.0,1
54.0,16.2,29.0,8.1,987.0,1
79.8,15.7,26.8,28.2,1211.0,1
43.4,8.1,25.7,33.3,1644.0,0
64.0,0.2,19.8,32.5,0.0,2
83.3,3.5,25.6,21.0,1434.0,1
63.6,7.2,29.5,15.9,1233.0,1
61.3,2.6,23.5,31.4,1297.0,1
54.8,2.9,23.4,26.0,2010.0,1
71.4,45.6,26.3,23.6,710.0,2
69.6,7.2,24.0,34.3,278.0,1
51.4,9.9,28.0,10.4,2108.0,0
49.0,0.8,25.7,20.7,527.0,0
45.8,5.7,29.1,31.8,634.0,1
61.1,10.3,27.8,34.6,1306.0,0
74.2,31.8,25.4,19.9,666.0,2
57.2,2.9,25.1,27.6,1079.0,0
67.9,0.8,27.7,24.3,823.0,0
52.5,2.2,23.8,10.0,1463.0,1
67.6,3.1,29.0,34.9,1565.0,1
46.9,0.1,30.4,24.3,1371.0,1
55.5,8.2,28.7,25.5,1893.0,1
49.6,0.8,26.8,21.4,1362.0,0
33.7,4.3,28.2,8.1,678.0,2
20.4,2.8,25.2,9.5,1403.0,2
38.3,16.6,35.4,34.8,822.0,2
44.1,2.7,23.6,24.5,1448.0,1
65.9,0.7,24.1,33.0,1852.0,0
63.1,3.5,24.8,14.0,732.0,0
42.1,20.6,26.1,9.3,1262.0,1
66.4,11.6,23.5,33.4,2366.0,1
60.6,5.0,23.6,32.6,1548.0,1
59.9,0.8,24.3,24.0,830.0,0
33.0,8.8,24.9,20.4,1303.0,2
57.5,6.6,24.2,25.3,1640.0,0
63.1,8.2,27.3,34.4,1706.0,0
50.5,1.2,23.1,29.6,1309.0,1
30.8,26.3,27.5,25.3,368.0,2
62.5,6.0,23.3,25.9,1456.0,1
49.8,9.4,29.1,27.3,1433.0,1
40.5,4.9,24.1,5.5,824.0,0
57.8,16.4,26.1,20.1,1312.0,1
46.3,0.3,23.0,17.3,1693.0,1
55.9,7.7,25.3,26.2,993.0,0
46.8,11.3,25.5,8.3,928.0,0
42.2,3.2,24.0,11.3,1176.0,1
60.2,1.5,29.8,5.4,811.0,1
51.5,10.9,21.9,9.2,1721.0,1
46.0,1.3,31.0,21.4,1460.0,1
61.5,5.7,31.1,5.2,913.0,2
53.5,1.7,25.2,7.4,1107.0,0
49.2,4.7,26.1,26.6,338.0,1
56.9,5.5,27.6,16.5,1566.0,0
54.1,2.3,25.9,24.0,1472.0,0
76.6,11.5,28.4,18.1,759.0,1
66.5,1.7,26.8,15.0,1173.0,0
34.9,0.9,30.1,24.0,1963.0,2
55.7,6.4,21.0,22.4,2277.0,2
39.6,10.0,20.5,22.7,1527.0,2
58.7,6.0,27.5,20.7,687.0,0
58.2,12.0,32.1,19.0,3.0,2
52.7,11.7,28.2,6.1,1563.0,1
68.3,12.2,28.4,11.4,1008.0,1
47.8,4.3,24.9,33.8,1700.0,0
46.2,4.7,19.9,29.9,930.0,2
64.7,50.0,25.0,33.7,817.0,2
53.2,6.3,30.6,21.6,1270.0,1
61.7,5.2,27.3,30.6,1479.0,0
71.6,1.4,27.5,21.3,1658.0,1
60.2,7.4,22.6,18.7,1758.0,1
48.3,0.3,26.6,5.2,1554.0,0
54.6,3.6,30.9,6.9,1180.0,1
48.5,5.2,24.7,10.9,895.0,0
68.7,13.5,23.1,29.8,1285.0,1
51.8,10.6,20.5,17.5,1094.0,2
61.2,7.7,27.6,33.3,2386.0,0
68.2,4.8,29.1,5.7,1370.0,1
55.8,0.8,28.4,18.4,538.0,1
55.6,3.8,23.1,17.7,828.0,1
43.3,0.5,26.6,34.9,669.0,0
65.4,10.1,32.8,28.2,970.0,2
39.2,5.6,21.8,9.0,1506.0,1
51.2,0.9,24.3,19.2,0.0,1
36.4,9.4,24.9,20.6,1109.0,0
48.2,0.1,32.8,18.8,1371.0,2
28.7,11.1,29.5,18.0,1165.0,2
62.2,4.9,28.8,34.2,1023.0,1
60.5,2.0,19.6,22.4,1207.0,2
66.8,2.3,27.0,6.0,942.0,0
55.3,8.1,28.6,11.2,1119.0,1
56.2,0.4,27.1,25.7,1423.0,0
53.4,0.8,20.2,22.8,2500.0,2
35.9,3.5,26.9,25.9,1656.0,0
53.0,0.6,24.7,22.8,455.0,1
63.5,15.3,25.9,25.5,1252.0,1
56.4,3.4,21.3,16.8,1368.0,1
37.0,3.0,30.5,6.4,1807.0,1
64.5,5.4,26.9,18.3,1966.0,0
70.1,10.9,27.0,33.4,1278.0,1
30.7,10.1,25.2,6.4,1992.0,2
45.8,16.7,31.2,9.6,1058.0,2
58.1,18.1,29.9,21.6,1214.0,1
59.0,1.6,25.7,15.0,2271.0,0
39.1,3.3,28.8,7.7,1629.0,1
65.7,13.7,25.1,25.9,1680.0,0
61.6,7.7,22.6,19.0,1439.0,1
53.1,4.2,32.7,6.1,1021.0,2
56.2,22.9,30.0,19.4,621.0,2
56.7,3.5,25.7,16.5,1564.0,0
51.1,0.3,29.7,34.3,498.0,1
36.1,8.1,25.2,12.7,1642.0,0
54.5,0.9,28.8,34.4,1540.0,1
90.1,8.1,21.7,30.7,1487.0,1
55.9,1.2,25.6,30.2,1717.0,0
46.2,4.6,27.4,13.3,1792.0,0
65.9,0.6,30.7,16.4,1709.0,1
56.5,9.2,26.4,5.2,1999.0,0
75.7,17.0,23.3,7.8,1031.0,1
60.9,13.0,31.0,32.9,833.0,1
59.3,4.3,18.1,31.7,2012.0,2
41.2,2.6,24.2,15.9,1325.0,0
65.6,3.7,27.5,27.0,1594.0,0
64.0,5.7,29.1,21.8,1020.0,1
60.4,1.1,26.5,29.5,1204.0,0
65.2,8.8,27.9,14.9,1332.0,0
36.2,2.0,28.6,26.8,977.0,1
50.7,1.1,23.5,29.4,1331.0,1
57.5,5.2,29.1,19.9,1729.0,1
57.9,15.4,26.8,8.8,695.0,1
30.9,2.3,31.5,25.7,1469.0,2
53.5,5.9,29.4,7.7,1266.0,1
52.4,13.3,25.2,19.8,71.0,1
56.0,8.2,21.6,11.2,1272.0,1
79.4,3.4,24.3,9.2,1112.0,1
62.8,2.5,20.3,8.3,1058.0,2
76.2,9.7,21.3,19.9,1341.0,1
63.1,50.0,24.8,10.5,340.0,2
58.7,19.2,28.8,18.1,1077.0,1
61.2,10.0,28.9,17.5,1606.0,1
30.9,0.7,23.7,28.9,1933.0,2
64.4,9.2,26.0,24.1,568.0,0
70.2,7.5,28.8,28.4,1923.0,1
65.2,36.4,28.9,29.2,474.0,2
59.4,11.4,24.1,31.0,1846.0,0
22.9,1.6,25.5,14.7,974.0,2
40.8,18.3,25.0,17.1,1038.0,1
69.8,0.4,29.9,29.4,1084.0,1
39.2,2.0,27.7,8.2,956.0,0
61.1,19.6,26.3,19.2,723.0,1
76.5,8.5,26.3,31.1,1338.0,1
67.9,11.2,27.0,16.0,1921.0,0
56.8,10.7,26.5,8.6,1300.0,0
53.6,8.5,24.2,29.9,996.0,0
76.3,2.6,29.3,5.4,1605.0,1
64.0,9.9,28.1,31.6,957.0,1
38.0,9.1,28.0,28.4,1294.0,1
54.0,1.0,23.4,8.8,1251.0,1
58.8,30.8,24.8,22.9,718.0,2
53.3,4.6,24.0,19.1,1768.0,0
63.5,12.4,26.5,11.9,646.0,0
33.8,9.5,25.3,30.4,1682.0,2
45.2,5.8,22.5,21.2,1187.0,1
50.0,16.7,25.7,9.5,438.0,1
65.6,7.6,24.1,32.7,692.0,0
63.8,3.9,31.1,15.8,1417.0,2
45.9,3.3,28.6,28.9,378.0,1
45.6,9.6,28.1,12.9,1659.0,1
62.6,2.0,28.5,16.5,899.0,1
82.4,8.2,28.1,18.4,1480.0,1
62.2,8.3,31.2,9.9,920.0,2
71.8,10.7,29.0,23.6,1016.0,1
72.5,21.4,28.7,22.7,1090.0,1
77.3,3.9,23.3,30.4,1723.0,1
69.1,8.2,28.7,7.9,2489.0,1
70.2,6.3,23.8,11.8,782.0,1
52.2,8.9,25.4,25.9,420.0,1
40.8,19.0,22.4,25.3,1749.0,1
59.2,3.9,22.5,21.2,1540.0,1
55.0,35.5,29.1,7.7,411.0,2
60.4,26.1,24.6,22.8,239.0,2
35.9,31.9,23.2,32.4,1020.0,2
